

Microchip MPLAB XC8 Assembler V2.20 build 20200408173844 
                                                                                               Thu Jul 17 12:32:42 2025

Microchip MPLAB XC8 C Compiler v2.20 (Free license) build 20200408173844 Og1 
     1                           	processor	16F877
     2                           	pagewidth 120
     3                           	opt	flic
     4                           	psect	idataBANK0,global,class=CODE,delta=2,noexec
     5                           	psect	strings,global,class=STRING,delta=2,noexec
     6                           	psect	nvBANK0,global,class=BANK0,space=1,delta=1,noexec
     7                           	psect	cinit,global,class=CODE,merge=1,delta=2
     8                           	psect	bssBANK0,global,class=BANK0,space=1,delta=1,noexec
     9                           	psect	dataBANK0,global,class=BANK0,space=1,delta=1,noexec
    10                           	psect	cstackCOMMON,global,class=COMMON,space=1,delta=1,noexec
    11                           	psect	cstackBANK0,global,class=BANK0,space=1,delta=1,noexec
    12                           	psect	maintext,global,class=CODE,split=1,delta=2
    13                           	psect	text1,local,class=CODE,merge=1,delta=2
    14                           	psect	text2,local,class=CODE,merge=1,delta=2
    15                           	psect	text3,local,class=CODE,merge=1,delta=2
    16                           	psect	text4,local,class=CODE,merge=1,delta=2
    17                           	psect	text5,local,class=CODE,merge=1,delta=2
    18                           	psect	text6,local,class=CODE,merge=1,delta=2
    19                           	psect	text7,local,class=CODE,merge=1,delta=2
    20                           	psect	text8,local,class=CODE,merge=1,delta=2,group=1
    21                           	psect	text9,local,class=CODE,merge=1,delta=2
    22                           	psect	text10,local,class=CODE,merge=1,delta=2
    23                           	psect	text11,local,class=CODE,merge=1,delta=2,group=2
    24                           	psect	text12,local,class=CODE,merge=1,delta=2,group=2
    25                           	psect	text13,local,class=CODE,merge=1,delta=2,group=2
    26                           	psect	text14,local,class=CODE,merge=1,delta=2,group=2
    27                           	psect	text15,local,class=CODE,merge=1,delta=2
    28                           	psect	text16,local,class=CODE,merge=1,delta=2
    29                           	psect	idloc,global,abs,ovrld,class=IDLOC,space=5,delta=2,noexec
    30                           	psect	config,global,abs,ovrld,class=CONFIG,space=4,delta=2,noexec
    31                           	dabs	1,0x7E,2
    32  0000                     
    33                           ; Version 2.20
    34                           ; Generated 09/04/2020 GMT
    35                           ; 
    36                           ; Copyright © 2020, Microchip Technology Inc. and its subsidiaries ("Microchip")
    37                           ; All rights reserved.
    38                           ; 
    39                           ; This software is developed by Microchip Technology Inc. and its subsidiaries ("Microch
      +                          ip").
    40                           ; 
    41                           ; Redistribution and use in source and binary forms, with or without modification, are
    42                           ; permitted provided that the following conditions are met:
    43                           ; 
    44                           ;     1. Redistributions of source code must retain the above copyright notice, this lis
      +                          t of
    45                           ;        conditions and the following disclaimer.
    46                           ; 
    47                           ;     2. Redistributions in binary form must reproduce the above copyright notice, this 
      +                          list
    48                           ;        of conditions and the following disclaimer in the documentation and/or other
    49                           ;        materials provided with the distribution.
    50                           ; 
    51                           ;     3. Microchip's name may not be used to endorse or promote products derived from th
      +                          is
    52                           ;        software without specific prior written permission.
    53                           ; 
    54                           ; THIS SOFTWARE IS PROVIDED BY MICROCHIP "AS IS" AND ANY EXPRESS OR IMPLIED WARRANTIES,
    55                           ; INCLUDING, BUT NOT LIMITED TO, THE IMPLIED WARRANTIES OF MERCHANTABILITY AND FITNESS F
      +                          OR
    56                           ; PURPOSE ARE DISCLAIMED.  IN NO EVENT SHALL MICROCHIP BE LIABLE FOR ANY DIRECT, INDIREC
      +                          T,
    57                           ; INCIDENTAL, SPECIAL, EXEMPLARY, OR CONSEQUENTIAL DAMAGES (INCLUDING BUT NOT LIMITED TO
    58                           ; PROCUREMENT OF SUBSTITUTE GOODS OR SERVICES; LOSS OF USE, DATA OR PROFITS; OR BUSINESS
    59                           ; INTERRUPTION) HOWSOEVER CAUSED AND ON ANY THEORY OF LIABILITY, WHETHER IN CONTRACT, ST
      +                          RICT
    60                           ; LIABILITY, OR TORT (INCLUDING NEGLIGENCE OR OTHERWISE) ARISING IN ANY WAY OUT OF THE U
      +                          SE OF
    61                           ; THIS SOFTWARE, EVEN IF ADVISED OF THE POSSIBILITY OF SUCH DAMAGE.
    62                           ; 
    63                           ; 
    64                           ; Code-generator required, PIC16F877 Definitions
    65                           ; 
    66                           ; SFR Addresses
    67  0000                     	;# 
    68  0001                     	;# 
    69  0002                     	;# 
    70  0003                     	;# 
    71  0004                     	;# 
    72  0005                     	;# 
    73  0006                     	;# 
    74  0007                     	;# 
    75  0008                     	;# 
    76  0009                     	;# 
    77  000A                     	;# 
    78  000B                     	;# 
    79  000C                     	;# 
    80  000D                     	;# 
    81  000E                     	;# 
    82  000E                     	;# 
    83  000F                     	;# 
    84  0010                     	;# 
    85  0011                     	;# 
    86  0012                     	;# 
    87  0013                     	;# 
    88  0014                     	;# 
    89  0015                     	;# 
    90  0015                     	;# 
    91  0016                     	;# 
    92  0017                     	;# 
    93  0018                     	;# 
    94  0019                     	;# 
    95  001A                     	;# 
    96  001B                     	;# 
    97  001B                     	;# 
    98  001C                     	;# 
    99  001D                     	;# 
   100  001E                     	;# 
   101  001F                     	;# 
   102  0081                     	;# 
   103  0085                     	;# 
   104  0086                     	;# 
   105  0087                     	;# 
   106  0088                     	;# 
   107  0089                     	;# 
   108  008C                     	;# 
   109  008D                     	;# 
   110  008E                     	;# 
   111  0091                     	;# 
   112  0092                     	;# 
   113  0093                     	;# 
   114  0094                     	;# 
   115  0098                     	;# 
   116  0099                     	;# 
   117  009E                     	;# 
   118  009F                     	;# 
   119  010C                     	;# 
   120  010D                     	;# 
   121  010E                     	;# 
   122  010F                     	;# 
   123  018C                     	;# 
   124  018D                     	;# 
   125  0000                     	;# 
   126  0001                     	;# 
   127  0002                     	;# 
   128  0003                     	;# 
   129  0004                     	;# 
   130  0005                     	;# 
   131  0006                     	;# 
   132  0007                     	;# 
   133  0008                     	;# 
   134  0009                     	;# 
   135  000A                     	;# 
   136  000B                     	;# 
   137  000C                     	;# 
   138  000D                     	;# 
   139  000E                     	;# 
   140  000E                     	;# 
   141  000F                     	;# 
   142  0010                     	;# 
   143  0011                     	;# 
   144  0012                     	;# 
   145  0013                     	;# 
   146  0014                     	;# 
   147  0015                     	;# 
   148  0015                     	;# 
   149  0016                     	;# 
   150  0017                     	;# 
   151  0018                     	;# 
   152  0019                     	;# 
   153  001A                     	;# 
   154  001B                     	;# 
   155  001B                     	;# 
   156  001C                     	;# 
   157  001D                     	;# 
   158  001E                     	;# 
   159  001F                     	;# 
   160  0081                     	;# 
   161  0085                     	;# 
   162  0086                     	;# 
   163  0087                     	;# 
   164  0088                     	;# 
   165  0089                     	;# 
   166  008C                     	;# 
   167  008D                     	;# 
   168  008E                     	;# 
   169  0091                     	;# 
   170  0092                     	;# 
   171  0093                     	;# 
   172  0094                     	;# 
   173  0098                     	;# 
   174  0099                     	;# 
   175  009E                     	;# 
   176  009F                     	;# 
   177  010C                     	;# 
   178  010D                     	;# 
   179  010E                     	;# 
   180  010F                     	;# 
   181  018C                     	;# 
   182  018D                     	;# 
   183                           
   184                           	psect	idataBANK0
   185  0043                     __pidataBANK0:
   186                           
   187                           ;initializer for _nro_pin
   188  0043  3407               	retlw	7
   189                           
   190                           	psect	strings
   191  0003                     __pstrings:
   192  0003                     stringtab:
   193  0003                     __stringtab:
   194  0003                     stringcode:	
   195                           ;	String table - string pointers are 1 byte each
   196                           
   197  0003                     stringdir:
   198  0003  3000               	movlw	high stringdir
   199  0004  008A               	movwf	10
   200  0005  0804               	movf	4,w
   201  0006  0A84               	incf	4,f
   202  0007  0782               	addwf	2,f
   203  0008                     __stringbase:
   204  0008  3400               	retlw	0
   205  0009                     __end_of__stringtab:
   206  0009                     _dpowers:
   207  0009  3401               	retlw	1
   208  000A  3400               	retlw	0
   209  000B  340A               	retlw	10
   210  000C  3400               	retlw	0
   211  000D  3464               	retlw	100
   212  000E  3400               	retlw	0
   213  000F  34E8               	retlw	232
   214  0010  3403               	retlw	3
   215  0011  3410               	retlw	16
   216  0012  3427               	retlw	39
   217  0013                     __end_of_dpowers:
   218  0013                     STR_2:
   219  0013  3441               	retlw	65	;'A'
   220  0014  344E               	retlw	78	;'N'
   221  0015  3431               	retlw	49	;'1'
   222  0016  3420               	retlw	32	;' '
   223  0017  343D               	retlw	61	;'='
   224  0018  3420               	retlw	32	;' '
   225  0019  3425               	retlw	37	;'%'
   226  001A  3475               	retlw	117	;'u'
   227  001B  340D               	retlw	13
   228  001C  340A               	retlw	10
   229  001D  3400               	retlw	0
   230  001E                     STR_1:
   231  001E  3469               	retlw	105	;'i'
   232  001F  346E               	retlw	110	;'n'
   233  0020  3469               	retlw	105	;'i'
   234  0021  3463               	retlw	99	;'c'
   235  0022  3469               	retlw	105	;'i'
   236  0023  346F               	retlw	111	;'o'
   237  0024  3400               	retlw	0
   238                           
   239                           	psect	nvBANK0
   240  0042                     __pnvBANK0:
   241  0042                     _port_act:
   242  0042                     	ds	1
   243  0009                     _PORTE	set	9
   244  0008                     _PORTD	set	8
   245  0006                     _PORTB	set	6
   246  0005                     _PORTA	set	5
   247  0007                     _PORTC	set	7
   248  001E                     _ADRESH	set	30
   249  001F                     _ADCON0	set	31
   250  0019                     _TXREG	set	25
   251  0018                     _RCSTAbits	set	24
   252  004A                     _RE2	set	74
   253  0049                     _RE1	set	73
   254  0048                     _RE0	set	72
   255  00FA                     _GO_nDONE	set	250
   256  0089                     _TRISE	set	137
   257  0088                     _TRISD	set	136
   258  0086                     _TRISB	set	134
   259  0085                     _TRISA	set	133
   260  0087                     _TRISC	set	135
   261  009E                     _ADRESL	set	158
   262  009F                     _ADCON1	set	159
   263  0099                     _SPBRG	set	153
   264  0098                     _TXSTAbits	set	152
   265                           
   266                           	psect	cinit
   267  07F0                     start_initialization:	
   268                           ; #config settings
   269                           
   270  07F0                     __initialization:
   271                           
   272                           ; Initialize objects allocated to BANK0
   273  07F0  120A  118A  2043  120A  118A  	fcall	__pidataBANK0	;fetch initializer
   274  07F5  00C3               	movwf	__pdataBANK0& (0+127)
   275                           
   276                           ; Clear objects allocated to BANK0
   277  07F6  01BC               	clrf	__pbssBANK0& (0+127)
   278  07F7  01BD               	clrf	(__pbssBANK0+1)& (0+127)
   279  07F8  01BE               	clrf	(__pbssBANK0+2)& (0+127)
   280  07F9  01BF               	clrf	(__pbssBANK0+3)& (0+127)
   281  07FA  01C0               	clrf	(__pbssBANK0+4)& (0+127)
   282  07FB  01C1               	clrf	(__pbssBANK0+5)& (0+127)
   283  07FC                     end_of_initialization:	
   284                           ;End of C runtime variable initialization code
   285                           
   286  07FC                     __end_of__initialization:
   287  07FC  0183               	clrf	3
   288  07FD  120A  118A  2CFA   	ljmp	_main	;jump to C main() function
   289                           
   290                           	psect	bssBANK0
   291  003C                     __pbssBANK0:
   292  003C                     _caso:
   293  003C                     	ds	1
   294  003D                     _xx:
   295  003D                     	ds	1
   296  003E                     _prueba:
   297  003E                     	ds	1
   298  003F                     _mask:
   299  003F                     	ds	1
   300  0040                     _puerto:
   301  0040                     	ds	1
   302  0041                     _incremento:
   303  0041                     	ds	1
   304                           
   305                           	psect	dataBANK0
   306  0043                     __pdataBANK0:
   307  0043                     _nro_pin:
   308  0043                     	ds	1
   309                           
   310                           	psect	cstackCOMMON
   311  0070                     __pcstackCOMMON:
   312  0070                     ?_port_conf_r1:
   313  0070                     ??_port_conf_r1:	
   314                           ; 1 bytes @ 0x0
   315                           
   316  0070                     ?_porte_ent:	
   317                           ; 1 bytes @ 0x0
   318                           
   319  0070                     ??_porte_ent:	
   320                           ; 1 bytes @ 0x0
   321                           
   322  0070                     ?_Prueba_sal:	
   323                           ; 1 bytes @ 0x0
   324                           
   325  0070                     ?_port_conf_r2:	
   326                           ; 1 bytes @ 0x0
   327                           
   328  0070                     ??_port_conf_r2:	
   329                           ; 1 bytes @ 0x0
   330                           
   331  0070                     ?_porte_sal:	
   332                           ; 1 bytes @ 0x0
   333                           
   334  0070                     ??_porte_sal:	
   335                           ; 1 bytes @ 0x0
   336                           
   337  0070                     ?_salidas:	
   338                           ; 1 bytes @ 0x0
   339                           
   340  0070                     ??_salidas:	
   341                           ; 1 bytes @ 0x0
   342                           
   343  0070                     ?_UART_Write:	
   344                           ; 1 bytes @ 0x0
   345                           
   346  0070                     ??_UART_Write:	
   347                           ; 1 bytes @ 0x0
   348                           
   349  0070                     ?_putch:	
   350                           ; 1 bytes @ 0x0
   351                           
   352  0070                     ?_ADC_Init:	
   353                           ; 1 bytes @ 0x0
   354                           
   355  0070                     ??_ADC_Init:	
   356                           ; 1 bytes @ 0x0
   357                           
   358  0070                     ?_ADC:	
   359                           ; 1 bytes @ 0x0
   360                           
   361  0070                     ?_main:	
   362                           ; 1 bytes @ 0x0
   363                           
   364  0070                     ?_ADC_Read:	
   365                           ; 1 bytes @ 0x0
   366                           
   367  0070                     ?___lwdiv:	
   368                           ; 2 bytes @ 0x0
   369                           
   370  0070                     ?___xxtofl:	
   371                           ; 2 bytes @ 0x0
   372                           
   373  0070                     UART_Write@data:	
   374                           ; 4 bytes @ 0x0
   375                           
   376  0070                     ___lwdiv@divisor:	
   377                           ; 1 bytes @ 0x0
   378                           
   379  0070                     ___xxtofl@val:	
   380                           ; 2 bytes @ 0x0
   381                           
   382                           
   383                           ; 4 bytes @ 0x0
   384  0070                     	ds	1
   385  0071                     ??_putch:
   386  0071                     putch@data:	
   387                           ; 1 bytes @ 0x1
   388                           
   389                           
   390                           ; 1 bytes @ 0x1
   391  0071                     	ds	1
   392  0072                     ??_ADC_Read:
   393  0072                     ___lwdiv@dividend:	
   394                           ; 1 bytes @ 0x2
   395                           
   396                           
   397                           ; 2 bytes @ 0x2
   398  0072                     	ds	1
   399  0073                     salidas@i:
   400                           
   401                           ; 1 bytes @ 0x3
   402  0073                     	ds	1
   403  0074                     ??_Prueba_sal:
   404  0074                     ??___lwdiv:	
   405                           ; 1 bytes @ 0x4
   406                           
   407  0074                     ??___xxtofl:	
   408                           ; 1 bytes @ 0x4
   409                           
   410  0074                     ADC_Read@channel:	
   411                           ; 1 bytes @ 0x4
   412                           
   413  0074                     Prueba_sal@i:	
   414                           ; 1 bytes @ 0x4
   415                           
   416  0074                     ___lwdiv@quotient:	
   417                           ; 1 bytes @ 0x4
   418                           
   419                           
   420                           ; 2 bytes @ 0x4
   421  0074                     	ds	2
   422  0076                     ___lwdiv@counter:
   423                           
   424                           ; 1 bytes @ 0x6
   425  0076                     	ds	1
   426  0077                     ?___lwmod:
   427  0077                     ___lwmod@divisor:	
   428                           ; 2 bytes @ 0x7
   429                           
   430                           
   431                           ; 2 bytes @ 0x7
   432  0077                     	ds	1
   433  0078                     ___xxtofl@sign:
   434                           
   435                           ; 1 bytes @ 0x8
   436  0078                     	ds	1
   437  0079                     ___xxtofl@exp:
   438  0079                     ___lwmod@dividend:	
   439                           ; 1 bytes @ 0x9
   440                           
   441                           
   442                           ; 2 bytes @ 0x9
   443  0079                     	ds	1
   444  007A                     ___xxtofl@arg:
   445                           
   446                           ; 4 bytes @ 0xA
   447  007A                     	ds	1
   448  007B                     ??___lwmod:
   449  007B                     ___lwmod@counter:	
   450                           ; 1 bytes @ 0xB
   451                           
   452                           
   453                           ; 1 bytes @ 0xB
   454  007B                     	ds	1
   455  007C                     ?_printf:
   456                           
   457                           ; 2 bytes @ 0xC
   458  007C                     	ds	2
   459                           
   460                           	psect	cstackBANK0
   461  0020                     __pcstackBANK0:
   462  0020                     ?___flge:
   463  0020                     ??_printf:	
   464                           ; 1 bit 
   465                           
   466  0020                     ___flge@ff1:	
   467                           ; 1 bytes @ 0x0
   468                           
   469                           
   470                           ; 4 bytes @ 0x0
   471  0020                     	ds	3
   472  0023                     printf@flag:
   473                           
   474                           ; 1 bytes @ 0x3
   475  0023                     	ds	1
   476  0024                     printf@ap:
   477  0024                     ___flge@ff2:	
   478                           ; 1 bytes @ 0x4
   479                           
   480                           
   481                           ; 4 bytes @ 0x4
   482  0024                     	ds	1
   483  0025                     printf@val:
   484                           
   485                           ; 2 bytes @ 0x5
   486  0025                     	ds	2
   487  0027                     printf@prec:
   488                           
   489                           ; 1 bytes @ 0x7
   490  0027                     	ds	1
   491  0028                     ??___flge:
   492  0028                     printf@f:	
   493                           ; 1 bytes @ 0x8
   494                           
   495                           
   496                           ; 1 bytes @ 0x8
   497  0028                     	ds	1
   498  0029                     printf@c:
   499                           
   500                           ; 1 bytes @ 0x9
   501  0029                     	ds	3
   502  002C                     ??_ADC:
   503                           
   504                           ; 1 bytes @ 0xC
   505  002C                     	ds	3
   506  002F                     ADC@i:
   507                           
   508                           ; 2 bytes @ 0xF
   509  002F                     	ds	2
   510  0031                     ADC@valor:
   511                           
   512                           ; 2 bytes @ 0x11
   513  0031                     	ds	2
   514  0033                     ??_main:
   515                           
   516                           ; 1 bytes @ 0x13
   517  0033                     	ds	4
   518  0037                     main@i_205:
   519                           
   520                           ; 1 bytes @ 0x17
   521  0037                     	ds	1
   522  0038                     main@i_206:
   523                           
   524                           ; 1 bytes @ 0x18
   525  0038                     	ds	1
   526  0039                     main@i_207:
   527                           
   528                           ; 1 bytes @ 0x19
   529  0039                     	ds	1
   530  003A                     main@i_208:
   531                           
   532                           ; 1 bytes @ 0x1A
   533  003A                     	ds	1
   534  003B                     main@i_210:
   535                           
   536                           ; 1 bytes @ 0x1B
   537  003B                     	ds	1
   538                           
   539                           	psect	maintext
   540  04FA                     __pmaintext:	
   541 ;;
   542 ;;Main: autosize = 0, tempsize = 3, incstack = 0, save=0
   543 ;;
   544 ;; *************** function _main *****************
   545 ;; Defined at:
   546 ;;		line 122 in file "Probador1.c"
   547 ;; Parameters:    Size  Location     Type
   548 ;;		None
   549 ;; Auto vars:     Size  Location     Type
   550 ;;  i               1   26[BANK0 ] unsigned char 
   551 ;;  i               1   25[BANK0 ] unsigned char 
   552 ;;  i               1   24[BANK0 ] unsigned char 
   553 ;;  i               1   23[BANK0 ] unsigned char 
   554 ;;  i               1    0        unsigned char 
   555 ;;  i               1   27[BANK0 ] unsigned char 
   556 ;; Return value:  Size  Location     Type
   557 ;;                  1    wreg      void 
   558 ;; Registers used:
   559 ;;		wreg, fsr0l, fsr0h, status,2, status,0, btemp+1, pclath, cstack
   560 ;; Tracked objects:
   561 ;;		On entry : B00/0
   562 ;;		On exit  : 0/0
   563 ;;		Unchanged: 0/0
   564 ;; Data sizes:     COMMON   BANK0   BANK1   BANK3   BANK2
   565 ;;      Params:         0       0       0       0       0
   566 ;;      Locals:         0       6       0       0       0
   567 ;;      Temps:          0       3       0       0       0
   568 ;;      Totals:         0       9       0       0       0
   569 ;;Total ram usage:        9 bytes
   570 ;; Hardware stack levels required when called:    4
   571 ;; This function calls:
   572 ;;		_ADC
   573 ;;		_Prueba_sal
   574 ;;		_port_conf_r1
   575 ;;		_port_conf_r2
   576 ;;		_porte_ent
   577 ;;		_porte_sal
   578 ;; This function is called by:
   579 ;;		Startup code after reset
   580 ;; This function uses a non-reentrant model
   581 ;;
   582                           
   583                           
   584                           ;psect for function _main
   585  04FA                     _main:
   586  04FA                     l1814:	
   587                           ;incstack = 0
   588                           ; Regs used in _main: [wreg-fsr0h+status,2+status,0+btemp+1+pclath+cstack]
   589                           
   590                           
   591                           ;Probador1.c: 123:     port_conf_r1();
   592  04FA  120A  118A  206F  120A  118A  	fcall	_port_conf_r1
   593                           
   594                           ;Probador1.c: 124:     porte_ent();
   595  04FF  120A  118A  2048  120A  118A  	fcall	_porte_ent
   596  0504                     l1816:
   597                           
   598                           ;Probador1.c: 125:     port_act = PORTA;
   599  0504  1283               	bcf	3,5	;RP0=0, select bank0
   600  0505  1303               	bcf	3,6	;RP1=0, select bank0
   601  0506  0805               	movf	5,w	;volatile
   602  0507  00FF               	movwf	btemp+1
   603  0508  087F               	movf	btemp+1,w
   604  0509  00C2               	movwf	_port_act
   605  050A                     l1818:
   606                           
   607                           ;Probador1.c: 126:     puerto = 0;
   608  050A  01C0               	clrf	_puerto
   609  050B  2D12               	goto	l116
   610  050C                     l1820:
   611                           
   612                           ;Probador1.c: 132:             if (xx == 1) {
   613  050C  033D               	decf	_xx,w
   614  050D  1D03               	btfss	3,2
   615  050E  2D10               	goto	u1771
   616  050F  2D11               	goto	u1770
   617  0510                     u1771:
   618  0510  2D12               	goto	l116
   619  0511                     u1770:
   620  0511  2D16               	goto	l119
   621  0512                     l116:	
   622                           ;Probador1.c: 136:         }
   623                           
   624                           
   625                           ;Probador1.c: 131:         while (RE0 == 0) {
   626  0512  1C09               	btfss	9,0	;volatile
   627  0513  2D15               	goto	u1781
   628  0514  2D16               	goto	u1780
   629  0515                     u1781:
   630  0515  2D0C               	goto	l1820
   631  0516                     u1780:
   632  0516                     l119:
   633                           
   634                           ;Probador1.c: 137:         xx = 1;
   635  0516  01BD               	clrf	_xx
   636  0517  0ABD               	incf	_xx,f
   637                           
   638                           ;Probador1.c: 139:         switch (puerto) {
   639  0518  2F78               	goto	l2052
   640  0519                     l1824:
   641                           
   642                           ;Probador1.c: 141:                 if (prueba == 0) {
   643  0519  083E               	movf	_prueba,w
   644  051A  1D03               	btfss	3,2
   645  051B  2D1D               	goto	u1791
   646  051C  2D1E               	goto	u1790
   647  051D                     u1791:
   648  051D  2D40               	goto	l1840
   649  051E                     u1790:
   650  051E                     l1826:
   651                           
   652                           ;Probador1.c: 142:                     port_conf_r1();
   653  051E  120A  118A  206F  120A  118A  	fcall	_port_conf_r1
   654                           
   655                           ;Probador1.c: 143:                     porte_ent();
   656  0523  120A  118A  2048  120A  118A  	fcall	_porte_ent
   657  0528                     l1828:
   658                           
   659                           ;Probador1.c: 144:                     Prueba_sal();
   660  0528  120A  118A  2090  120A  118A  	fcall	_Prueba_sal
   661  052D                     l1830:
   662                           
   663                           ;Probador1.c: 146:                         if (RE1 == 1) {
   664  052D  1283               	bcf	3,5	;RP0=0, select bank0
   665  052E  1303               	bcf	3,6	;RP1=0, select bank0
   666  052F  1C89               	btfss	9,1	;volatile
   667  0530  2D32               	goto	u1801
   668  0531  2D33               	goto	u1800
   669  0532                     u1801:
   670  0532  2D35               	goto	l124
   671  0533                     u1800:
   672  0533                     l1832:
   673                           
   674                           ;Probador1.c: 147:                             puerto = 0;
   675  0533  01C0               	clrf	_puerto
   676                           
   677                           ;Probador1.c: 148:                             break;
   678  0534  2F91               	goto	l2054
   679  0535                     l124:	
   680                           ;Probador1.c: 149:                         }
   681                           
   682                           
   683                           ;Probador1.c: 150:                         if (RE0 == 1) {
   684  0535  1C09               	btfss	9,0	;volatile
   685  0536  2D38               	goto	u1811
   686  0537  2D39               	goto	u1810
   687  0538                     u1811:
   688  0538  2D2D               	goto	l1830
   689  0539                     u1810:
   690  0539                     l1834:
   691                           
   692                           ;Probador1.c: 151:                             puerto = 1;
   693  0539  01C0               	clrf	_puerto
   694  053A  0AC0               	incf	_puerto,f
   695  053B                     l1836:
   696                           
   697                           ;Probador1.c: 152:                             nro_pin = 9;
   698  053B  3009               	movlw	9
   699  053C  00FF               	movwf	btemp+1
   700  053D  087F               	movf	btemp+1,w
   701  053E  00C3               	movwf	_nro_pin
   702                           
   703                           ;Probador1.c: 153:                             break;
   704  053F  2F91               	goto	l2054
   705  0540                     l1840:
   706  0540  033E               	decf	_prueba,w
   707  0541  1D03               	btfss	3,2
   708  0542  2D44               	goto	u1821
   709  0543  2D45               	goto	u1820
   710  0544                     u1821:
   711  0544  2F91               	goto	l2054
   712  0545                     u1820:
   713  0545                     l1842:
   714                           
   715                           ;Probador1.c: 158:                     port_conf_r2();
   716  0545  120A  118A  2061  120A  118A  	fcall	_port_conf_r2
   717  054A                     l1844:
   718                           
   719                           ;Probador1.c: 159:                     mask = 1;
   720  054A  1283               	bcf	3,5	;RP0=0, select bank0
   721  054B  1303               	bcf	3,6	;RP1=0, select bank0
   722  054C  01BF               	clrf	_mask
   723  054D  0ABF               	incf	_mask,f
   724  054E                     l1846:
   725                           
   726                           ;Probador1.c: 160:                     incremento = 1;
   727  054E  01C1               	clrf	_incremento
   728  054F  0AC1               	incf	_incremento,f
   729  0550                     l1848:
   730  0550  2D8F               	goto	l1868
   731  0551                     l1850:
   732                           
   733                           ;Probador1.c: 163:                             if (PORTA & mask) {
   734  0551  0805               	movf	5,w	;volatile
   735  0552  053F               	andwf	_mask,w
   736  0553  1903               	btfsc	3,2
   737  0554  2D56               	goto	u1831
   738  0555  2D57               	goto	u1830
   739  0556                     u1831:
   740  0556  2D86               	goto	l1862
   741  0557                     u1830:
   742  0557                     l1852:
   743                           
   744                           ;Probador1.c: 164:                                 RE2 = 1;
   745  0557  1509               	bsf	9,2	;volatile
   746  0558                     l1854:
   747                           
   748                           ;Probador1.c: 165:                                 _delay((unsigned long)((300)*(8000000
      +                          UL/4000.0)));
   749  0558  3004               	movlw	4
   750  0559  1283               	bcf	3,5	;RP0=0, select bank0
   751  055A  1303               	bcf	3,6	;RP1=0, select bank0
   752  055B  00B5               	movwf	??_main+2
   753  055C  300C               	movlw	12
   754  055D  00B4               	movwf	??_main+1
   755  055E  3033               	movlw	51
   756  055F  00B3               	movwf	??_main
   757  0560                     u2237:
   758  0560  0BB3               	decfsz	??_main,f
   759  0561  2D60               	goto	u2237
   760  0562  0BB4               	decfsz	??_main+1,f
   761  0563  2D60               	goto	u2237
   762  0564  0BB5               	decfsz	??_main+2,f
   763  0565  2D60               	goto	u2237
   764  0566                     l1856:
   765                           
   766                           ;Probador1.c: 166:                                 RE2 = 0;
   767  0566  1283               	bcf	3,5	;RP0=0, select bank0
   768  0567  1303               	bcf	3,6	;RP1=0, select bank0
   769  0568  1109               	bcf	9,2	;volatile
   770                           
   771                           ;Probador1.c: 167:                                 _delay((unsigned long)((50)*(8000000U
      +                          L/4000.0)));
   772  0569  3082               	movlw	130
   773  056A  1283               	bcf	3,5	;RP0=0, select bank0
   774  056B  1303               	bcf	3,6	;RP1=0, select bank0
   775  056C  00B4               	movwf	??_main+1
   776  056D  30DD               	movlw	221
   777  056E  00B3               	movwf	??_main
   778  056F                     u2247:
   779  056F  0BB3               	decfsz	??_main,f
   780  0570  2D6F               	goto	u2247
   781  0571  0BB4               	decfsz	??_main+1,f
   782  0572  2D6F               	goto	u2247
   783  0573                     l1858:
   784                           
   785                           ;Probador1.c: 168:                                 mask = (1 << incremento);
   786  0573  3001               	movlw	1
   787  0574  1283               	bcf	3,5	;RP0=0, select bank0
   788  0575  1303               	bcf	3,6	;RP1=0, select bank0
   789  0576  00B3               	movwf	??_main
   790  0577  0A41               	incf	_incremento,w
   791  0578  2D7B               	goto	u1844
   792  0579                     u1845:
   793  0579  1003               	clrc
   794  057A  0DB3               	rlf	??_main,f
   795  057B                     u1844:
   796  057B  3EFF               	addlw	-1
   797  057C  1D03               	skipz
   798  057D  2D79               	goto	u1845
   799  057E  0833               	movf	??_main,w
   800  057F  00FF               	movwf	btemp+1
   801  0580  087F               	movf	btemp+1,w
   802  0581  00BF               	movwf	_mask
   803  0582                     l1860:
   804                           
   805                           ;Probador1.c: 169:                                 incremento++;
   806  0582  3001               	movlw	1
   807  0583  00FF               	movwf	btemp+1
   808  0584  087F               	movf	btemp+1,w
   809  0585  07C1               	addwf	_incremento,f
   810  0586                     l1862:
   811                           
   812                           ;Probador1.c: 171:                             if (incremento == 7) {
   813  0586  3007               	movlw	7
   814  0587  0641               	xorwf	_incremento,w
   815  0588  1D03               	btfss	3,2
   816  0589  2D8B               	goto	u1851
   817  058A  2D8C               	goto	u1850
   818  058B                     u1851:
   819  058B  2D51               	goto	l1850
   820  058C                     u1850:
   821  058C                     l1864:
   822                           
   823                           ;Probador1.c: 172:                                 puerto = 1;
   824  058C  01C0               	clrf	_puerto
   825  058D  0AC0               	incf	_puerto,f
   826                           
   827                           ;Probador1.c: 173:                                 break;
   828  058E  2F91               	goto	l2054
   829  058F                     l1868:
   830  058F  0843               	movf	_nro_pin,w
   831  0590  1D03               	btfss	3,2
   832  0591  2D93               	goto	u1861
   833  0592  2D94               	goto	u1860
   834  0593                     u1861:
   835  0593  2D51               	goto	l1850
   836  0594                     u1860:
   837  0594  2F91               	goto	l2054
   838  0595                     l1870:
   839                           
   840                           ;Probador1.c: 184:                 if (prueba == 0) {
   841  0595  083E               	movf	_prueba,w
   842  0596  1D03               	btfss	3,2
   843  0597  2D99               	goto	u1871
   844  0598  2D9A               	goto	u1870
   845  0599                     u1871:
   846  0599  2DAF               	goto	l1882
   847  059A                     u1870:
   848  059A                     l1872:
   849                           
   850                           ;Probador1.c: 185:                     Prueba_sal();
   851  059A  120A  118A  2090  120A  118A  	fcall	_Prueba_sal
   852  059F                     l1874:
   853                           
   854                           ;Probador1.c: 187:                         if (RE1 == 1) {
   855  059F  1283               	bcf	3,5	;RP0=0, select bank0
   856  05A0  1303               	bcf	3,6	;RP1=0, select bank0
   857  05A1  1C89               	btfss	9,1	;volatile
   858  05A2  2DA4               	goto	u1881
   859  05A3  2DA5               	goto	u1880
   860  05A4                     u1881:
   861  05A4  2DA6               	goto	l142
   862  05A5                     u1880:
   863  05A5  2D8C               	goto	l1864
   864  05A6                     l142:	
   865                           ;Probador1.c: 190:                         }
   866                           
   867                           
   868                           ;Probador1.c: 191:                         if (RE0 == 1) {
   869  05A6  1C09               	btfss	9,0	;volatile
   870  05A7  2DA9               	goto	u1891
   871  05A8  2DAA               	goto	u1890
   872  05A9                     u1891:
   873  05A9  2D9F               	goto	l1874
   874  05AA                     u1890:
   875  05AA                     l1878:
   876                           
   877                           ;Probador1.c: 192:                             puerto = 2;
   878  05AA  3002               	movlw	2
   879  05AB  00FF               	movwf	btemp+1
   880  05AC  087F               	movf	btemp+1,w
   881  05AD  00C0               	movwf	_puerto
   882                           
   883                           ;Probador1.c: 193:                             break;
   884  05AE  2F91               	goto	l2054
   885  05AF                     l1882:
   886  05AF  033E               	decf	_prueba,w
   887  05B0  1D03               	btfss	3,2
   888  05B1  2DB3               	goto	u1901
   889  05B2  2DB4               	goto	u1900
   890  05B3                     u1901:
   891  05B3  2E08               	goto	l1912
   892  05B4                     u1900:
   893  05B4                     l1884:
   894                           
   895                           ;Probador1.c: 198:                     incremento = 1;
   896  05B4  01C1               	clrf	_incremento
   897  05B5  0AC1               	incf	_incremento,f
   898  05B6                     l1886:
   899                           
   900                           ;Probador1.c: 199:                     nro_pin = 9;
   901  05B6  3009               	movlw	9
   902  05B7  00FF               	movwf	btemp+1
   903  05B8  087F               	movf	btemp+1,w
   904  05B9  00C3               	movwf	_nro_pin
   905  05BA                     l1888:
   906                           
   907                           ;Probador1.c: 200:                     mask = 1;
   908  05BA  01BF               	clrf	_mask
   909  05BB  0ABF               	incf	_mask,f
   910  05BC                     l1890:
   911                           
   912                           ;Probador1.c: 201:                     for (unsigned char i = 0; i < nro_pin; i = increm
      +                          ento) {
   913  05BC  01B7               	clrf	main@i_205
   914  05BD  2E01               	goto	l1910
   915  05BE                     l1892:
   916                           
   917                           ;Probador1.c: 203:                             if (PORTB & mask) {
   918  05BE  0806               	movf	6,w	;volatile
   919  05BF  053F               	andwf	_mask,w
   920  05C0  1903               	btfsc	3,2
   921  05C1  2DC3               	goto	u1911
   922  05C2  2DC4               	goto	u1910
   923  05C3                     u1911:
   924  05C3  2DF3               	goto	l1904
   925  05C4                     u1910:
   926  05C4                     l1894:
   927                           
   928                           ;Probador1.c: 204:                                 RE2 = 1;
   929  05C4  1509               	bsf	9,2	;volatile
   930  05C5                     l1896:
   931                           
   932                           ;Probador1.c: 205:                                 _delay((unsigned long)((300)*(8000000
      +                          UL/4000.0)));
   933  05C5  3004               	movlw	4
   934  05C6  1283               	bcf	3,5	;RP0=0, select bank0
   935  05C7  1303               	bcf	3,6	;RP1=0, select bank0
   936  05C8  00B5               	movwf	??_main+2
   937  05C9  300C               	movlw	12
   938  05CA  00B4               	movwf	??_main+1
   939  05CB  3033               	movlw	51
   940  05CC  00B3               	movwf	??_main
   941  05CD                     u2257:
   942  05CD  0BB3               	decfsz	??_main,f
   943  05CE  2DCD               	goto	u2257
   944  05CF  0BB4               	decfsz	??_main+1,f
   945  05D0  2DCD               	goto	u2257
   946  05D1  0BB5               	decfsz	??_main+2,f
   947  05D2  2DCD               	goto	u2257
   948  05D3                     l1898:
   949                           
   950                           ;Probador1.c: 206:                                 RE2 = 0;
   951  05D3  1283               	bcf	3,5	;RP0=0, select bank0
   952  05D4  1303               	bcf	3,6	;RP1=0, select bank0
   953  05D5  1109               	bcf	9,2	;volatile
   954                           
   955                           ;Probador1.c: 207:                                 _delay((unsigned long)((50)*(8000000U
      +                          L/4000.0)));
   956  05D6  3082               	movlw	130
   957  05D7  1283               	bcf	3,5	;RP0=0, select bank0
   958  05D8  1303               	bcf	3,6	;RP1=0, select bank0
   959  05D9  00B4               	movwf	??_main+1
   960  05DA  30DD               	movlw	221
   961  05DB  00B3               	movwf	??_main
   962  05DC                     u2267:
   963  05DC  0BB3               	decfsz	??_main,f
   964  05DD  2DDC               	goto	u2267
   965  05DE  0BB4               	decfsz	??_main+1,f
   966  05DF  2DDC               	goto	u2267
   967  05E0                     l1900:
   968                           
   969                           ;Probador1.c: 208:                                 mask = (1 << incremento);
   970  05E0  3001               	movlw	1
   971  05E1  1283               	bcf	3,5	;RP0=0, select bank0
   972  05E2  1303               	bcf	3,6	;RP1=0, select bank0
   973  05E3  00B3               	movwf	??_main
   974  05E4  0A41               	incf	_incremento,w
   975  05E5  2DE8               	goto	u1924
   976  05E6                     u1925:
   977  05E6  1003               	clrc
   978  05E7  0DB3               	rlf	??_main,f
   979  05E8                     u1924:
   980  05E8  3EFF               	addlw	-1
   981  05E9  1D03               	skipz
   982  05EA  2DE6               	goto	u1925
   983  05EB  0833               	movf	??_main,w
   984  05EC  00FF               	movwf	btemp+1
   985  05ED  087F               	movf	btemp+1,w
   986  05EE  00BF               	movwf	_mask
   987  05EF                     l1902:
   988                           
   989                           ;Probador1.c: 209:                                 incremento++;
   990  05EF  3001               	movlw	1
   991  05F0  00FF               	movwf	btemp+1
   992  05F1  087F               	movf	btemp+1,w
   993  05F2  07C1               	addwf	_incremento,f
   994  05F3                     l1904:
   995                           
   996                           ;Probador1.c: 211:                             if (incremento == 9) {
   997  05F3  3009               	movlw	9
   998  05F4  0641               	xorwf	_incremento,w
   999  05F5  1D03               	btfss	3,2
  1000  05F6  2DF8               	goto	u1931
  1001  05F7  2DF9               	goto	u1930
  1002  05F8                     u1931:
  1003  05F8  2DBE               	goto	l1892
  1004  05F9                     u1930:
  1005  05F9                     l1906:
  1006                           
  1007                           ;Probador1.c: 212:                                 puerto = 2;
  1008  05F9  3002               	movlw	2
  1009  05FA  00FF               	movwf	btemp+1
  1010  05FB  087F               	movf	btemp+1,w
  1011  05FC  00C0               	movwf	_puerto
  1012  05FD                     l1908:	
  1013                           ;Probador1.c: 213:                                 break;
  1014                           
  1015                           
  1016                           ;Probador1.c: 217:                     }
  1017  05FD  0841               	movf	_incremento,w
  1018  05FE  00FF               	movwf	btemp+1
  1019  05FF  087F               	movf	btemp+1,w
  1020  0600  00B7               	movwf	main@i_205
  1021  0601                     l1910:
  1022  0601  0843               	movf	_nro_pin,w
  1023  0602  0237               	subwf	main@i_205,w
  1024  0603  1C03               	skipc
  1025  0604  2E06               	goto	u1941
  1026  0605  2E07               	goto	u1940
  1027  0606                     u1941:
  1028  0606  2DBE               	goto	l1892
  1029  0607                     u1940:
  1030  0607  2F91               	goto	l2054
  1031  0608                     l1912:
  1032                           
  1033                           ;Probador1.c: 223:                 if (prueba == 0) {
  1034  0608  083E               	movf	_prueba,w
  1035  0609  1D03               	btfss	3,2
  1036  060A  2E0C               	goto	u1951
  1037  060B  2E0D               	goto	u1950
  1038  060C                     u1951:
  1039  060C  2E22               	goto	l1924
  1040  060D                     u1950:
  1041  060D                     l1914:
  1042                           
  1043                           ;Probador1.c: 224:                     Prueba_sal();
  1044  060D  120A  118A  2090  120A  118A  	fcall	_Prueba_sal
  1045  0612                     l1916:
  1046                           
  1047                           ;Probador1.c: 226:                         if (RE1 == 1) {
  1048  0612  1283               	bcf	3,5	;RP0=0, select bank0
  1049  0613  1303               	bcf	3,6	;RP1=0, select bank0
  1050  0614  1C89               	btfss	9,1	;volatile
  1051  0615  2E17               	goto	u1961
  1052  0616  2E18               	goto	u1960
  1053  0617                     u1961:
  1054  0617  2E19               	goto	l159
  1055  0618                     u1960:
  1056  0618  2DAA               	goto	l1878
  1057  0619                     l159:	
  1058                           ;Probador1.c: 229:                         }
  1059                           
  1060                           
  1061                           ;Probador1.c: 230:                         if (RE0 == 1) {
  1062  0619  1C09               	btfss	9,0	;volatile
  1063  061A  2E1C               	goto	u1971
  1064  061B  2E1D               	goto	u1970
  1065  061C                     u1971:
  1066  061C  2E12               	goto	l1916
  1067  061D                     u1970:
  1068  061D                     l1920:
  1069                           
  1070                           ;Probador1.c: 231:                             puerto = 3;
  1071  061D  3003               	movlw	3
  1072  061E  00FF               	movwf	btemp+1
  1073  061F  087F               	movf	btemp+1,w
  1074  0620  00C0               	movwf	_puerto
  1075                           
  1076                           ;Probador1.c: 232:                             break;
  1077  0621  2F91               	goto	l2054
  1078  0622                     l1924:
  1079  0622  033E               	decf	_prueba,w
  1080  0623  1D03               	btfss	3,2
  1081  0624  2E26               	goto	u1981
  1082  0625  2E27               	goto	u1980
  1083  0626                     u1981:
  1084  0626  2E7B               	goto	l1954
  1085  0627                     u1980:
  1086  0627                     l1926:
  1087                           
  1088                           ;Probador1.c: 237:                     incremento = 1;
  1089  0627  01C1               	clrf	_incremento
  1090  0628  0AC1               	incf	_incremento,f
  1091  0629                     l1928:
  1092                           
  1093                           ;Probador1.c: 238:                     nro_pin = 9;
  1094  0629  3009               	movlw	9
  1095  062A  00FF               	movwf	btemp+1
  1096  062B  087F               	movf	btemp+1,w
  1097  062C  00C3               	movwf	_nro_pin
  1098  062D                     l1930:
  1099                           
  1100                           ;Probador1.c: 239:                     mask = 1;
  1101  062D  01BF               	clrf	_mask
  1102  062E  0ABF               	incf	_mask,f
  1103  062F                     l1932:
  1104                           
  1105                           ;Probador1.c: 240:                     for (unsigned char i = 0; i < nro_pin; i = increm
      +                          ento) {
  1106  062F  01B8               	clrf	main@i_206
  1107  0630  2E74               	goto	l1952
  1108  0631                     l1934:
  1109                           
  1110                           ;Probador1.c: 242:                             if (PORTC & mask) {
  1111  0631  0807               	movf	7,w	;volatile
  1112  0632  053F               	andwf	_mask,w
  1113  0633  1903               	btfsc	3,2
  1114  0634  2E36               	goto	u1991
  1115  0635  2E37               	goto	u1990
  1116  0636                     u1991:
  1117  0636  2E66               	goto	l1946
  1118  0637                     u1990:
  1119  0637                     l1936:
  1120                           
  1121                           ;Probador1.c: 243:                                 RE2 = 1;
  1122  0637  1509               	bsf	9,2	;volatile
  1123  0638                     l1938:
  1124                           
  1125                           ;Probador1.c: 244:                                 _delay((unsigned long)((300)*(8000000
      +                          UL/4000.0)));
  1126  0638  3004               	movlw	4
  1127  0639  1283               	bcf	3,5	;RP0=0, select bank0
  1128  063A  1303               	bcf	3,6	;RP1=0, select bank0
  1129  063B  00B5               	movwf	??_main+2
  1130  063C  300C               	movlw	12
  1131  063D  00B4               	movwf	??_main+1
  1132  063E  3033               	movlw	51
  1133  063F  00B3               	movwf	??_main
  1134  0640                     u2277:
  1135  0640  0BB3               	decfsz	??_main,f
  1136  0641  2E40               	goto	u2277
  1137  0642  0BB4               	decfsz	??_main+1,f
  1138  0643  2E40               	goto	u2277
  1139  0644  0BB5               	decfsz	??_main+2,f
  1140  0645  2E40               	goto	u2277
  1141  0646                     l1940:
  1142                           
  1143                           ;Probador1.c: 245:                                 RE2 = 0;
  1144  0646  1283               	bcf	3,5	;RP0=0, select bank0
  1145  0647  1303               	bcf	3,6	;RP1=0, select bank0
  1146  0648  1109               	bcf	9,2	;volatile
  1147                           
  1148                           ;Probador1.c: 246:                                 _delay((unsigned long)((50)*(8000000U
      +                          L/4000.0)));
  1149  0649  3082               	movlw	130
  1150  064A  1283               	bcf	3,5	;RP0=0, select bank0
  1151  064B  1303               	bcf	3,6	;RP1=0, select bank0
  1152  064C  00B4               	movwf	??_main+1
  1153  064D  30DD               	movlw	221
  1154  064E  00B3               	movwf	??_main
  1155  064F                     u2287:
  1156  064F  0BB3               	decfsz	??_main,f
  1157  0650  2E4F               	goto	u2287
  1158  0651  0BB4               	decfsz	??_main+1,f
  1159  0652  2E4F               	goto	u2287
  1160  0653                     l1942:
  1161                           
  1162                           ;Probador1.c: 247:                                 mask = (1 << incremento);
  1163  0653  3001               	movlw	1
  1164  0654  1283               	bcf	3,5	;RP0=0, select bank0
  1165  0655  1303               	bcf	3,6	;RP1=0, select bank0
  1166  0656  00B3               	movwf	??_main
  1167  0657  0A41               	incf	_incremento,w
  1168  0658  2E5B               	goto	u2004
  1169  0659                     u2005:
  1170  0659  1003               	clrc
  1171  065A  0DB3               	rlf	??_main,f
  1172  065B                     u2004:
  1173  065B  3EFF               	addlw	-1
  1174  065C  1D03               	skipz
  1175  065D  2E59               	goto	u2005
  1176  065E  0833               	movf	??_main,w
  1177  065F  00FF               	movwf	btemp+1
  1178  0660  087F               	movf	btemp+1,w
  1179  0661  00BF               	movwf	_mask
  1180  0662                     l1944:
  1181                           
  1182                           ;Probador1.c: 248:                                 incremento++;
  1183  0662  3001               	movlw	1
  1184  0663  00FF               	movwf	btemp+1
  1185  0664  087F               	movf	btemp+1,w
  1186  0665  07C1               	addwf	_incremento,f
  1187  0666                     l1946:
  1188                           
  1189                           ;Probador1.c: 250:                             if (incremento == 9) {
  1190  0666  3009               	movlw	9
  1191  0667  0641               	xorwf	_incremento,w
  1192  0668  1D03               	btfss	3,2
  1193  0669  2E6B               	goto	u2011
  1194  066A  2E6C               	goto	u2010
  1195  066B                     u2011:
  1196  066B  2E31               	goto	l1934
  1197  066C                     u2010:
  1198  066C                     l1948:
  1199                           
  1200                           ;Probador1.c: 251:                                 puerto = 3;
  1201  066C  3003               	movlw	3
  1202  066D  00FF               	movwf	btemp+1
  1203  066E  087F               	movf	btemp+1,w
  1204  066F  00C0               	movwf	_puerto
  1205  0670                     l1950:	
  1206                           ;Probador1.c: 252:                                 break;
  1207                           
  1208                           
  1209                           ;Probador1.c: 256:                     }
  1210  0670  0841               	movf	_incremento,w
  1211  0671  00FF               	movwf	btemp+1
  1212  0672  087F               	movf	btemp+1,w
  1213  0673  00B8               	movwf	main@i_206
  1214  0674                     l1952:
  1215  0674  0843               	movf	_nro_pin,w
  1216  0675  0238               	subwf	main@i_206,w
  1217  0676  1C03               	skipc
  1218  0677  2E79               	goto	u2021
  1219  0678  2E7A               	goto	u2020
  1220  0679                     u2021:
  1221  0679  2E31               	goto	l1934
  1222  067A                     u2020:
  1223  067A  2F91               	goto	l2054
  1224  067B                     l1954:
  1225                           
  1226                           ;Probador1.c: 261:                 if (prueba == 0) {
  1227  067B  083E               	movf	_prueba,w
  1228  067C  1D03               	btfss	3,2
  1229  067D  2E7F               	goto	u2031
  1230  067E  2E80               	goto	u2030
  1231  067F                     u2031:
  1232  067F  2E9E               	goto	l1968
  1233  0680                     u2030:
  1234  0680                     l1956:
  1235                           
  1236                           ;Probador1.c: 262:                     Prueba_sal();
  1237  0680  120A  118A  2090  120A  118A  	fcall	_Prueba_sal
  1238  0685                     l1958:
  1239                           
  1240                           ;Probador1.c: 264:                         if (RE1 == 1) {
  1241  0685  1283               	bcf	3,5	;RP0=0, select bank0
  1242  0686  1303               	bcf	3,6	;RP1=0, select bank0
  1243  0687  1C89               	btfss	9,1	;volatile
  1244  0688  2E8A               	goto	u2041
  1245  0689  2E8B               	goto	u2040
  1246  068A                     u2041:
  1247  068A  2E8C               	goto	l176
  1248  068B                     u2040:
  1249  068B  2E1D               	goto	l1920
  1250  068C                     l176:	
  1251                           ;Probador1.c: 267:                         }
  1252                           
  1253                           
  1254                           ;Probador1.c: 268:                         if (RE0 == 1) {
  1255  068C  1C09               	btfss	9,0	;volatile
  1256  068D  2E8F               	goto	u2051
  1257  068E  2E90               	goto	u2050
  1258  068F                     u2051:
  1259  068F  2E85               	goto	l1958
  1260  0690                     u2050:
  1261  0690                     l1962:
  1262                           
  1263                           ;Probador1.c: 269:                             puerto = 4;
  1264  0690  3004               	movlw	4
  1265  0691  00FF               	movwf	btemp+1
  1266  0692  087F               	movf	btemp+1,w
  1267  0693  00C0               	movwf	_puerto
  1268                           
  1269                           ;Probador1.c: 270:                             nro_pin = 4;
  1270  0694  3004               	movlw	4
  1271  0695  00FF               	movwf	btemp+1
  1272  0696  087F               	movf	btemp+1,w
  1273  0697  00C3               	movwf	_nro_pin
  1274  0698                     l1964:
  1275                           
  1276                           ;Probador1.c: 271:                             porte_sal();
  1277  0698  120A  118A  2044  120A  118A  	fcall	_porte_sal
  1278                           
  1279                           ;Probador1.c: 272:                             break;
  1280  069D  2F91               	goto	l2054
  1281  069E                     l1968:
  1282  069E  033E               	decf	_prueba,w
  1283  069F  1D03               	btfss	3,2
  1284  06A0  2EA2               	goto	u2061
  1285  06A1  2EA3               	goto	u2060
  1286  06A2                     u2061:
  1287  06A2  2EF7               	goto	l1998
  1288  06A3                     u2060:
  1289  06A3                     l1970:
  1290                           
  1291                           ;Probador1.c: 277:                     incremento = 1;
  1292  06A3  01C1               	clrf	_incremento
  1293  06A4  0AC1               	incf	_incremento,f
  1294  06A5                     l1972:
  1295                           
  1296                           ;Probador1.c: 278:                     nro_pin = 9;
  1297  06A5  3009               	movlw	9
  1298  06A6  00FF               	movwf	btemp+1
  1299  06A7  087F               	movf	btemp+1,w
  1300  06A8  00C3               	movwf	_nro_pin
  1301  06A9                     l1974:
  1302                           
  1303                           ;Probador1.c: 279:                     mask = 1;
  1304  06A9  01BF               	clrf	_mask
  1305  06AA  0ABF               	incf	_mask,f
  1306  06AB                     l1976:
  1307                           
  1308                           ;Probador1.c: 280:                     for (unsigned char i = 0; i < nro_pin; i = increm
      +                          ento) {
  1309  06AB  01B9               	clrf	main@i_207
  1310  06AC  2EF0               	goto	l1996
  1311  06AD                     l1978:
  1312                           
  1313                           ;Probador1.c: 282:                             if (PORTD & mask) {
  1314  06AD  0808               	movf	8,w	;volatile
  1315  06AE  053F               	andwf	_mask,w
  1316  06AF  1903               	btfsc	3,2
  1317  06B0  2EB2               	goto	u2071
  1318  06B1  2EB3               	goto	u2070
  1319  06B2                     u2071:
  1320  06B2  2EE2               	goto	l1990
  1321  06B3                     u2070:
  1322  06B3                     l1980:
  1323                           
  1324                           ;Probador1.c: 283:                                 RE2 = 1;
  1325  06B3  1509               	bsf	9,2	;volatile
  1326  06B4                     l1982:
  1327                           
  1328                           ;Probador1.c: 284:                                 _delay((unsigned long)((300)*(8000000
      +                          UL/4000.0)));
  1329  06B4  3004               	movlw	4
  1330  06B5  1283               	bcf	3,5	;RP0=0, select bank0
  1331  06B6  1303               	bcf	3,6	;RP1=0, select bank0
  1332  06B7  00B5               	movwf	??_main+2
  1333  06B8  300C               	movlw	12
  1334  06B9  00B4               	movwf	??_main+1
  1335  06BA  3033               	movlw	51
  1336  06BB  00B3               	movwf	??_main
  1337  06BC                     u2297:
  1338  06BC  0BB3               	decfsz	??_main,f
  1339  06BD  2EBC               	goto	u2297
  1340  06BE  0BB4               	decfsz	??_main+1,f
  1341  06BF  2EBC               	goto	u2297
  1342  06C0  0BB5               	decfsz	??_main+2,f
  1343  06C1  2EBC               	goto	u2297
  1344  06C2                     l1984:
  1345                           
  1346                           ;Probador1.c: 285:                                 RE2 = 0;
  1347  06C2  1283               	bcf	3,5	;RP0=0, select bank0
  1348  06C3  1303               	bcf	3,6	;RP1=0, select bank0
  1349  06C4  1109               	bcf	9,2	;volatile
  1350                           
  1351                           ;Probador1.c: 286:                                 _delay((unsigned long)((50)*(8000000U
      +                          L/4000.0)));
  1352  06C5  3082               	movlw	130
  1353  06C6  1283               	bcf	3,5	;RP0=0, select bank0
  1354  06C7  1303               	bcf	3,6	;RP1=0, select bank0
  1355  06C8  00B4               	movwf	??_main+1
  1356  06C9  30DD               	movlw	221
  1357  06CA  00B3               	movwf	??_main
  1358  06CB                     u2307:
  1359  06CB  0BB3               	decfsz	??_main,f
  1360  06CC  2ECB               	goto	u2307
  1361  06CD  0BB4               	decfsz	??_main+1,f
  1362  06CE  2ECB               	goto	u2307
  1363  06CF                     l1986:
  1364                           
  1365                           ;Probador1.c: 287:                                 mask = (1 << incremento);
  1366  06CF  3001               	movlw	1
  1367  06D0  1283               	bcf	3,5	;RP0=0, select bank0
  1368  06D1  1303               	bcf	3,6	;RP1=0, select bank0
  1369  06D2  00B3               	movwf	??_main
  1370  06D3  0A41               	incf	_incremento,w
  1371  06D4  2ED7               	goto	u2084
  1372  06D5                     u2085:
  1373  06D5  1003               	clrc
  1374  06D6  0DB3               	rlf	??_main,f
  1375  06D7                     u2084:
  1376  06D7  3EFF               	addlw	-1
  1377  06D8  1D03               	skipz
  1378  06D9  2ED5               	goto	u2085
  1379  06DA  0833               	movf	??_main,w
  1380  06DB  00FF               	movwf	btemp+1
  1381  06DC  087F               	movf	btemp+1,w
  1382  06DD  00BF               	movwf	_mask
  1383  06DE                     l1988:
  1384                           
  1385                           ;Probador1.c: 288:                                 incremento++;
  1386  06DE  3001               	movlw	1
  1387  06DF  00FF               	movwf	btemp+1
  1388  06E0  087F               	movf	btemp+1,w
  1389  06E1  07C1               	addwf	_incremento,f
  1390  06E2                     l1990:
  1391                           
  1392                           ;Probador1.c: 290:                             if (incremento == 9) {
  1393  06E2  3009               	movlw	9
  1394  06E3  0641               	xorwf	_incremento,w
  1395  06E4  1D03               	btfss	3,2
  1396  06E5  2EE7               	goto	u2091
  1397  06E6  2EE8               	goto	u2090
  1398  06E7                     u2091:
  1399  06E7  2EAD               	goto	l1978
  1400  06E8                     u2090:
  1401  06E8                     l1992:
  1402                           
  1403                           ;Probador1.c: 291:                                 puerto = 4;
  1404  06E8  3004               	movlw	4
  1405  06E9  00FF               	movwf	btemp+1
  1406  06EA  087F               	movf	btemp+1,w
  1407  06EB  00C0               	movwf	_puerto
  1408  06EC                     l1994:	
  1409                           ;Probador1.c: 292:                                 break;
  1410                           
  1411                           
  1412                           ;Probador1.c: 296:                     }
  1413  06EC  0841               	movf	_incremento,w
  1414  06ED  00FF               	movwf	btemp+1
  1415  06EE  087F               	movf	btemp+1,w
  1416  06EF  00B9               	movwf	main@i_207
  1417  06F0                     l1996:
  1418  06F0  0843               	movf	_nro_pin,w
  1419  06F1  0239               	subwf	main@i_207,w
  1420  06F2  1C03               	skipc
  1421  06F3  2EF5               	goto	u2101
  1422  06F4  2EF6               	goto	u2100
  1423  06F5                     u2101:
  1424  06F5  2EAD               	goto	l1978
  1425  06F6                     u2100:
  1426  06F6  2F91               	goto	l2054
  1427  06F7                     l1998:
  1428                           
  1429                           ;Probador1.c: 301:                 if (prueba == 0) {
  1430  06F7  083E               	movf	_prueba,w
  1431  06F8  1D03               	btfss	3,2
  1432  06F9  2EFB               	goto	u2111
  1433  06FA  2EFC               	goto	u2110
  1434  06FB                     u2111:
  1435  06FB  2F1D               	goto	l2018
  1436  06FC                     u2110:
  1437  06FC                     l2000:
  1438                           
  1439                           ;Probador1.c: 302:                     Prueba_sal();
  1440  06FC  120A  118A  2090  120A  118A  	fcall	_Prueba_sal
  1441  0701                     l2002:
  1442                           
  1443                           ;Probador1.c: 303:                     porte_ent();
  1444  0701  120A  118A  2048  120A  118A  	fcall	_porte_ent
  1445  0706                     l2004:
  1446                           
  1447                           ;Probador1.c: 305:                         if (RE1 == 1) {
  1448  0706  1283               	bcf	3,5	;RP0=0, select bank0
  1449  0707  1303               	bcf	3,6	;RP1=0, select bank0
  1450  0708  1C89               	btfss	9,1	;volatile
  1451  0709  2F0B               	goto	u2121
  1452  070A  2F0C               	goto	u2120
  1453  070B                     u2121:
  1454  070B  2F11               	goto	l193
  1455  070C                     u2120:
  1456  070C                     l2006:
  1457                           
  1458                           ;Probador1.c: 306:                             puerto = 4;
  1459  070C  3004               	movlw	4
  1460  070D  00FF               	movwf	btemp+1
  1461  070E  087F               	movf	btemp+1,w
  1462  070F  00C0               	movwf	_puerto
  1463  0710  2E98               	goto	l1964
  1464  0711                     l193:	
  1465                           ;Probador1.c: 309:                         }
  1466                           
  1467                           
  1468                           ;Probador1.c: 310:                         if (RE0 == 1) {
  1469  0711  1C09               	btfss	9,0	;volatile
  1470  0712  2F14               	goto	u2131
  1471  0713  2F15               	goto	u2130
  1472  0714                     u2131:
  1473  0714  2F06               	goto	l2004
  1474  0715                     u2130:
  1475  0715                     l2010:
  1476                           
  1477                           ;Probador1.c: 311:                             puerto = 0;
  1478  0715  01C0               	clrf	_puerto
  1479  0716                     l2012:
  1480                           
  1481                           ;Probador1.c: 312:                             prueba = 1;
  1482  0716  01BE               	clrf	_prueba
  1483  0717  0ABE               	incf	_prueba,f
  1484  0718                     l2014:
  1485                           
  1486                           ;Probador1.c: 313:                             nro_pin = 7;
  1487  0718  3007               	movlw	7
  1488  0719  00FF               	movwf	btemp+1
  1489  071A  087F               	movf	btemp+1,w
  1490  071B  00C3               	movwf	_nro_pin
  1491                           
  1492                           ;Probador1.c: 314:                             break;
  1493  071C  2F91               	goto	l2054
  1494  071D                     l2018:
  1495  071D  033E               	decf	_prueba,w
  1496  071E  1D03               	btfss	3,2
  1497  071F  2F21               	goto	u2141
  1498  0720  2F22               	goto	u2140
  1499  0721                     u2141:
  1500  0721  2F91               	goto	l2054
  1501  0722                     u2140:
  1502  0722                     l2020:
  1503                           
  1504                           ;Probador1.c: 319:                     incremento = 1;
  1505  0722  01C1               	clrf	_incremento
  1506  0723  0AC1               	incf	_incremento,f
  1507  0724                     l2022:
  1508                           
  1509                           ;Probador1.c: 320:                     nro_pin = 3;
  1510  0724  3003               	movlw	3
  1511  0725  00FF               	movwf	btemp+1
  1512  0726  087F               	movf	btemp+1,w
  1513  0727  00C3               	movwf	_nro_pin
  1514  0728                     l2024:
  1515                           
  1516                           ;Probador1.c: 321:                     mask = 1;
  1517  0728  01BF               	clrf	_mask
  1518  0729  0ABF               	incf	_mask,f
  1519  072A                     l2026:
  1520                           
  1521                           ;Probador1.c: 322:                     for (unsigned char i = 0; i < nro_pin; i = increm
      +                          ento) {
  1522  072A  01BA               	clrf	main@i_208
  1523  072B  2F71               	goto	l2050
  1524  072C                     l2028:
  1525                           
  1526                           ;Probador1.c: 324:                             if (PORTE & mask) {
  1527  072C  0809               	movf	9,w	;volatile
  1528  072D  053F               	andwf	_mask,w
  1529  072E  1903               	btfsc	3,2
  1530  072F  2F31               	goto	u2151
  1531  0730  2F32               	goto	u2150
  1532  0731                     u2151:
  1533  0731  2F61               	goto	l2040
  1534  0732                     u2150:
  1535  0732                     l2030:
  1536                           
  1537                           ;Probador1.c: 325:                                 RE2 = 1;
  1538  0732  1509               	bsf	9,2	;volatile
  1539  0733                     l2032:
  1540                           
  1541                           ;Probador1.c: 326:                                 _delay((unsigned long)((300)*(8000000
      +                          UL/4000.0)));
  1542  0733  3004               	movlw	4
  1543  0734  1283               	bcf	3,5	;RP0=0, select bank0
  1544  0735  1303               	bcf	3,6	;RP1=0, select bank0
  1545  0736  00B5               	movwf	??_main+2
  1546  0737  300C               	movlw	12
  1547  0738  00B4               	movwf	??_main+1
  1548  0739  3033               	movlw	51
  1549  073A  00B3               	movwf	??_main
  1550  073B                     u2317:
  1551  073B  0BB3               	decfsz	??_main,f
  1552  073C  2F3B               	goto	u2317
  1553  073D  0BB4               	decfsz	??_main+1,f
  1554  073E  2F3B               	goto	u2317
  1555  073F  0BB5               	decfsz	??_main+2,f
  1556  0740  2F3B               	goto	u2317
  1557  0741                     l2034:
  1558                           
  1559                           ;Probador1.c: 327:                                 RE2 = 0;
  1560  0741  1283               	bcf	3,5	;RP0=0, select bank0
  1561  0742  1303               	bcf	3,6	;RP1=0, select bank0
  1562  0743  1109               	bcf	9,2	;volatile
  1563                           
  1564                           ;Probador1.c: 328:                                 _delay((unsigned long)((50)*(8000000U
      +                          L/4000.0)));
  1565  0744  3082               	movlw	130
  1566  0745  1283               	bcf	3,5	;RP0=0, select bank0
  1567  0746  1303               	bcf	3,6	;RP1=0, select bank0
  1568  0747  00B4               	movwf	??_main+1
  1569  0748  30DD               	movlw	221
  1570  0749  00B3               	movwf	??_main
  1571  074A                     u2327:
  1572  074A  0BB3               	decfsz	??_main,f
  1573  074B  2F4A               	goto	u2327
  1574  074C  0BB4               	decfsz	??_main+1,f
  1575  074D  2F4A               	goto	u2327
  1576  074E                     l2036:
  1577                           
  1578                           ;Probador1.c: 329:                                 mask = (1 << incremento);
  1579  074E  3001               	movlw	1
  1580  074F  1283               	bcf	3,5	;RP0=0, select bank0
  1581  0750  1303               	bcf	3,6	;RP1=0, select bank0
  1582  0751  00B3               	movwf	??_main
  1583  0752  0A41               	incf	_incremento,w
  1584  0753  2F56               	goto	u2164
  1585  0754                     u2165:
  1586  0754  1003               	clrc
  1587  0755  0DB3               	rlf	??_main,f
  1588  0756                     u2164:
  1589  0756  3EFF               	addlw	-1
  1590  0757  1D03               	skipz
  1591  0758  2F54               	goto	u2165
  1592  0759  0833               	movf	??_main,w
  1593  075A  00FF               	movwf	btemp+1
  1594  075B  087F               	movf	btemp+1,w
  1595  075C  00BF               	movwf	_mask
  1596  075D                     l2038:
  1597                           
  1598                           ;Probador1.c: 330:                                 incremento++;
  1599  075D  3001               	movlw	1
  1600  075E  00FF               	movwf	btemp+1
  1601  075F  087F               	movf	btemp+1,w
  1602  0760  07C1               	addwf	_incremento,f
  1603  0761                     l2040:
  1604                           
  1605                           ;Probador1.c: 332:                             if (incremento == 4) {
  1606  0761  3004               	movlw	4
  1607  0762  0641               	xorwf	_incremento,w
  1608  0763  1D03               	btfss	3,2
  1609  0764  2F66               	goto	u2171
  1610  0765  2F67               	goto	u2170
  1611  0766                     u2171:
  1612  0766  2F2C               	goto	l2028
  1613  0767                     u2170:
  1614  0767                     l2042:
  1615                           
  1616                           ;Probador1.c: 333:                                 puerto = 0;
  1617  0767  01C0               	clrf	_puerto
  1618  0768                     l2044:
  1619                           
  1620                           ;Probador1.c: 334:                                 nro_pin = 7;
  1621  0768  3007               	movlw	7
  1622  0769  00FF               	movwf	btemp+1
  1623  076A  087F               	movf	btemp+1,w
  1624  076B  00C3               	movwf	_nro_pin
  1625  076C                     l2046:
  1626                           
  1627                           ;Probador1.c: 335:                                 prueba = 2;
  1628  076C  3002               	movlw	2
  1629  076D  00FF               	movwf	btemp+1
  1630  076E  087F               	movf	btemp+1,w
  1631  076F  00BE               	movwf	_prueba
  1632                           
  1633                           ;Probador1.c: 336:                                 break;
  1634  0770  2F91               	goto	l2054
  1635  0771                     l2050:
  1636  0771  0843               	movf	_nro_pin,w
  1637  0772  023A               	subwf	main@i_208,w
  1638  0773  1C03               	skipc
  1639  0774  2F76               	goto	u2181
  1640  0775  2F77               	goto	u2180
  1641  0776                     u2181:
  1642  0776  2F2C               	goto	l2028
  1643  0777                     u2180:
  1644  0777  2F91               	goto	l2054
  1645  0778                     l2052:
  1646  0778  0840               	movf	_puerto,w
  1647  0779  00B3               	movwf	??_main
  1648  077A  01B4               	clrf	??_main+1
  1649                           
  1650                           ; Switch on 2 bytes has been partitioned into a top level switch of size 1, and 1 sub-sw
      +                          itches
  1651                           ; Switch size 1, requested type "simple"
  1652                           ; Number of cases is 1, Range of values is 0 to 0
  1653                           ; switch strategies available:
  1654                           ; Name         Instructions Cycles
  1655                           ; simple_byte            4     3 (average)
  1656                           ; direct_byte           11     8 (fixed)
  1657                           ; jumptable            260     6 (fixed)
  1658                           ;	Chosen strategy is simple_byte
  1659  077B  0834               	movf	??_main+1,w
  1660  077C  3A00               	xorlw	0	; case 0
  1661  077D  1903               	skipnz
  1662  077E  2F80               	goto	l2146
  1663  077F  2F91               	goto	l2054
  1664  0780                     l2146:
  1665                           
  1666                           ; Switch size 1, requested type "simple"
  1667                           ; Number of cases is 5, Range of values is 0 to 4
  1668                           ; switch strategies available:
  1669                           ; Name         Instructions Cycles
  1670                           ; simple_byte           16     9 (average)
  1671                           ; direct_byte           23     8 (fixed)
  1672                           ; jumptable            260     6 (fixed)
  1673                           ;	Chosen strategy is simple_byte
  1674  0780  0833               	movf	??_main,w
  1675  0781  3A00               	xorlw	0	; case 0
  1676  0782  1903               	skipnz
  1677  0783  2D19               	goto	l1824
  1678  0784  3A01               	xorlw	1	; case 1
  1679  0785  1903               	skipnz
  1680  0786  2D95               	goto	l1870
  1681  0787  3A03               	xorlw	3	; case 2
  1682  0788  1903               	skipnz
  1683  0789  2E08               	goto	l1912
  1684  078A  3A01               	xorlw	1	; case 3
  1685  078B  1903               	skipnz
  1686  078C  2E7B               	goto	l1954
  1687  078D  3A07               	xorlw	7	; case 4
  1688  078E  1903               	skipnz
  1689  078F  2EF7               	goto	l1998
  1690  0790  2F91               	goto	l2054
  1691  0791                     l2054:
  1692                           
  1693                           ;Probador1.c: 345:         if (prueba == 2){
  1694  0791  3002               	movlw	2
  1695  0792  1283               	bcf	3,5	;RP0=0, select bank0
  1696  0793  1303               	bcf	3,6	;RP1=0, select bank0
  1697  0794  063E               	xorwf	_prueba,w
  1698  0795  1D03               	btfss	3,2
  1699  0796  2F98               	goto	u2191
  1700  0797  2F99               	goto	u2190
  1701  0798                     u2191:
  1702  0798  2FA4               	goto	l2060
  1703  0799                     u2190:
  1704  0799                     l2056:
  1705                           
  1706                           ;Probador1.c: 346:             ADC();
  1707  0799  120A  118A  23D4  120A  118A  	fcall	_ADC
  1708  079E                     l2058:
  1709                           
  1710                           ;Probador1.c: 347:             prueba = 3;
  1711  079E  3003               	movlw	3
  1712  079F  00FF               	movwf	btemp+1
  1713  07A0  087F               	movf	btemp+1,w
  1714  07A1  1283               	bcf	3,5	;RP0=0, select bank0
  1715  07A2  1303               	bcf	3,6	;RP1=0, select bank0
  1716  07A3  00BE               	movwf	_prueba
  1717  07A4                     l2060:
  1718                           
  1719                           ;Probador1.c: 350:         if (prueba == 3) {
  1720  07A4  3003               	movlw	3
  1721  07A5  063E               	xorwf	_prueba,w
  1722  07A6  1D03               	btfss	3,2
  1723  07A7  2FA9               	goto	u2201
  1724  07A8  2FAA               	goto	u2200
  1725  07A9                     u2201:
  1726  07A9  2D12               	goto	l116
  1727  07AA                     u2200:
  1728  07AA                     l2062:
  1729                           
  1730                           ;Probador1.c: 351:             port_conf_r1();
  1731  07AA  120A  118A  206F  120A  118A  	fcall	_port_conf_r1
  1732  07AF                     l2064:
  1733                           
  1734                           ;Probador1.c: 352:             porte_sal();
  1735  07AF  120A  118A  2044  120A  118A  	fcall	_porte_sal
  1736                           
  1737                           ;Probador1.c: 353:             for (unsigned char i; i < 3; i++) {
  1738  07B4  3003               	movlw	3
  1739  07B5  1283               	bcf	3,5	;RP0=0, select bank0
  1740  07B6  1303               	bcf	3,6	;RP1=0, select bank0
  1741  07B7  023B               	subwf	main@i_210,w
  1742  07B8  1C03               	skipc
  1743  07B9  2FBB               	goto	u2211
  1744  07BA  2FBC               	goto	u2210
  1745  07BB                     u2211:
  1746  07BB  2FBD               	goto	l2068
  1747  07BC                     u2210:
  1748  07BC  2FEA               	goto	l2078
  1749  07BD                     l2068:
  1750                           
  1751                           ;Probador1.c: 354:                 PORTE = 0xFF;
  1752  07BD  30FF               	movlw	255
  1753  07BE  0089               	movwf	9	;volatile
  1754                           
  1755                           ;Probador1.c: 355:                 _delay((unsigned long)((1000)*(8000000UL/4000.0)));
  1756  07BF  300B               	movlw	11
  1757  07C0  1283               	bcf	3,5	;RP0=0, select bank0
  1758  07C1  1303               	bcf	3,6	;RP1=0, select bank0
  1759  07C2  00B5               	movwf	??_main+2
  1760  07C3  3026               	movlw	38
  1761  07C4  00B4               	movwf	??_main+1
  1762  07C5  305D               	movlw	93
  1763  07C6  00B3               	movwf	??_main
  1764  07C7                     u2337:
  1765  07C7  0BB3               	decfsz	??_main,f
  1766  07C8  2FC7               	goto	u2337
  1767  07C9  0BB4               	decfsz	??_main+1,f
  1768  07CA  2FC7               	goto	u2337
  1769  07CB  0BB5               	decfsz	??_main+2,f
  1770  07CC  2FC7               	goto	u2337
  1771  07CD                     l2070:
  1772                           
  1773                           ;Probador1.c: 356:                 PORTE = 0;
  1774  07CD  1283               	bcf	3,5	;RP0=0, select bank0
  1775  07CE  1303               	bcf	3,6	;RP1=0, select bank0
  1776  07CF  0189               	clrf	9	;volatile
  1777  07D0                     l2072:
  1778                           
  1779                           ;Probador1.c: 357:                 _delay((unsigned long)((1000)*(8000000UL/4000.0)));
  1780  07D0  300B               	movlw	11
  1781  07D1  1283               	bcf	3,5	;RP0=0, select bank0
  1782  07D2  1303               	bcf	3,6	;RP1=0, select bank0
  1783  07D3  00B5               	movwf	??_main+2
  1784  07D4  3026               	movlw	38
  1785  07D5  00B4               	movwf	??_main+1
  1786  07D6  305D               	movlw	93
  1787  07D7  00B3               	movwf	??_main
  1788  07D8                     u2347:
  1789  07D8  0BB3               	decfsz	??_main,f
  1790  07D9  2FD8               	goto	u2347
  1791  07DA  0BB4               	decfsz	??_main+1,f
  1792  07DB  2FD8               	goto	u2347
  1793  07DC  0BB5               	decfsz	??_main+2,f
  1794  07DD  2FD8               	goto	u2347
  1795  07DE                     l2074:
  1796                           
  1797                           ;Probador1.c: 359:             }
  1798  07DE  3001               	movlw	1
  1799  07DF  00FF               	movwf	btemp+1
  1800  07E0  087F               	movf	btemp+1,w
  1801  07E1  1283               	bcf	3,5	;RP0=0, select bank0
  1802  07E2  1303               	bcf	3,6	;RP1=0, select bank0
  1803  07E3  07BB               	addwf	main@i_210,f
  1804  07E4                     l2076:
  1805  07E4  3003               	movlw	3
  1806  07E5  023B               	subwf	main@i_210,w
  1807  07E6  1C03               	skipc
  1808  07E7  2FE9               	goto	u2221
  1809  07E8  2FEA               	goto	u2220
  1810  07E9                     u2221:
  1811  07E9  2FBD               	goto	l2068
  1812  07EA                     u2220:
  1813  07EA                     l2078:
  1814                           
  1815                           ;Probador1.c: 360:             prueba = 0;
  1816  07EA  01BE               	clrf	_prueba
  1817                           
  1818                           ;Probador1.c: 361:             xx = 0;
  1819  07EB  01BD               	clrf	_xx
  1820  07EC  2D12               	goto	l116
  1821  07ED  120A  118A  2800   	ljmp	start
  1822  07F0                     __end_of_main:
  1823                           
  1824                           	psect	text1
  1825  0044                     __ptext1:	
  1826 ;; *************** function _porte_sal *****************
  1827 ;; Defined at:
  1828 ;;		line 391 in file "Probador1.c"
  1829 ;; Parameters:    Size  Location     Type
  1830 ;;		None
  1831 ;; Auto vars:     Size  Location     Type
  1832 ;;		None
  1833 ;; Return value:  Size  Location     Type
  1834 ;;                  1    wreg      void 
  1835 ;; Registers used:
  1836 ;;		status,2
  1837 ;; Tracked objects:
  1838 ;;		On entry : 0/0
  1839 ;;		On exit  : 0/0
  1840 ;;		Unchanged: 0/0
  1841 ;; Data sizes:     COMMON   BANK0   BANK1   BANK3   BANK2
  1842 ;;      Params:         0       0       0       0       0
  1843 ;;      Locals:         0       0       0       0       0
  1844 ;;      Temps:          0       0       0       0       0
  1845 ;;      Totals:         0       0       0       0       0
  1846 ;;Total ram usage:        0 bytes
  1847 ;; Hardware stack levels used:    1
  1848 ;; This function calls:
  1849 ;;		Nothing
  1850 ;; This function is called by:
  1851 ;;		_main
  1852 ;; This function uses a non-reentrant model
  1853 ;;
  1854                           
  1855                           
  1856                           ;psect for function _porte_sal
  1857  0044                     _porte_sal:
  1858  0044                     l1812:	
  1859                           ;incstack = 0
  1860                           ; Regs used in _porte_sal: [status,2]
  1861                           
  1862                           
  1863                           ;Probador1.c: 392:     TRISE = 0b00000000;
  1864  0044  1683               	bsf	3,5	;RP0=1, select bank1
  1865  0045  1303               	bcf	3,6	;RP1=0, select bank1
  1866  0046  0189               	clrf	9	;volatile
  1867  0047                     l225:
  1868  0047  0008               	return
  1869  0048                     __end_of_porte_sal:
  1870                           
  1871                           	psect	text2
  1872  0048                     __ptext2:	
  1873 ;; *************** function _porte_ent *****************
  1874 ;; Defined at:
  1875 ;;		line 387 in file "Probador1.c"
  1876 ;; Parameters:    Size  Location     Type
  1877 ;;		None
  1878 ;; Auto vars:     Size  Location     Type
  1879 ;;		None
  1880 ;; Return value:  Size  Location     Type
  1881 ;;                  1    wreg      void 
  1882 ;; Registers used:
  1883 ;;		wreg
  1884 ;; Tracked objects:
  1885 ;;		On entry : 0/0
  1886 ;;		On exit  : 0/0
  1887 ;;		Unchanged: 0/0
  1888 ;; Data sizes:     COMMON   BANK0   BANK1   BANK3   BANK2
  1889 ;;      Params:         0       0       0       0       0
  1890 ;;      Locals:         0       0       0       0       0
  1891 ;;      Temps:          0       0       0       0       0
  1892 ;;      Totals:         0       0       0       0       0
  1893 ;;Total ram usage:        0 bytes
  1894 ;; Hardware stack levels used:    1
  1895 ;; This function calls:
  1896 ;;		Nothing
  1897 ;; This function is called by:
  1898 ;;		_main
  1899 ;; This function uses a non-reentrant model
  1900 ;;
  1901                           
  1902                           
  1903                           ;psect for function _porte_ent
  1904  0048                     _porte_ent:
  1905  0048                     l1798:	
  1906                           ;incstack = 0
  1907                           ; Regs used in _porte_ent: [wreg]
  1908                           
  1909                           
  1910                           ;Probador1.c: 388:     TRISE = 0b00000011;
  1911  0048  3003               	movlw	3
  1912  0049  1683               	bsf	3,5	;RP0=1, select bank1
  1913  004A  1303               	bcf	3,6	;RP1=0, select bank1
  1914  004B  0089               	movwf	9	;volatile
  1915  004C                     l222:
  1916  004C  0008               	return
  1917  004D                     __end_of_porte_ent:
  1918                           
  1919                           	psect	text3
  1920  0061                     __ptext3:	
  1921 ;; *************** function _port_conf_r2 *****************
  1922 ;; Defined at:
  1923 ;;		line 367 in file "Probador1.c"
  1924 ;; Parameters:    Size  Location     Type
  1925 ;;		None
  1926 ;; Auto vars:     Size  Location     Type
  1927 ;;		None
  1928 ;; Return value:  Size  Location     Type
  1929 ;;                  1    wreg      void 
  1930 ;; Registers used:
  1931 ;;		wreg, status,2
  1932 ;; Tracked objects:
  1933 ;;		On entry : 0/0
  1934 ;;		On exit  : 0/0
  1935 ;;		Unchanged: 0/0
  1936 ;; Data sizes:     COMMON   BANK0   BANK1   BANK3   BANK2
  1937 ;;      Params:         0       0       0       0       0
  1938 ;;      Locals:         0       0       0       0       0
  1939 ;;      Temps:          0       0       0       0       0
  1940 ;;      Totals:         0       0       0       0       0
  1941 ;;Total ram usage:        0 bytes
  1942 ;; Hardware stack levels used:    1
  1943 ;; This function calls:
  1944 ;;		Nothing
  1945 ;; This function is called by:
  1946 ;;		_main
  1947 ;; This function uses a non-reentrant model
  1948 ;;
  1949                           
  1950                           
  1951                           ;psect for function _port_conf_r2
  1952  0061                     _port_conf_r2:
  1953  0061                     l1808:	
  1954                           ;incstack = 0
  1955                           ; Regs used in _port_conf_r2: [wreg+status,2]
  1956                           
  1957                           
  1958                           ;Probador1.c: 368:     TRISA = 0xFF;
  1959  0061  30FF               	movlw	255
  1960  0062  1683               	bsf	3,5	;RP0=1, select bank1
  1961  0063  1303               	bcf	3,6	;RP1=0, select bank1
  1962  0064  0085               	movwf	5	;volatile
  1963                           
  1964                           ;Probador1.c: 369:     TRISB = 0xFF;
  1965  0065  30FF               	movlw	255
  1966  0066  0086               	movwf	6	;volatile
  1967                           
  1968                           ;Probador1.c: 370:     TRISC = 0xFF;
  1969  0067  30FF               	movlw	255
  1970  0068  0087               	movwf	7	;volatile
  1971                           
  1972                           ;Probador1.c: 371:     TRISD = 0xFF;
  1973  0069  30FF               	movlw	255
  1974  006A  0088               	movwf	8	;volatile
  1975  006B                     l1810:
  1976                           
  1977                           ;Probador1.c: 372:     PORTE = 0x00;
  1978  006B  1283               	bcf	3,5	;RP0=0, select bank0
  1979  006C  1303               	bcf	3,6	;RP1=0, select bank0
  1980  006D  0189               	clrf	9	;volatile
  1981  006E                     l216:
  1982  006E  0008               	return
  1983  006F                     __end_of_port_conf_r2:
  1984                           
  1985                           	psect	text4
  1986  006F                     __ptext4:	
  1987 ;; *************** function _port_conf_r1 *****************
  1988 ;; Defined at:
  1989 ;;		line 375 in file "Probador1.c"
  1990 ;; Parameters:    Size  Location     Type
  1991 ;;		None
  1992 ;; Auto vars:     Size  Location     Type
  1993 ;;		None
  1994 ;; Return value:  Size  Location     Type
  1995 ;;                  1    wreg      void 
  1996 ;; Registers used:
  1997 ;;		wreg, status,2
  1998 ;; Tracked objects:
  1999 ;;		On entry : 0/0
  2000 ;;		On exit  : 0/0
  2001 ;;		Unchanged: 0/0
  2002 ;; Data sizes:     COMMON   BANK0   BANK1   BANK3   BANK2
  2003 ;;      Params:         0       0       0       0       0
  2004 ;;      Locals:         0       0       0       0       0
  2005 ;;      Temps:          0       0       0       0       0
  2006 ;;      Totals:         0       0       0       0       0
  2007 ;;Total ram usage:        0 bytes
  2008 ;; Hardware stack levels used:    1
  2009 ;; This function calls:
  2010 ;;		Nothing
  2011 ;; This function is called by:
  2012 ;;		_main
  2013 ;; This function uses a non-reentrant model
  2014 ;;
  2015                           
  2016                           
  2017                           ;psect for function _port_conf_r1
  2018  006F                     _port_conf_r1:
  2019  006F                     l1786:	
  2020                           ;incstack = 0
  2021                           ; Regs used in _port_conf_r1: [wreg+status,2]
  2022                           
  2023                           
  2024                           ;Probador1.c: 376:     TRISA = 0b00000000;
  2025  006F  1683               	bsf	3,5	;RP0=1, select bank1
  2026  0070  1303               	bcf	3,6	;RP1=0, select bank1
  2027  0071  0185               	clrf	5	;volatile
  2028                           
  2029                           ;Probador1.c: 377:     TRISB = 0b00000000;
  2030  0072  0186               	clrf	6	;volatile
  2031                           
  2032                           ;Probador1.c: 378:     TRISC = 0b00000000;
  2033  0073  0187               	clrf	7	;volatile
  2034                           
  2035                           ;Probador1.c: 379:     TRISD = 0b00000000;
  2036  0074  0188               	clrf	8	;volatile
  2037  0075                     l1788:
  2038                           
  2039                           ;Probador1.c: 380:     ADCON1 = 0b00000111;
  2040  0075  3007               	movlw	7
  2041  0076  009F               	movwf	31	;volatile
  2042  0077                     l1790:
  2043                           
  2044                           ;Probador1.c: 381:     PORTB = 0;
  2045  0077  1283               	bcf	3,5	;RP0=0, select bank0
  2046  0078  1303               	bcf	3,6	;RP1=0, select bank0
  2047  0079  0186               	clrf	6	;volatile
  2048  007A                     l1792:
  2049                           
  2050                           ;Probador1.c: 382:     PORTC = 0;
  2051  007A  0187               	clrf	7	;volatile
  2052  007B                     l1794:
  2053                           
  2054                           ;Probador1.c: 383:     PORTD = 0;
  2055  007B  0188               	clrf	8	;volatile
  2056  007C                     l1796:
  2057                           
  2058                           ;Probador1.c: 384:     PORTE = 0;
  2059  007C  0189               	clrf	9	;volatile
  2060  007D                     l219:
  2061  007D  0008               	return
  2062  007E                     __end_of_port_conf_r1:
  2063                           
  2064                           	psect	text5
  2065  0090                     __ptext5:	
  2066 ;; *************** function _Prueba_sal *****************
  2067 ;; Defined at:
  2068 ;;		line 395 in file "Probador1.c"
  2069 ;; Parameters:    Size  Location     Type
  2070 ;;		None
  2071 ;; Auto vars:     Size  Location     Type
  2072 ;;  i               1    4[COMMON] unsigned char 
  2073 ;; Return value:  Size  Location     Type
  2074 ;;                  1    wreg      void 
  2075 ;; Registers used:
  2076 ;;		wreg, fsr0l, fsr0h, status,2, status,0, btemp+1, pclath, cstack
  2077 ;; Tracked objects:
  2078 ;;		On entry : 0/0
  2079 ;;		On exit  : 0/0
  2080 ;;		Unchanged: 0/0
  2081 ;; Data sizes:     COMMON   BANK0   BANK1   BANK3   BANK2
  2082 ;;      Params:         0       0       0       0       0
  2083 ;;      Locals:         1       0       0       0       0
  2084 ;;      Temps:          0       0       0       0       0
  2085 ;;      Totals:         1       0       0       0       0
  2086 ;;Total ram usage:        1 bytes
  2087 ;; Hardware stack levels used:    1
  2088 ;; Hardware stack levels required when called:    1
  2089 ;; This function calls:
  2090 ;;		_salidas
  2091 ;; This function is called by:
  2092 ;;		_main
  2093 ;; This function uses a non-reentrant model
  2094 ;;
  2095                           
  2096                           
  2097                           ;psect for function _Prueba_sal
  2098  0090                     _Prueba_sal:
  2099  0090                     l1800:	
  2100                           ;incstack = 0
  2101                           ; Regs used in _Prueba_sal: [wreg-fsr0h+status,2+status,0+btemp+1+pclath+cstack]
  2102                           
  2103                           
  2104                           ;Probador1.c: 396:     for (unsigned char i = 0; i < nro_pin; i++) {
  2105  0090  01F4               	clrf	Prueba_sal@i
  2106  0091  289C               	goto	l1806
  2107  0092                     l1802:
  2108                           
  2109                           ;Probador1.c: 397:         salidas(i);
  2110  0092  0874               	movf	Prueba_sal@i,w
  2111  0093  120A  118A  214E  120A  118A  	fcall	_salidas
  2112  0098                     l1804:
  2113                           
  2114                           ;Probador1.c: 398:     }
  2115  0098  3001               	movlw	1
  2116  0099  00FF               	movwf	btemp+1
  2117  009A  087F               	movf	btemp+1,w
  2118  009B  07F4               	addwf	Prueba_sal@i,f
  2119  009C                     l1806:
  2120  009C  1283               	bcf	3,5	;RP0=0, select bank0
  2121  009D  1303               	bcf	3,6	;RP1=0, select bank0
  2122  009E  0843               	movf	_nro_pin,w
  2123  009F  0274               	subwf	Prueba_sal@i,w
  2124  00A0  1C03               	skipc
  2125  00A1  28A3               	goto	u1761
  2126  00A2  28A4               	goto	u1760
  2127  00A3                     u1761:
  2128  00A3  2892               	goto	l1802
  2129  00A4                     u1760:
  2130  00A4                     l231:
  2131  00A4  0008               	return
  2132  00A5                     __end_of_Prueba_sal:
  2133                           
  2134                           	psect	text6
  2135  014E                     __ptext6:	
  2136 ;; *************** function _salidas *****************
  2137 ;; Defined at:
  2138 ;;		line 401 in file "Probador1.c"
  2139 ;; Parameters:    Size  Location     Type
  2140 ;;  i               1    wreg     unsigned char 
  2141 ;; Auto vars:     Size  Location     Type
  2142 ;;  i               1    3[COMMON] unsigned char 
  2143 ;; Return value:  Size  Location     Type
  2144 ;;                  1    wreg      void 
  2145 ;; Registers used:
  2146 ;;		wreg, fsr0l, fsr0h, status,2, status,0
  2147 ;; Tracked objects:
  2148 ;;		On entry : 0/0
  2149 ;;		On exit  : 0/0
  2150 ;;		Unchanged: 0/0
  2151 ;; Data sizes:     COMMON   BANK0   BANK1   BANK3   BANK2
  2152 ;;      Params:         0       0       0       0       0
  2153 ;;      Locals:         1       0       0       0       0
  2154 ;;      Temps:          3       0       0       0       0
  2155 ;;      Totals:         4       0       0       0       0
  2156 ;;Total ram usage:        4 bytes
  2157 ;; Hardware stack levels used:    1
  2158 ;; This function calls:
  2159 ;;		Nothing
  2160 ;; This function is called by:
  2161 ;;		_Prueba_sal
  2162 ;; This function uses a non-reentrant model
  2163 ;;
  2164                           
  2165                           
  2166                           ;psect for function _salidas
  2167  014E                     _salidas:
  2168                           
  2169                           ;incstack = 0
  2170                           ; Regs used in _salidas: [wreg-fsr0h+status,2+status,0]
  2171                           ;salidas@i stored from wreg
  2172  014E  00F3               	movwf	salidas@i
  2173  014F                     l1640:
  2174                           
  2175                           ;Probador1.c: 402:     switch (puerto) {
  2176  014F  2998               	goto	l1664
  2177  0150                     l1642:
  2178                           
  2179                           ;Probador1.c: 404:             PORTA = (1 << i);
  2180  0150  3001               	movlw	1
  2181  0151  00F0               	movwf	??_salidas
  2182  0152  0A73               	incf	salidas@i,w
  2183  0153  2956               	goto	u1334
  2184  0154                     u1335:
  2185  0154  1003               	clrc
  2186  0155  0DF0               	rlf	??_salidas,f
  2187  0156                     u1334:
  2188  0156  3EFF               	addlw	-1
  2189  0157  1D03               	skipz
  2190  0158  2954               	goto	u1335
  2191  0159  0870               	movf	??_salidas,w
  2192  015A  0085               	movwf	5	;volatile
  2193  015B                     l1644:
  2194                           
  2195                           ;Probador1.c: 405:             _delay((unsigned long)((150)*(8000000UL/4000.0)));
  2196  015B  3002               	movlw	2
  2197  015C  00F2               	movwf	??_salidas+2
  2198  015D  3086               	movlw	134
  2199  015E  00F1               	movwf	??_salidas+1
  2200  015F  3099               	movlw	153
  2201  0160  00F0               	movwf	??_salidas
  2202  0161                     u2357:
  2203  0161  0BF0               	decfsz	??_salidas,f
  2204  0162  2961               	goto	u2357
  2205  0163  0BF1               	decfsz	??_salidas+1,f
  2206  0164  2961               	goto	u2357
  2207  0165  0BF2               	decfsz	??_salidas+2,f
  2208  0166  2961               	goto	u2357
  2209                           
  2210                           ;Probador1.c: 406:             break;
  2211  0167  29B3               	goto	l241
  2212  0168                     l1646:
  2213                           
  2214                           ;Probador1.c: 408:             PORTB = (1 << i);
  2215  0168  3001               	movlw	1
  2216  0169  00F0               	movwf	??_salidas
  2217  016A  0A73               	incf	salidas@i,w
  2218  016B  296E               	goto	u1344
  2219  016C                     u1345:
  2220  016C  1003               	clrc
  2221  016D  0DF0               	rlf	??_salidas,f
  2222  016E                     u1344:
  2223  016E  3EFF               	addlw	-1
  2224  016F  1D03               	skipz
  2225  0170  296C               	goto	u1345
  2226  0171  0870               	movf	??_salidas,w
  2227  0172  0086               	movwf	6	;volatile
  2228  0173  295B               	goto	l1644
  2229  0174                     l1650:
  2230                           
  2231                           ;Probador1.c: 412:             PORTC = (1 << i);
  2232  0174  3001               	movlw	1
  2233  0175  00F0               	movwf	??_salidas
  2234  0176  0A73               	incf	salidas@i,w
  2235  0177  297A               	goto	u1354
  2236  0178                     u1355:
  2237  0178  1003               	clrc
  2238  0179  0DF0               	rlf	??_salidas,f
  2239  017A                     u1354:
  2240  017A  3EFF               	addlw	-1
  2241  017B  1D03               	skipz
  2242  017C  2978               	goto	u1355
  2243  017D  0870               	movf	??_salidas,w
  2244  017E  0087               	movwf	7	;volatile
  2245  017F  295B               	goto	l1644
  2246  0180                     l1654:
  2247                           
  2248                           ;Probador1.c: 416:             PORTD = (1 << i);
  2249  0180  3001               	movlw	1
  2250  0181  00F0               	movwf	??_salidas
  2251  0182  0A73               	incf	salidas@i,w
  2252  0183  2986               	goto	u1364
  2253  0184                     u1365:
  2254  0184  1003               	clrc
  2255  0185  0DF0               	rlf	??_salidas,f
  2256  0186                     u1364:
  2257  0186  3EFF               	addlw	-1
  2258  0187  1D03               	skipz
  2259  0188  2984               	goto	u1365
  2260  0189  0870               	movf	??_salidas,w
  2261  018A  0088               	movwf	8	;volatile
  2262  018B  295B               	goto	l1644
  2263  018C                     l1658:
  2264                           
  2265                           ;Probador1.c: 420:             PORTE = (1 << i);
  2266  018C  3001               	movlw	1
  2267  018D  00F0               	movwf	??_salidas
  2268  018E  0A73               	incf	salidas@i,w
  2269  018F  2992               	goto	u1374
  2270  0190                     u1375:
  2271  0190  1003               	clrc
  2272  0191  0DF0               	rlf	??_salidas,f
  2273  0192                     u1374:
  2274  0192  3EFF               	addlw	-1
  2275  0193  1D03               	skipz
  2276  0194  2990               	goto	u1375
  2277  0195  0870               	movf	??_salidas,w
  2278  0196  0089               	movwf	9	;volatile
  2279  0197  295B               	goto	l1644
  2280  0198                     l1664:
  2281  0198  1283               	bcf	3,5	;RP0=0, select bank0
  2282  0199  1303               	bcf	3,6	;RP1=0, select bank0
  2283  019A  0840               	movf	_puerto,w
  2284  019B  00F0               	movwf	??_salidas
  2285  019C  01F1               	clrf	??_salidas+1
  2286                           
  2287                           ; Switch on 2 bytes has been partitioned into a top level switch of size 1, and 1 sub-sw
      +                          itches
  2288                           ; Switch size 1, requested type "simple"
  2289                           ; Number of cases is 1, Range of values is 0 to 0
  2290                           ; switch strategies available:
  2291                           ; Name         Instructions Cycles
  2292                           ; simple_byte            4     3 (average)
  2293                           ; direct_byte           11     8 (fixed)
  2294                           ; jumptable            260     6 (fixed)
  2295                           ;	Chosen strategy is simple_byte
  2296  019D  0871               	movf	??_salidas+1,w
  2297  019E  3A00               	xorlw	0	; case 0
  2298  019F  1903               	skipnz
  2299  01A0  29A2               	goto	l2148
  2300  01A1  29B3               	goto	l241
  2301  01A2                     l2148:
  2302                           
  2303                           ; Switch size 1, requested type "simple"
  2304                           ; Number of cases is 5, Range of values is 0 to 4
  2305                           ; switch strategies available:
  2306                           ; Name         Instructions Cycles
  2307                           ; simple_byte           16     9 (average)
  2308                           ; direct_byte           23     8 (fixed)
  2309                           ; jumptable            260     6 (fixed)
  2310                           ;	Chosen strategy is simple_byte
  2311  01A2  0870               	movf	??_salidas,w
  2312  01A3  3A00               	xorlw	0	; case 0
  2313  01A4  1903               	skipnz
  2314  01A5  2950               	goto	l1642
  2315  01A6  3A01               	xorlw	1	; case 1
  2316  01A7  1903               	skipnz
  2317  01A8  2968               	goto	l1646
  2318  01A9  3A03               	xorlw	3	; case 2
  2319  01AA  1903               	skipnz
  2320  01AB  2974               	goto	l1650
  2321  01AC  3A01               	xorlw	1	; case 3
  2322  01AD  1903               	skipnz
  2323  01AE  2980               	goto	l1654
  2324  01AF  3A07               	xorlw	7	; case 4
  2325  01B0  1903               	skipnz
  2326  01B1  298C               	goto	l1658
  2327  01B2  29B3               	goto	l241
  2328  01B3                     l241:
  2329  01B3  0008               	return
  2330  01B4                     __end_of_salidas:
  2331                           
  2332                           	psect	text7
  2333  03D4                     __ptext7:	
  2334 ;; *************** function _ADC *****************
  2335 ;; Defined at:
  2336 ;;		line 80 in file "Probador1.c"
  2337 ;; Parameters:    Size  Location     Type
  2338 ;;		None
  2339 ;; Auto vars:     Size  Location     Type
  2340 ;;  valor           2   17[BANK0 ] unsigned int 
  2341 ;;  i               2   15[BANK0 ] unsigned int 
  2342 ;; Return value:  Size  Location     Type
  2343 ;;                  1    wreg      void 
  2344 ;; Registers used:
  2345 ;;		wreg, fsr0l, fsr0h, status,2, status,0, btemp+1, pclath, cstack
  2346 ;; Tracked objects:
  2347 ;;		On entry : 0/0
  2348 ;;		On exit  : 0/0
  2349 ;;		Unchanged: 0/0
  2350 ;; Data sizes:     COMMON   BANK0   BANK1   BANK3   BANK2
  2351 ;;      Params:         0       0       0       0       0
  2352 ;;      Locals:         0       4       0       0       0
  2353 ;;      Temps:          0       3       0       0       0
  2354 ;;      Totals:         0       7       0       0       0
  2355 ;;Total ram usage:        7 bytes
  2356 ;; Hardware stack levels used:    1
  2357 ;; Hardware stack levels required when called:    3
  2358 ;; This function calls:
  2359 ;;		_ADC_Init
  2360 ;;		_ADC_Read
  2361 ;;		___flge
  2362 ;;		___xxtofl
  2363 ;;		_printf
  2364 ;; This function is called by:
  2365 ;;		_main
  2366 ;; This function uses a non-reentrant model
  2367 ;;
  2368                           
  2369                           
  2370                           ;psect for function _ADC
  2371  03D4                     _ADC:
  2372  03D4                     l1738:	
  2373                           ;incstack = 0
  2374                           ; Regs used in _ADC: [wreg-fsr0h+status,2+status,0+btemp+1+pclath+cstack]
  2375                           
  2376                           
  2377                           ;Probador1.c: 82:     ADC_Init();
  2378  03D4  120A  118A  207E  120A  118A  	fcall	_ADC_Init
  2379  03D9                     l1740:
  2380                           
  2381                           ;Probador1.c: 83:     TRISC = 0b00000000;
  2382  03D9  1683               	bsf	3,5	;RP0=1, select bank1
  2383  03DA  1303               	bcf	3,6	;RP1=0, select bank1
  2384  03DB  0187               	clrf	7	;volatile
  2385  03DC                     l1742:
  2386                           
  2387                           ;Probador1.c: 86:     printf("inicio");
  2388  03DC  3016               	movlw	(low ((STR_1-__stringbase)| (0+32768)))& (0+255)
  2389  03DD  120A  118A  2312  120A  118A  	fcall	_printf
  2390  03E2                     l1744:
  2391                           
  2392                           ;Probador1.c: 88:     for(unsigned int i; i <(3*60/0.150);i++) {
  2393  03E2  1283               	bcf	3,5	;RP0=0, select bank0
  2394  03E3  1303               	bcf	3,6	;RP1=0, select bank0
  2395  03E4  082F               	movf	ADC@i,w
  2396  03E5  00F0               	movwf	___xxtofl@val
  2397  03E6  0830               	movf	ADC@i+1,w
  2398  03E7  00F1               	movwf	___xxtofl@val+1
  2399  03E8  01F2               	clrf	___xxtofl@val+2
  2400  03E9  01F3               	clrf	___xxtofl@val+3
  2401  03EA  3000               	movlw	0
  2402  03EB  120A  118A  2258  120A  118A  	fcall	___xxtofl
  2403  03F0  0873               	movf	?___xxtofl+3,w
  2404  03F1  1283               	bcf	3,5	;RP0=0, select bank0
  2405  03F2  1303               	bcf	3,6	;RP1=0, select bank0
  2406  03F3  00A3               	movwf	___flge@ff1+3
  2407  03F4  0872               	movf	?___xxtofl+2,w
  2408  03F5  00A2               	movwf	___flge@ff1+2
  2409  03F6  0871               	movf	?___xxtofl+1,w
  2410  03F7  00A1               	movwf	___flge@ff1+1
  2411  03F8  0870               	movf	?___xxtofl,w
  2412  03F9  00A0               	movwf	___flge@ff1
  2413  03FA  3044               	movlw	68
  2414  03FB  00A7               	movwf	___flge@ff2+3
  2415  03FC  3096               	movlw	150
  2416  03FD  00A6               	movwf	___flge@ff2+2
  2417  03FE  3000               	movlw	0
  2418  03FF  00A5               	movwf	___flge@ff2+1
  2419  0400  3000               	movlw	0
  2420  0401  00A4               	movwf	___flge@ff2
  2421  0402  120A  118A  21B4  120A  118A  	fcall	___flge
  2422  0407  1C03               	btfss	3,0
  2423  0408  2C0A               	goto	u1591
  2424  0409  2C0B               	goto	u1590
  2425  040A                     u1591:
  2426  040A  2C0C               	goto	l1748
  2427  040B                     u1590:
  2428  040B  2CF9               	goto	l110
  2429  040C                     l1748:
  2430                           
  2431                           ;Probador1.c: 90:         unsigned int valor = ADC_Read(1);
  2432  040C  3001               	movlw	1
  2433  040D  120A  118A  20A5  120A  118A  	fcall	_ADC_Read
  2434  0412  0871               	movf	?_ADC_Read+1,w
  2435  0413  1283               	bcf	3,5	;RP0=0, select bank0
  2436  0414  1303               	bcf	3,6	;RP1=0, select bank0
  2437  0415  00B2               	movwf	ADC@valor+1
  2438  0416  0870               	movf	?_ADC_Read,w
  2439  0417  00B1               	movwf	ADC@valor
  2440  0418                     l1750:
  2441                           
  2442                           ;Probador1.c: 91:         printf("AN1 = %u\r\n", valor);
  2443  0418  0832               	movf	ADC@valor+1,w
  2444  0419  00FD               	movwf	?_printf+1
  2445  041A  0831               	movf	ADC@valor,w
  2446  041B  00FC               	movwf	?_printf
  2447  041C  300B               	movlw	(low ((STR_2-__stringbase)| (0+32768)))& (0+255)
  2448  041D  120A  118A  2312  120A  118A  	fcall	_printf
  2449  0422                     l1752:
  2450                           
  2451                           ;Probador1.c: 92:         if (valor >= 0 & valor < 125 ){
  2452  0422  3000               	movlw	0
  2453  0423  1283               	bcf	3,5	;RP0=0, select bank0
  2454  0424  1303               	bcf	3,6	;RP1=0, select bank0
  2455  0425  0232               	subwf	ADC@valor+1,w
  2456  0426  307D               	movlw	125
  2457  0427  1903               	skipnz
  2458  0428  0231               	subwf	ADC@valor,w
  2459  0429  1803               	skipnc
  2460  042A  2C2C               	goto	u1601
  2461  042B  2C2D               	goto	u1600
  2462  042C                     u1601:
  2463  042C  2C2F               	goto	l102
  2464  042D                     u1600:
  2465  042D                     l1754:
  2466                           
  2467                           ;Probador1.c: 93:             PORTC = 0b010000000;
  2468  042D  3080               	movlw	128
  2469  042E  0087               	movwf	7	;volatile
  2470  042F                     l102:	
  2471                           ;Probador1.c: 94:         }
  2472                           
  2473                           
  2474                           ;Probador1.c: 95:         if (valor >= 125 & valor < 250 ){
  2475  042F  3000               	movlw	0
  2476  0430  0232               	subwf	ADC@valor+1,w
  2477  0431  307D               	movlw	125
  2478  0432  1903               	skipnz
  2479  0433  0231               	subwf	ADC@valor,w
  2480  0434  1C03               	skipc
  2481  0435  2C37               	goto	u1611
  2482  0436  2C38               	goto	u1610
  2483  0437                     u1611:
  2484  0437  2C43               	goto	l103
  2485  0438                     u1610:
  2486  0438                     l1756:
  2487  0438  3000               	movlw	0
  2488  0439  0232               	subwf	ADC@valor+1,w
  2489  043A  30FA               	movlw	250
  2490  043B  1903               	skipnz
  2491  043C  0231               	subwf	ADC@valor,w
  2492  043D  1803               	skipnc
  2493  043E  2C40               	goto	u1621
  2494  043F  2C41               	goto	u1620
  2495  0440                     u1621:
  2496  0440  2C43               	goto	l103
  2497  0441                     u1620:
  2498  0441                     l1758:
  2499                           
  2500                           ;Probador1.c: 96:             PORTC = 0b11000000;
  2501  0441  30C0               	movlw	192
  2502  0442  0087               	movwf	7	;volatile
  2503  0443                     l103:	
  2504                           ;Probador1.c: 97:         }
  2505                           
  2506                           
  2507                           ;Probador1.c: 98:         if (valor >= 250 & valor < 375 ){
  2508  0443  3000               	movlw	0
  2509  0444  0232               	subwf	ADC@valor+1,w
  2510  0445  30FA               	movlw	250
  2511  0446  1903               	skipnz
  2512  0447  0231               	subwf	ADC@valor,w
  2513  0448  1C03               	skipc
  2514  0449  2C4B               	goto	u1631
  2515  044A  2C4C               	goto	u1630
  2516  044B                     u1631:
  2517  044B  2C57               	goto	l104
  2518  044C                     u1630:
  2519  044C                     l1760:
  2520  044C  3001               	movlw	1
  2521  044D  0232               	subwf	ADC@valor+1,w
  2522  044E  3077               	movlw	119
  2523  044F  1903               	skipnz
  2524  0450  0231               	subwf	ADC@valor,w
  2525  0451  1803               	skipnc
  2526  0452  2C54               	goto	u1641
  2527  0453  2C55               	goto	u1640
  2528  0454                     u1641:
  2529  0454  2C57               	goto	l104
  2530  0455                     u1640:
  2531  0455                     l1762:
  2532                           
  2533                           ;Probador1.c: 99:             PORTC = 0b11100000;
  2534  0455  30E0               	movlw	224
  2535  0456  0087               	movwf	7	;volatile
  2536  0457                     l104:	
  2537                           ;Probador1.c: 100:         }
  2538                           
  2539                           
  2540                           ;Probador1.c: 101:         if (valor >= 375 & valor < 500 ){
  2541  0457  3001               	movlw	1
  2542  0458  0232               	subwf	ADC@valor+1,w
  2543  0459  3077               	movlw	119
  2544  045A  1903               	skipnz
  2545  045B  0231               	subwf	ADC@valor,w
  2546  045C  1C03               	skipc
  2547  045D  2C5F               	goto	u1651
  2548  045E  2C60               	goto	u1650
  2549  045F                     u1651:
  2550  045F  2C6B               	goto	l105
  2551  0460                     u1650:
  2552  0460                     l1764:
  2553  0460  3001               	movlw	1
  2554  0461  0232               	subwf	ADC@valor+1,w
  2555  0462  30F4               	movlw	244
  2556  0463  1903               	skipnz
  2557  0464  0231               	subwf	ADC@valor,w
  2558  0465  1803               	skipnc
  2559  0466  2C68               	goto	u1661
  2560  0467  2C69               	goto	u1660
  2561  0468                     u1661:
  2562  0468  2C6B               	goto	l105
  2563  0469                     u1660:
  2564  0469                     l1766:
  2565                           
  2566                           ;Probador1.c: 102:             PORTC = 0b11110000;
  2567  0469  30F0               	movlw	240
  2568  046A  0087               	movwf	7	;volatile
  2569  046B                     l105:	
  2570                           ;Probador1.c: 103:         }
  2571                           
  2572                           
  2573                           ;Probador1.c: 104:         if (valor >= 500 & valor < 625 ){
  2574  046B  3001               	movlw	1
  2575  046C  0232               	subwf	ADC@valor+1,w
  2576  046D  30F4               	movlw	244
  2577  046E  1903               	skipnz
  2578  046F  0231               	subwf	ADC@valor,w
  2579  0470  1C03               	skipc
  2580  0471  2C73               	goto	u1671
  2581  0472  2C74               	goto	u1670
  2582  0473                     u1671:
  2583  0473  2C7F               	goto	l106
  2584  0474                     u1670:
  2585  0474                     l1768:
  2586  0474  3002               	movlw	2
  2587  0475  0232               	subwf	ADC@valor+1,w
  2588  0476  3071               	movlw	113
  2589  0477  1903               	skipnz
  2590  0478  0231               	subwf	ADC@valor,w
  2591  0479  1803               	skipnc
  2592  047A  2C7C               	goto	u1681
  2593  047B  2C7D               	goto	u1680
  2594  047C                     u1681:
  2595  047C  2C7F               	goto	l106
  2596  047D                     u1680:
  2597  047D                     l1770:
  2598                           
  2599                           ;Probador1.c: 105:             PORTC = 0b11111000;
  2600  047D  30F8               	movlw	248
  2601  047E  0087               	movwf	7	;volatile
  2602  047F                     l106:	
  2603                           ;Probador1.c: 106:         }
  2604                           
  2605                           
  2606                           ;Probador1.c: 107:         if (valor >= 625 & valor < 750 ){
  2607  047F  3002               	movlw	2
  2608  0480  0232               	subwf	ADC@valor+1,w
  2609  0481  3071               	movlw	113
  2610  0482  1903               	skipnz
  2611  0483  0231               	subwf	ADC@valor,w
  2612  0484  1C03               	skipc
  2613  0485  2C87               	goto	u1691
  2614  0486  2C88               	goto	u1690
  2615  0487                     u1691:
  2616  0487  2C93               	goto	l107
  2617  0488                     u1690:
  2618  0488                     l1772:
  2619  0488  3002               	movlw	2
  2620  0489  0232               	subwf	ADC@valor+1,w
  2621  048A  30EE               	movlw	238
  2622  048B  1903               	skipnz
  2623  048C  0231               	subwf	ADC@valor,w
  2624  048D  1803               	skipnc
  2625  048E  2C90               	goto	u1701
  2626  048F  2C91               	goto	u1700
  2627  0490                     u1701:
  2628  0490  2C93               	goto	l107
  2629  0491                     u1700:
  2630  0491                     l1774:
  2631                           
  2632                           ;Probador1.c: 108:             PORTC = 0b11111100;
  2633  0491  30FC               	movlw	252
  2634  0492  0087               	movwf	7	;volatile
  2635  0493                     l107:	
  2636                           ;Probador1.c: 109:         }
  2637                           
  2638                           
  2639                           ;Probador1.c: 110:         if (valor >= 750 & valor < 875 ){
  2640  0493  3002               	movlw	2
  2641  0494  0232               	subwf	ADC@valor+1,w
  2642  0495  30EE               	movlw	238
  2643  0496  1903               	skipnz
  2644  0497  0231               	subwf	ADC@valor,w
  2645  0498  1C03               	skipc
  2646  0499  2C9B               	goto	u1711
  2647  049A  2C9C               	goto	u1710
  2648  049B                     u1711:
  2649  049B  2CA7               	goto	l108
  2650  049C                     u1710:
  2651  049C                     l1776:
  2652  049C  3003               	movlw	3
  2653  049D  0232               	subwf	ADC@valor+1,w
  2654  049E  306B               	movlw	107
  2655  049F  1903               	skipnz
  2656  04A0  0231               	subwf	ADC@valor,w
  2657  04A1  1803               	skipnc
  2658  04A2  2CA4               	goto	u1721
  2659  04A3  2CA5               	goto	u1720
  2660  04A4                     u1721:
  2661  04A4  2CA7               	goto	l108
  2662  04A5                     u1720:
  2663  04A5                     l1778:
  2664                           
  2665                           ;Probador1.c: 111:             PORTC = 0b11111110;
  2666  04A5  30FE               	movlw	254
  2667  04A6  0087               	movwf	7	;volatile
  2668  04A7                     l108:	
  2669                           ;Probador1.c: 112:         }
  2670                           
  2671                           
  2672                           ;Probador1.c: 113:         if (valor >= 875 & valor < 1025 ){
  2673  04A7  3003               	movlw	3
  2674  04A8  0232               	subwf	ADC@valor+1,w
  2675  04A9  306B               	movlw	107
  2676  04AA  1903               	skipnz
  2677  04AB  0231               	subwf	ADC@valor,w
  2678  04AC  1C03               	skipc
  2679  04AD  2CAF               	goto	u1731
  2680  04AE  2CB0               	goto	u1730
  2681  04AF                     u1731:
  2682  04AF  2CBB               	goto	l109
  2683  04B0                     u1730:
  2684  04B0                     l1780:
  2685  04B0  3004               	movlw	4
  2686  04B1  0232               	subwf	ADC@valor+1,w
  2687  04B2  3001               	movlw	1
  2688  04B3  1903               	skipnz
  2689  04B4  0231               	subwf	ADC@valor,w
  2690  04B5  1803               	skipnc
  2691  04B6  2CB8               	goto	u1741
  2692  04B7  2CB9               	goto	u1740
  2693  04B8                     u1741:
  2694  04B8  2CBB               	goto	l109
  2695  04B9                     u1740:
  2696  04B9                     l1782:
  2697                           
  2698                           ;Probador1.c: 114:             PORTC = 0b11111111;
  2699  04B9  30FF               	movlw	255
  2700  04BA  0087               	movwf	7	;volatile
  2701  04BB                     l109:	
  2702                           ;Probador1.c: 115:         }
  2703                           
  2704                           
  2705                           ;Probador1.c: 117:         _delay((unsigned long)((150)*(8000000UL/4000.0)));
  2706  04BB  3002               	movlw	2
  2707  04BC  1283               	bcf	3,5	;RP0=0, select bank0
  2708  04BD  1303               	bcf	3,6	;RP1=0, select bank0
  2709  04BE  00AE               	movwf	??_ADC+2
  2710  04BF  3086               	movlw	134
  2711  04C0  00AD               	movwf	??_ADC+1
  2712  04C1  3098               	movlw	152
  2713  04C2  00AC               	movwf	??_ADC
  2714  04C3                     u2367:
  2715  04C3  0BAC               	decfsz	??_ADC,f
  2716  04C4  2CC3               	goto	u2367
  2717  04C5  0BAD               	decfsz	??_ADC+1,f
  2718  04C6  2CC3               	goto	u2367
  2719  04C7  0BAE               	decfsz	??_ADC+2,f
  2720  04C8  2CC3               	goto	u2367
  2721  04C9  0000               	nop
  2722                           
  2723                           ;Probador1.c: 118:     }
  2724  04CA  3001               	movlw	1
  2725  04CB  1283               	bcf	3,5	;RP0=0, select bank0
  2726  04CC  1303               	bcf	3,6	;RP1=0, select bank0
  2727  04CD  07AF               	addwf	ADC@i,f
  2728  04CE  1803               	skipnc
  2729  04CF  0AB0               	incf	ADC@i+1,f
  2730  04D0  3000               	movlw	0
  2731  04D1  07B0               	addwf	ADC@i+1,f
  2732  04D2                     l1784:
  2733  04D2  082F               	movf	ADC@i,w
  2734  04D3  00F0               	movwf	___xxtofl@val
  2735  04D4  0830               	movf	ADC@i+1,w
  2736  04D5  00F1               	movwf	___xxtofl@val+1
  2737  04D6  01F2               	clrf	___xxtofl@val+2
  2738  04D7  01F3               	clrf	___xxtofl@val+3
  2739  04D8  3000               	movlw	0
  2740  04D9  120A  118A  2258  120A  118A  	fcall	___xxtofl
  2741  04DE  0873               	movf	?___xxtofl+3,w
  2742  04DF  1283               	bcf	3,5	;RP0=0, select bank0
  2743  04E0  1303               	bcf	3,6	;RP1=0, select bank0
  2744  04E1  00A3               	movwf	___flge@ff1+3
  2745  04E2  0872               	movf	?___xxtofl+2,w
  2746  04E3  00A2               	movwf	___flge@ff1+2
  2747  04E4  0871               	movf	?___xxtofl+1,w
  2748  04E5  00A1               	movwf	___flge@ff1+1
  2749  04E6  0870               	movf	?___xxtofl,w
  2750  04E7  00A0               	movwf	___flge@ff1
  2751  04E8  3044               	movlw	68
  2752  04E9  00A7               	movwf	___flge@ff2+3
  2753  04EA  3096               	movlw	150
  2754  04EB  00A6               	movwf	___flge@ff2+2
  2755  04EC  3000               	movlw	0
  2756  04ED  00A5               	movwf	___flge@ff2+1
  2757  04EE  3000               	movlw	0
  2758  04EF  00A4               	movwf	___flge@ff2
  2759  04F0  120A  118A  21B4  120A  118A  	fcall	___flge
  2760  04F5  1C03               	btfss	3,0
  2761  04F6  2CF8               	goto	u1751
  2762  04F7  2CF9               	goto	u1750
  2763  04F8                     u1751:
  2764  04F8  2C0C               	goto	l1748
  2765  04F9                     u1750:
  2766  04F9                     l110:
  2767  04F9  0008               	return
  2768  04FA                     __end_of_ADC:
  2769                           
  2770                           	psect	text8
  2771  0312                     __ptext8:	
  2772 ;; *************** function _printf *****************
  2773 ;; Defined at:
  2774 ;;		line 477 in file "C:\Program Files\Microchip\xc8\v2.20\pic\sources\c90\common\doprnt.c"
  2775 ;; Parameters:    Size  Location     Type
  2776 ;;  f               1    wreg     PTR const unsigned char 
  2777 ;;		 -> STR_2(11), STR_1(7), 
  2778 ;; Auto vars:     Size  Location     Type
  2779 ;;  f               1    8[BANK0 ] PTR const unsigned char 
  2780 ;;		 -> STR_2(11), STR_1(7), 
  2781 ;;  tmpval          4    0        struct .
  2782 ;;  val             2    5[BANK0 ] unsigned int 
  2783 ;;  cp              2    0        PTR const unsigned char 
  2784 ;;  len             2    0        unsigned int 
  2785 ;;  c               1    9[BANK0 ] unsigned char 
  2786 ;;  prec            1    7[BANK0 ] char 
  2787 ;;  ap              1    4[BANK0 ] PTR void [1]
  2788 ;;		 -> ?_printf(2), 
  2789 ;;  flag            1    3[BANK0 ] unsigned char 
  2790 ;; Return value:  Size  Location     Type
  2791 ;;                  2   12[COMMON] int 
  2792 ;; Registers used:
  2793 ;;		wreg, fsr0l, fsr0h, status,2, status,0, btemp+1, pclath, cstack
  2794 ;; Tracked objects:
  2795 ;;		On entry : 0/0
  2796 ;;		On exit  : 0/0
  2797 ;;		Unchanged: 0/0
  2798 ;; Data sizes:     COMMON   BANK0   BANK1   BANK3   BANK2
  2799 ;;      Params:         2       0       0       0       0
  2800 ;;      Locals:         0       7       0       0       0
  2801 ;;      Temps:          0       3       0       0       0
  2802 ;;      Totals:         2      10       0       0       0
  2803 ;;Total ram usage:       12 bytes
  2804 ;; Hardware stack levels used:    1
  2805 ;; Hardware stack levels required when called:    2
  2806 ;; This function calls:
  2807 ;;		___lwdiv
  2808 ;;		___lwmod
  2809 ;;		_putch
  2810 ;; This function is called by:
  2811 ;;		_ADC
  2812 ;; This function uses a non-reentrant model
  2813 ;;
  2814                           
  2815                           
  2816                           ;psect for function _printf
  2817  0312                     _printf:
  2818                           
  2819                           ;incstack = 0
  2820                           ; Regs used in _printf: [wreg-fsr0h+status,2+status,0+btemp+1+pclath+cstack]
  2821                           ;printf@f stored from wreg
  2822  0312  1283               	bcf	3,5	;RP0=0, select bank0
  2823  0313  1303               	bcf	3,6	;RP1=0, select bank0
  2824  0314  00A8               	movwf	printf@f
  2825  0315                     l1594:
  2826                           
  2827                           ;C:\Program Files\Microchip\xc8\v2.20\pic\sources\c90\common\doprnt.c: 477: printf(const
      +                           char * f, ...);C:\Program Files\Microchip\xc8\v2.20\pic\sources\c90\common\doprnt.c: 47
      +                          8: {;C:\Program Files\Microchip\xc8\v2.20\pic\sources\c90\common\doprnt.c: 479:  va_list
      +                           ap;;C:\Program Files\Microchip\xc8\v2.20\pic\sources\c90\common\doprnt.c: 512:  char c;
      +                          ;C:\Program Files\Microchip\xc8\v2.20\pic\sources\c90\common\doprnt.c: 521:  signed char
      +                           prec;;C:\Program Files\Microchip\xc8\v2.20\pic\sources\c90\common\doprnt.c: 525:  unsig
      +                          ned char flag;
  2828  0315  307C               	movlw	(low (?_printf| 0))& (0+255)
  2829  0316  00FF               	movwf	btemp+1
  2830  0317  087F               	movf	btemp+1,w
  2831  0318  00A4               	movwf	printf@ap
  2832                           
  2833                           ;C:\Program Files\Microchip\xc8\v2.20\pic\sources\c90\common\doprnt.c: 553:  while((c = 
      +                          *f++)) {
  2834  0319  2BBF               	goto	l1634
  2835  031A                     l1596:
  2836                           
  2837                           ;C:\Program Files\Microchip\xc8\v2.20\pic\sources\c90\common\doprnt.c: 555:   if(c != '%
      +                          ')
  2838  031A  3025               	movlw	37
  2839  031B  0629               	xorwf	printf@c,w
  2840  031C  1903               	btfsc	3,2
  2841  031D  2B1F               	goto	u1281
  2842  031E  2B20               	goto	u1280
  2843  031F                     u1281:
  2844  031F  2B27               	goto	l1600
  2845  0320                     u1280:
  2846  0320                     l1598:
  2847                           
  2848                           ;C:\Program Files\Microchip\xc8\v2.20\pic\sources\c90\common\doprnt.c: 557:   {;C:\Progr
      +                          am Files\Microchip\xc8\v2.20\pic\sources\c90\common\doprnt.c: 558:    (putch(c) );
  2849  0320  0829               	movf	printf@c,w
  2850  0321  120A  118A  204D  120A  118A  	fcall	_putch
  2851                           
  2852                           ;C:\Program Files\Microchip\xc8\v2.20\pic\sources\c90\common\doprnt.c: 559:    continue;
  2853  0326  2BBF               	goto	l1634
  2854  0327                     l1600:
  2855                           
  2856                           ;C:\Program Files\Microchip\xc8\v2.20\pic\sources\c90\common\doprnt.c: 565:   flag = 0;
  2857  0327  01A3               	clrf	printf@flag
  2858                           
  2859                           ;C:\Program Files\Microchip\xc8\v2.20\pic\sources\c90\common\doprnt.c: 661:   switch(c =
      +                           *f++) {
  2860  0328  2B2E               	goto	l1606
  2861  0329                     l1602:
  2862                           
  2863                           ;C:\Program Files\Microchip\xc8\v2.20\pic\sources\c90\common\doprnt.c: 844:    flag |= 0
      +                          xC0;
  2864  0329  30C0               	movlw	192
  2865  032A  00FF               	movwf	btemp+1
  2866  032B  087F               	movf	btemp+1,w
  2867  032C  04A3               	iorwf	printf@flag,f
  2868                           
  2869                           ;C:\Program Files\Microchip\xc8\v2.20\pic\sources\c90\common\doprnt.c: 845:    break;
  2870  032D  2B48               	goto	l1608
  2871  032E                     l1606:
  2872  032E  3001               	movlw	1
  2873  032F  07A8               	addwf	printf@f,f
  2874  0330  30FF               	movlw	-1
  2875  0331  0728               	addwf	printf@f,w
  2876  0332  0084               	movwf	4
  2877  0333  120A  118A  2003  120A  118A  	fcall	stringdir
  2878  0338  00A9               	movwf	printf@c
  2879  0339  00A0               	movwf	??_printf
  2880  033A  01A1               	clrf	??_printf+1
  2881                           
  2882                           ; Switch on 2 bytes has been partitioned into a top level switch of size 1, and 1 sub-sw
      +                          itches
  2883                           ; Switch size 1, requested type "simple"
  2884                           ; Number of cases is 1, Range of values is 0 to 0
  2885                           ; switch strategies available:
  2886                           ; Name         Instructions Cycles
  2887                           ; simple_byte            4     3 (average)
  2888                           ; direct_byte           11     8 (fixed)
  2889                           ; jumptable            260     6 (fixed)
  2890                           ;	Chosen strategy is simple_byte
  2891  033B  0821               	movf	??_printf+1,w
  2892  033C  3A00               	xorlw	0	; case 0
  2893  033D  1903               	skipnz
  2894  033E  2B40               	goto	l2150
  2895  033F  2BBF               	goto	l1634
  2896  0340                     l2150:
  2897                           
  2898                           ; Switch size 1, requested type "simple"
  2899                           ; Number of cases is 2, Range of values is 0 to 117
  2900                           ; switch strategies available:
  2901                           ; Name         Instructions Cycles
  2902                           ; simple_byte            7     4 (average)
  2903                           ; jumptable            260     6 (fixed)
  2904                           ;	Chosen strategy is simple_byte
  2905  0340  0820               	movf	??_printf,w
  2906  0341  3A00               	xorlw	0	; case 0
  2907  0342  1903               	skipnz
  2908  0343  2BD3               	goto	l350
  2909  0344  3A75               	xorlw	117	; case 117
  2910  0345  1903               	skipnz
  2911  0346  2B29               	goto	l1602
  2912  0347  2BBF               	goto	l1634
  2913  0348                     l1608:
  2914                           
  2915                           ;C:\Program Files\Microchip\xc8\v2.20\pic\sources\c90\common\doprnt.c: 1299:   {;C:\Prog
      +                          ram Files\Microchip\xc8\v2.20\pic\sources\c90\common\doprnt.c: 1312:     val = (*(unsign
      +                          ed *)__va_arg((*(unsigned **)ap), (unsigned)0));
  2916  0348  0824               	movf	printf@ap,w
  2917  0349  0084               	movwf	4
  2918  034A  0800               	movf	0,w
  2919  034B  00A5               	movwf	printf@val
  2920  034C  0A84               	incf	4,f
  2921  034D  0800               	movf	0,w
  2922  034E  00A6               	movwf	printf@val+1
  2923  034F                     l1610:
  2924  034F  3002               	movlw	2
  2925  0350  00FF               	movwf	btemp+1
  2926  0351  087F               	movf	btemp+1,w
  2927  0352  07A4               	addwf	printf@ap,f
  2928  0353                     l1612:
  2929                           
  2930                           ;C:\Program Files\Microchip\xc8\v2.20\pic\sources\c90\common\doprnt.c: 1313:   };C:\Prog
      +                          ram Files\Microchip\xc8\v2.20\pic\sources\c90\common\doprnt.c: 1331:    for(c = 1 ; c !=
      +                           sizeof dpowers/sizeof dpowers[0] ; c++)
  2931  0353  01A9               	clrf	printf@c
  2932  0354  0AA9               	incf	printf@c,f
  2933  0355                     l1618:
  2934                           
  2935                           ;C:\Program Files\Microchip\xc8\v2.20\pic\sources\c90\common\doprnt.c: 1332:     if(val 
      +                          < dpowers[c])
  2936  0355  0829               	movf	printf@c,w
  2937  0356  00A0               	movwf	??_printf
  2938  0357  0720               	addwf	??_printf,w
  2939  0358  3E01               	addlw	low ((_dpowers-__stringbase)| (0+32768))
  2940  0359  0084               	movwf	4
  2941  035A  120A  118A  2003  120A  118A  	fcall	stringdir
  2942  035F  00A1               	movwf	??_printf+1
  2943  0360  120A  118A  2003  120A  118A  	fcall	stringdir
  2944  0365  00A2               	movwf	??_printf+2
  2945  0366  0822               	movf	??_printf+2,w
  2946  0367  0226               	subwf	printf@val+1,w
  2947  0368  1D03               	skipz
  2948  0369  2B6C               	goto	u1295
  2949  036A  0821               	movf	??_printf+1,w
  2950  036B  0225               	subwf	printf@val,w
  2951  036C                     u1295:
  2952  036C  1803               	skipnc
  2953  036D  2B6F               	goto	u1291
  2954  036E  2B70               	goto	u1290
  2955  036F                     u1291:
  2956  036F  2B71               	goto	l1622
  2957  0370                     u1290:
  2958  0370  2B7B               	goto	l1626
  2959  0371                     l1622:
  2960  0371  3001               	movlw	1
  2961  0372  00FF               	movwf	btemp+1
  2962  0373  087F               	movf	btemp+1,w
  2963  0374  07A9               	addwf	printf@c,f
  2964  0375                     l1624:
  2965  0375  3005               	movlw	5
  2966  0376  0629               	xorwf	printf@c,w
  2967  0377  1D03               	btfss	3,2
  2968  0378  2B7A               	goto	u1301
  2969  0379  2B7B               	goto	u1300
  2970  037A                     u1301:
  2971  037A  2B55               	goto	l1618
  2972  037B                     u1300:
  2973  037B                     l1626:
  2974                           
  2975                           ;C:\Program Files\Microchip\xc8\v2.20\pic\sources\c90\common\doprnt.c: 1448:   {;C:\Prog
      +                          ram Files\Microchip\xc8\v2.20\pic\sources\c90\common\doprnt.c: 1495:   };C:\Program File
      +                          s\Microchip\xc8\v2.20\pic\sources\c90\common\doprnt.c: 1498:   prec = c;
  2976  037B  0829               	movf	printf@c,w
  2977  037C  00FF               	movwf	btemp+1
  2978  037D  087F               	movf	btemp+1,w
  2979  037E  00A7               	movwf	printf@prec
  2980                           
  2981                           ;C:\Program Files\Microchip\xc8\v2.20\pic\sources\c90\common\doprnt.c: 1500:   while(pre
      +                          c--) {
  2982  037F  2BB4               	goto	l1632
  2983  0380                     l1628:
  2984                           
  2985                           ;C:\Program Files\Microchip\xc8\v2.20\pic\sources\c90\common\doprnt.c: 1504:    {;C:\Pro
      +                          gram Files\Microchip\xc8\v2.20\pic\sources\c90\common\doprnt.c: 1515:     c = (val / dpo
      +                          wers[(unsigned char)prec]) % 10 + '0';
  2986  0380  300A               	movlw	10
  2987  0381  00F7               	movwf	___lwmod@divisor
  2988  0382  3000               	movlw	0
  2989  0383  00F8               	movwf	___lwmod@divisor+1
  2990  0384  0827               	movf	printf@prec,w
  2991  0385  00A0               	movwf	??_printf
  2992  0386  0720               	addwf	??_printf,w
  2993  0387  3E01               	addlw	low ((_dpowers-__stringbase)| (0+32768))
  2994  0388  0084               	movwf	4
  2995  0389  120A  118A  2003  120A  118A  	fcall	stringdir
  2996  038E  00F0               	movwf	___lwdiv@divisor
  2997  038F  120A  118A  2003  120A  118A  	fcall	stringdir
  2998  0394  00F1               	movwf	___lwdiv@divisor+1
  2999  0395  0826               	movf	printf@val+1,w
  3000  0396  00F3               	movwf	___lwdiv@dividend+1
  3001  0397  0825               	movf	printf@val,w
  3002  0398  00F2               	movwf	___lwdiv@dividend
  3003  0399  120A  118A  210A  120A  118A  	fcall	___lwdiv
  3004  039E  0871               	movf	?___lwdiv+1,w
  3005  039F  00FA               	movwf	___lwmod@dividend+1
  3006  03A0  0870               	movf	?___lwdiv,w
  3007  03A1  00F9               	movwf	___lwmod@dividend
  3008  03A2  120A  118A  20D0  120A  118A  	fcall	___lwmod
  3009  03A7  0877               	movf	?___lwmod,w
  3010  03A8  3E30               	addlw	48
  3011  03A9  00FF               	movwf	btemp+1
  3012  03AA  087F               	movf	btemp+1,w
  3013  03AB  1283               	bcf	3,5	;RP0=0, select bank0
  3014  03AC  1303               	bcf	3,6	;RP1=0, select bank0
  3015  03AD  00A9               	movwf	printf@c
  3016  03AE                     l1630:
  3017                           
  3018                           ;C:\Program Files\Microchip\xc8\v2.20\pic\sources\c90\common\doprnt.c: 1549:    };C:\Pro
      +                          gram Files\Microchip\xc8\v2.20\pic\sources\c90\common\doprnt.c: 1550:    (putch(c) );
  3019  03AE  0829               	movf	printf@c,w
  3020  03AF  120A  118A  204D  120A  118A  	fcall	_putch
  3021  03B4                     l1632:
  3022                           
  3023                           ;C:\Program Files\Microchip\xc8\v2.20\pic\sources\c90\common\doprnt.c: 1500:   while(pre
      +                          c--) {
  3024  03B4  30FF               	movlw	255
  3025  03B5  00FF               	movwf	btemp+1
  3026  03B6  087F               	movf	btemp+1,w
  3027  03B7  1283               	bcf	3,5	;RP0=0, select bank0
  3028  03B8  1303               	bcf	3,6	;RP1=0, select bank0
  3029  03B9  07A7               	addwf	printf@prec,f
  3030  03BA  0A27               	incf	printf@prec,w
  3031  03BB  1D03               	btfss	3,2
  3032  03BC  2BBE               	goto	u1311
  3033  03BD  2BBF               	goto	u1310
  3034  03BE                     u1311:
  3035  03BE  2B80               	goto	l1628
  3036  03BF                     u1310:
  3037  03BF                     l1634:
  3038                           
  3039                           ;C:\Program Files\Microchip\xc8\v2.20\pic\sources\c90\common\doprnt.c: 553:  while((c = 
      +                          *f++)) {
  3040  03BF  3001               	movlw	1
  3041  03C0  1283               	bcf	3,5	;RP0=0, select bank0
  3042  03C1  1303               	bcf	3,6	;RP1=0, select bank0
  3043  03C2  07A8               	addwf	printf@f,f
  3044  03C3  30FF               	movlw	-1
  3045  03C4  0728               	addwf	printf@f,w
  3046  03C5  0084               	movwf	4
  3047  03C6  120A  118A  2003  120A  118A  	fcall	stringdir
  3048  03CB  00FF               	movwf	btemp+1
  3049  03CC  087F               	movf	btemp+1,w
  3050  03CD  00A9               	movwf	printf@c
  3051  03CE  0829               	movf	printf@c,w
  3052  03CF  1D03               	btfss	3,2
  3053  03D0  2BD2               	goto	u1321
  3054  03D1  2BD3               	goto	u1320
  3055  03D2                     u1321:
  3056  03D2  2B1A               	goto	l1596
  3057  03D3                     u1320:
  3058  03D3                     l350:
  3059  03D3  0008               	return
  3060  03D4                     __end_of_printf:
  3061                           
  3062                           	psect	text9
  3063  004D                     __ptext9:	
  3064 ;; *************** function _putch *****************
  3065 ;; Defined at:
  3066 ;;		line 59 in file "Probador1.c"
  3067 ;; Parameters:    Size  Location     Type
  3068 ;;  data            1    wreg     unsigned char 
  3069 ;; Auto vars:     Size  Location     Type
  3070 ;;  data            1    1[COMMON] unsigned char 
  3071 ;; Return value:  Size  Location     Type
  3072 ;;                  1    wreg      void 
  3073 ;; Registers used:
  3074 ;;		wreg, status,2, status,0, pclath, cstack
  3075 ;; Tracked objects:
  3076 ;;		On entry : 0/0
  3077 ;;		On exit  : 0/0
  3078 ;;		Unchanged: 0/0
  3079 ;; Data sizes:     COMMON   BANK0   BANK1   BANK3   BANK2
  3080 ;;      Params:         0       0       0       0       0
  3081 ;;      Locals:         1       0       0       0       0
  3082 ;;      Temps:          0       0       0       0       0
  3083 ;;      Totals:         1       0       0       0       0
  3084 ;;Total ram usage:        1 bytes
  3085 ;; Hardware stack levels used:    1
  3086 ;; Hardware stack levels required when called:    1
  3087 ;; This function calls:
  3088 ;;		_UART_Write
  3089 ;; This function is called by:
  3090 ;;		_printf
  3091 ;; This function uses a non-reentrant model
  3092 ;;
  3093                           
  3094                           
  3095                           ;psect for function _putch
  3096  004D                     _putch:
  3097                           
  3098                           ;incstack = 0
  3099                           ; Regs used in _putch: [wreg+status,2+status,0+pclath+cstack]
  3100                           ;putch@data stored from wreg
  3101  004D  00F1               	movwf	putch@data
  3102  004E                     l1532:
  3103                           
  3104                           ;Probador1.c: 60:     UART_Write(data);
  3105  004E  0871               	movf	putch@data,w
  3106  004F  120A  118A  2055  120A  118A  	fcall	_UART_Write
  3107  0054                     l88:
  3108  0054  0008               	return
  3109  0055                     __end_of_putch:
  3110                           
  3111                           	psect	text10
  3112  0055                     __ptext10:	
  3113 ;; *************** function _UART_Write *****************
  3114 ;; Defined at:
  3115 ;;		line 54 in file "Probador1.c"
  3116 ;; Parameters:    Size  Location     Type
  3117 ;;  data            1    wreg     unsigned char 
  3118 ;; Auto vars:     Size  Location     Type
  3119 ;;  data            1    0[COMMON] unsigned char 
  3120 ;; Return value:  Size  Location     Type
  3121 ;;                  1    wreg      void 
  3122 ;; Registers used:
  3123 ;;		wreg
  3124 ;; Tracked objects:
  3125 ;;		On entry : 0/0
  3126 ;;		On exit  : 0/0
  3127 ;;		Unchanged: 0/0
  3128 ;; Data sizes:     COMMON   BANK0   BANK1   BANK3   BANK2
  3129 ;;      Params:         0       0       0       0       0
  3130 ;;      Locals:         1       0       0       0       0
  3131 ;;      Temps:          0       0       0       0       0
  3132 ;;      Totals:         1       0       0       0       0
  3133 ;;Total ram usage:        1 bytes
  3134 ;; Hardware stack levels used:    1
  3135 ;; This function calls:
  3136 ;;		Nothing
  3137 ;; This function is called by:
  3138 ;;		_putch
  3139 ;; This function uses a non-reentrant model
  3140 ;;
  3141                           
  3142                           
  3143                           ;psect for function _UART_Write
  3144  0055                     _UART_Write:
  3145                           
  3146                           ;incstack = 0
  3147                           ; Regs used in _UART_Write: [wreg]
  3148                           ;UART_Write@data stored from wreg
  3149  0055  00F0               	movwf	UART_Write@data
  3150  0056                     l1528:
  3151  0056                     l82:	
  3152                           ;Probador1.c: 55:     while (!TXSTAbits.TRMT);
  3153                           
  3154  0056  1683               	bsf	3,5	;RP0=1, select bank1
  3155  0057  1303               	bcf	3,6	;RP1=0, select bank1
  3156  0058  1C98               	btfss	24,1	;volatile
  3157  0059  285B               	goto	u1121
  3158  005A  285C               	goto	u1120
  3159  005B                     u1121:
  3160  005B  2856               	goto	l82
  3161  005C                     u1120:
  3162  005C                     l1530:
  3163                           
  3164                           ;Probador1.c: 56:     TXREG = data;
  3165  005C  0870               	movf	UART_Write@data,w
  3166  005D  1283               	bcf	3,5	;RP0=0, select bank0
  3167  005E  1303               	bcf	3,6	;RP1=0, select bank0
  3168  005F  0099               	movwf	25	;volatile
  3169  0060                     l85:
  3170  0060  0008               	return
  3171  0061                     __end_of_UART_Write:
  3172                           
  3173                           	psect	text11
  3174  00D0                     __ptext11:	
  3175 ;; *************** function ___lwmod *****************
  3176 ;; Defined at:
  3177 ;;		line 5 in file "C:\Program Files\Microchip\xc8\v2.20\pic\sources\c90\common\lwmod.c"
  3178 ;; Parameters:    Size  Location     Type
  3179 ;;  divisor         2    7[COMMON] unsigned int 
  3180 ;;  dividend        2    9[COMMON] unsigned int 
  3181 ;; Auto vars:     Size  Location     Type
  3182 ;;  counter         1   11[COMMON] unsigned char 
  3183 ;; Return value:  Size  Location     Type
  3184 ;;                  2    7[COMMON] unsigned int 
  3185 ;; Registers used:
  3186 ;;		wreg, status,2, status,0, btemp+1
  3187 ;; Tracked objects:
  3188 ;;		On entry : 0/0
  3189 ;;		On exit  : 0/0
  3190 ;;		Unchanged: 0/0
  3191 ;; Data sizes:     COMMON   BANK0   BANK1   BANK3   BANK2
  3192 ;;      Params:         4       0       0       0       0
  3193 ;;      Locals:         1       0       0       0       0
  3194 ;;      Temps:          0       0       0       0       0
  3195 ;;      Totals:         5       0       0       0       0
  3196 ;;Total ram usage:        5 bytes
  3197 ;; Hardware stack levels used:    1
  3198 ;; This function calls:
  3199 ;;		Nothing
  3200 ;; This function is called by:
  3201 ;;		_printf
  3202 ;; This function uses a non-reentrant model
  3203 ;;
  3204                           
  3205                           
  3206                           ;psect for function ___lwmod
  3207  00D0                     ___lwmod:
  3208  00D0                     l1560:	
  3209                           ;incstack = 0
  3210                           ; Regs used in ___lwmod: [wreg+status,2+status,0+btemp+1]
  3211                           
  3212  00D0  0877               	movf	___lwmod@divisor,w
  3213  00D1  0478               	iorwf	___lwmod@divisor+1,w
  3214  00D2  1903               	btfsc	3,2
  3215  00D3  28D5               	goto	u1201
  3216  00D4  28D6               	goto	u1200
  3217  00D5                     u1201:
  3218  00D5  2905               	goto	l1578
  3219  00D6                     u1200:
  3220  00D6                     l1562:
  3221  00D6  01FB               	clrf	___lwmod@counter
  3222  00D7  0AFB               	incf	___lwmod@counter,f
  3223  00D8  28E4               	goto	l1568
  3224  00D9                     l1564:
  3225  00D9  3001               	movlw	1
  3226  00DA                     u1215:
  3227  00DA  1003               	clrc
  3228  00DB  0DF7               	rlf	___lwmod@divisor,f
  3229  00DC  0DF8               	rlf	___lwmod@divisor+1,f
  3230  00DD  3EFF               	addlw	-1
  3231  00DE  1D03               	skipz
  3232  00DF  28DA               	goto	u1215
  3233  00E0                     l1566:
  3234  00E0  3001               	movlw	1
  3235  00E1  00FF               	movwf	btemp+1
  3236  00E2  087F               	movf	btemp+1,w
  3237  00E3  07FB               	addwf	___lwmod@counter,f
  3238  00E4                     l1568:
  3239  00E4  1FF8               	btfss	___lwmod@divisor+1,7
  3240  00E5  28E7               	goto	u1221
  3241  00E6  28E8               	goto	u1220
  3242  00E7                     u1221:
  3243  00E7  28D9               	goto	l1564
  3244  00E8                     u1220:
  3245  00E8                     l1570:
  3246  00E8  0878               	movf	___lwmod@divisor+1,w
  3247  00E9  027A               	subwf	___lwmod@dividend+1,w
  3248  00EA  1D03               	skipz
  3249  00EB  28EE               	goto	u1235
  3250  00EC  0877               	movf	___lwmod@divisor,w
  3251  00ED  0279               	subwf	___lwmod@dividend,w
  3252  00EE                     u1235:
  3253  00EE  1C03               	skipc
  3254  00EF  28F1               	goto	u1231
  3255  00F0  28F2               	goto	u1230
  3256  00F1                     u1231:
  3257  00F1  28F8               	goto	l1574
  3258  00F2                     u1230:
  3259  00F2                     l1572:
  3260  00F2  0877               	movf	___lwmod@divisor,w
  3261  00F3  02F9               	subwf	___lwmod@dividend,f
  3262  00F4  0878               	movf	___lwmod@divisor+1,w
  3263  00F5  1C03               	skipc
  3264  00F6  03FA               	decf	___lwmod@dividend+1,f
  3265  00F7  02FA               	subwf	___lwmod@dividend+1,f
  3266  00F8                     l1574:
  3267  00F8  3001               	movlw	1
  3268  00F9                     u1245:
  3269  00F9  1003               	clrc
  3270  00FA  0CF8               	rrf	___lwmod@divisor+1,f
  3271  00FB  0CF7               	rrf	___lwmod@divisor,f
  3272  00FC  3EFF               	addlw	-1
  3273  00FD  1D03               	skipz
  3274  00FE  28F9               	goto	u1245
  3275  00FF                     l1576:
  3276  00FF  3001               	movlw	1
  3277  0100  02FB               	subwf	___lwmod@counter,f
  3278  0101  1D03               	btfss	3,2
  3279  0102  2904               	goto	u1251
  3280  0103  2905               	goto	u1250
  3281  0104                     u1251:
  3282  0104  28E8               	goto	l1570
  3283  0105                     u1250:
  3284  0105                     l1578:
  3285  0105  087A               	movf	___lwmod@dividend+1,w
  3286  0106  00F8               	movwf	?___lwmod+1
  3287  0107  0879               	movf	___lwmod@dividend,w
  3288  0108  00F7               	movwf	?___lwmod
  3289  0109                     l636:
  3290  0109  0008               	return
  3291  010A                     __end_of___lwmod:
  3292                           
  3293                           	psect	text12
  3294  010A                     __ptext12:	
  3295 ;; *************** function ___lwdiv *****************
  3296 ;; Defined at:
  3297 ;;		line 5 in file "C:\Program Files\Microchip\xc8\v2.20\pic\sources\c90\common\lwdiv.c"
  3298 ;; Parameters:    Size  Location     Type
  3299 ;;  divisor         2    0[COMMON] unsigned int 
  3300 ;;  dividend        2    2[COMMON] unsigned int 
  3301 ;; Auto vars:     Size  Location     Type
  3302 ;;  quotient        2    4[COMMON] unsigned int 
  3303 ;;  counter         1    6[COMMON] unsigned char 
  3304 ;; Return value:  Size  Location     Type
  3305 ;;                  2    0[COMMON] unsigned int 
  3306 ;; Registers used:
  3307 ;;		wreg, status,2, status,0, btemp+1
  3308 ;; Tracked objects:
  3309 ;;		On entry : 0/0
  3310 ;;		On exit  : 0/0
  3311 ;;		Unchanged: 0/0
  3312 ;; Data sizes:     COMMON   BANK0   BANK1   BANK3   BANK2
  3313 ;;      Params:         4       0       0       0       0
  3314 ;;      Locals:         3       0       0       0       0
  3315 ;;      Temps:          0       0       0       0       0
  3316 ;;      Totals:         7       0       0       0       0
  3317 ;;Total ram usage:        7 bytes
  3318 ;; Hardware stack levels used:    1
  3319 ;; This function calls:
  3320 ;;		Nothing
  3321 ;; This function is called by:
  3322 ;;		_printf
  3323 ;; This function uses a non-reentrant model
  3324 ;;
  3325                           
  3326                           
  3327                           ;psect for function ___lwdiv
  3328  010A                     ___lwdiv:
  3329  010A                     l1534:	
  3330                           ;incstack = 0
  3331                           ; Regs used in ___lwdiv: [wreg+status,2+status,0+btemp+1]
  3332                           
  3333  010A  01F4               	clrf	___lwdiv@quotient
  3334  010B  01F5               	clrf	___lwdiv@quotient+1
  3335  010C                     l1536:
  3336  010C  0870               	movf	___lwdiv@divisor,w
  3337  010D  0471               	iorwf	___lwdiv@divisor+1,w
  3338  010E  1903               	btfsc	3,2
  3339  010F  2911               	goto	u1131
  3340  0110  2912               	goto	u1130
  3341  0111                     u1131:
  3342  0111  2949               	goto	l1556
  3343  0112                     u1130:
  3344  0112                     l1538:
  3345  0112  01F6               	clrf	___lwdiv@counter
  3346  0113  0AF6               	incf	___lwdiv@counter,f
  3347  0114  2920               	goto	l1544
  3348  0115                     l1540:
  3349  0115  3001               	movlw	1
  3350  0116                     u1145:
  3351  0116  1003               	clrc
  3352  0117  0DF0               	rlf	___lwdiv@divisor,f
  3353  0118  0DF1               	rlf	___lwdiv@divisor+1,f
  3354  0119  3EFF               	addlw	-1
  3355  011A  1D03               	skipz
  3356  011B  2916               	goto	u1145
  3357  011C                     l1542:
  3358  011C  3001               	movlw	1
  3359  011D  00FF               	movwf	btemp+1
  3360  011E  087F               	movf	btemp+1,w
  3361  011F  07F6               	addwf	___lwdiv@counter,f
  3362  0120                     l1544:
  3363  0120  1FF1               	btfss	___lwdiv@divisor+1,7
  3364  0121  2923               	goto	u1151
  3365  0122  2924               	goto	u1150
  3366  0123                     u1151:
  3367  0123  2915               	goto	l1540
  3368  0124                     u1150:
  3369  0124                     l1546:
  3370  0124  3001               	movlw	1
  3371  0125                     u1165:
  3372  0125  1003               	clrc
  3373  0126  0DF4               	rlf	___lwdiv@quotient,f
  3374  0127  0DF5               	rlf	___lwdiv@quotient+1,f
  3375  0128  3EFF               	addlw	-1
  3376  0129  1D03               	skipz
  3377  012A  2925               	goto	u1165
  3378  012B  0871               	movf	___lwdiv@divisor+1,w
  3379  012C  0273               	subwf	___lwdiv@dividend+1,w
  3380  012D  1D03               	skipz
  3381  012E  2931               	goto	u1175
  3382  012F  0870               	movf	___lwdiv@divisor,w
  3383  0130  0272               	subwf	___lwdiv@dividend,w
  3384  0131                     u1175:
  3385  0131  1C03               	skipc
  3386  0132  2934               	goto	u1171
  3387  0133  2935               	goto	u1170
  3388  0134                     u1171:
  3389  0134  293C               	goto	l1552
  3390  0135                     u1170:
  3391  0135                     l1548:
  3392  0135  0870               	movf	___lwdiv@divisor,w
  3393  0136  02F2               	subwf	___lwdiv@dividend,f
  3394  0137  0871               	movf	___lwdiv@divisor+1,w
  3395  0138  1C03               	skipc
  3396  0139  03F3               	decf	___lwdiv@dividend+1,f
  3397  013A  02F3               	subwf	___lwdiv@dividend+1,f
  3398  013B                     l1550:
  3399  013B  1474               	bsf	___lwdiv@quotient,0
  3400  013C                     l1552:
  3401  013C  3001               	movlw	1
  3402  013D                     u1185:
  3403  013D  1003               	clrc
  3404  013E  0CF1               	rrf	___lwdiv@divisor+1,f
  3405  013F  0CF0               	rrf	___lwdiv@divisor,f
  3406  0140  3EFF               	addlw	-1
  3407  0141  1D03               	skipz
  3408  0142  293D               	goto	u1185
  3409  0143                     l1554:
  3410  0143  3001               	movlw	1
  3411  0144  02F6               	subwf	___lwdiv@counter,f
  3412  0145  1D03               	btfss	3,2
  3413  0146  2948               	goto	u1191
  3414  0147  2949               	goto	u1190
  3415  0148                     u1191:
  3416  0148  2924               	goto	l1546
  3417  0149                     u1190:
  3418  0149                     l1556:
  3419  0149  0875               	movf	___lwdiv@quotient+1,w
  3420  014A  00F1               	movwf	?___lwdiv+1
  3421  014B  0874               	movf	___lwdiv@quotient,w
  3422  014C  00F0               	movwf	?___lwdiv
  3423  014D                     l626:
  3424  014D  0008               	return
  3425  014E                     __end_of___lwdiv:
  3426                           
  3427                           	psect	text13
  3428  0258                     __ptext13:	
  3429 ;; *************** function ___xxtofl *****************
  3430 ;; Defined at:
  3431 ;;		line 10 in file "C:\Program Files\Microchip\xc8\v2.20\pic\sources\c90\common\xxtofl.c"
  3432 ;; Parameters:    Size  Location     Type
  3433 ;;  sign            1    wreg     unsigned char 
  3434 ;;  val             4    0[COMMON] long 
  3435 ;; Auto vars:     Size  Location     Type
  3436 ;;  sign            1    8[COMMON] unsigned char 
  3437 ;;  arg             4   10[COMMON] unsigned long 
  3438 ;;  exp             1    9[COMMON] unsigned char 
  3439 ;; Return value:  Size  Location     Type
  3440 ;;                  4    0[COMMON] unsigned char 
  3441 ;; Registers used:
  3442 ;;		wreg, status,2, status,0, btemp+1
  3443 ;; Tracked objects:
  3444 ;;		On entry : 0/0
  3445 ;;		On exit  : 0/0
  3446 ;;		Unchanged: 0/0
  3447 ;; Data sizes:     COMMON   BANK0   BANK1   BANK3   BANK2
  3448 ;;      Params:         4       0       0       0       0
  3449 ;;      Locals:         6       0       0       0       0
  3450 ;;      Temps:          4       0       0       0       0
  3451 ;;      Totals:        14       0       0       0       0
  3452 ;;Total ram usage:       14 bytes
  3453 ;; Hardware stack levels used:    1
  3454 ;; This function calls:
  3455 ;;		Nothing
  3456 ;; This function is called by:
  3457 ;;		_ADC
  3458 ;; This function uses a non-reentrant model
  3459 ;;
  3460                           
  3461                           
  3462                           ;psect for function ___xxtofl
  3463  0258                     ___xxtofl:
  3464                           
  3465                           ;incstack = 0
  3466                           ; Regs used in ___xxtofl: [wreg+status,2+status,0+btemp+1]
  3467                           ;___xxtofl@sign stored from wreg
  3468  0258  00F8               	movwf	___xxtofl@sign
  3469  0259                     l1690:
  3470  0259  0878               	movf	___xxtofl@sign,w
  3471  025A  1903               	btfsc	3,2
  3472  025B  2A5D               	goto	u1451
  3473  025C  2A5E               	goto	u1450
  3474  025D                     u1451:
  3475  025D  2A72               	goto	l1696
  3476  025E                     u1450:
  3477  025E                     l1692:
  3478  025E  1FF3               	btfss	___xxtofl@val+3,7
  3479  025F  2A61               	goto	u1461
  3480  0260  2A62               	goto	u1460
  3481  0261                     u1461:
  3482  0261  2A72               	goto	l1696
  3483  0262                     u1460:
  3484  0262                     l1694:
  3485  0262  0970               	comf	___xxtofl@val,w
  3486  0263  00FA               	movwf	___xxtofl@arg
  3487  0264  0971               	comf	___xxtofl@val+1,w
  3488  0265  00FB               	movwf	___xxtofl@arg+1
  3489  0266  0972               	comf	___xxtofl@val+2,w
  3490  0267  00FC               	movwf	___xxtofl@arg+2
  3491  0268  0973               	comf	___xxtofl@val+3,w
  3492  0269  00FD               	movwf	___xxtofl@arg+3
  3493  026A  0AFA               	incf	___xxtofl@arg,f
  3494  026B  1903               	skipnz
  3495  026C  0AFB               	incf	___xxtofl@arg+1,f
  3496  026D  1903               	skipnz
  3497  026E  0AFC               	incf	___xxtofl@arg+2,f
  3498  026F  1903               	skipnz
  3499  0270  0AFD               	incf	___xxtofl@arg+3,f
  3500  0271  2A7A               	goto	l787
  3501  0272                     l1696:
  3502  0272  0873               	movf	___xxtofl@val+3,w
  3503  0273  00FD               	movwf	___xxtofl@arg+3
  3504  0274  0872               	movf	___xxtofl@val+2,w
  3505  0275  00FC               	movwf	___xxtofl@arg+2
  3506  0276  0871               	movf	___xxtofl@val+1,w
  3507  0277  00FB               	movwf	___xxtofl@arg+1
  3508  0278  0870               	movf	___xxtofl@val,w
  3509  0279  00FA               	movwf	___xxtofl@arg
  3510  027A                     l787:
  3511  027A  0873               	movf	___xxtofl@val+3,w
  3512  027B  0472               	iorwf	___xxtofl@val+2,w
  3513  027C  0471               	iorwf	___xxtofl@val+1,w
  3514  027D  0470               	iorwf	___xxtofl@val,w
  3515  027E  1D03               	skipz
  3516  027F  2A81               	goto	u1471
  3517  0280  2A82               	goto	u1470
  3518  0281                     u1471:
  3519  0281  2A8B               	goto	l1702
  3520  0282                     u1470:
  3521  0282                     l1698:
  3522  0282  3000               	movlw	0
  3523  0283  00F3               	movwf	?___xxtofl+3
  3524  0284  3000               	movlw	0
  3525  0285  00F2               	movwf	?___xxtofl+2
  3526  0286  3000               	movlw	0
  3527  0287  00F1               	movwf	?___xxtofl+1
  3528  0288  3000               	movlw	0
  3529  0289  00F0               	movwf	?___xxtofl
  3530  028A  2B11               	goto	l789
  3531  028B                     l1702:
  3532  028B  3096               	movlw	150
  3533  028C  00FF               	movwf	btemp+1
  3534  028D  087F               	movf	btemp+1,w
  3535  028E  00F9               	movwf	___xxtofl@exp
  3536  028F  2A9D               	goto	l1708
  3537  0290                     l1704:
  3538  0290  3001               	movlw	1
  3539  0291  00FF               	movwf	btemp+1
  3540  0292  087F               	movf	btemp+1,w
  3541  0293  07F9               	addwf	___xxtofl@exp,f
  3542  0294                     l1706:
  3543  0294  3001               	movlw	1
  3544  0295                     u1485:
  3545  0295  1003               	clrc
  3546  0296  0CFD               	rrf	___xxtofl@arg+3,f
  3547  0297  0CFC               	rrf	___xxtofl@arg+2,f
  3548  0298  0CFB               	rrf	___xxtofl@arg+1,f
  3549  0299  0CFA               	rrf	___xxtofl@arg,f
  3550  029A  3EFF               	addlw	-1
  3551  029B  1D03               	skipz
  3552  029C  2A95               	goto	u1485
  3553  029D                     l1708:
  3554  029D  30FE               	movlw	254
  3555  029E  057D               	andwf	___xxtofl@arg+3,w
  3556  029F  1D03               	btfss	3,2
  3557  02A0  2AA2               	goto	u1491
  3558  02A1  2AA3               	goto	u1490
  3559  02A2                     u1491:
  3560  02A2  2A90               	goto	l1704
  3561  02A3                     u1490:
  3562  02A3  2ABF               	goto	l1716
  3563  02A4                     l1710:
  3564  02A4  3001               	movlw	1
  3565  02A5  00FF               	movwf	btemp+1
  3566  02A6  087F               	movf	btemp+1,w
  3567  02A7  07F9               	addwf	___xxtofl@exp,f
  3568  02A8                     l1712:
  3569  02A8  3001               	movlw	1
  3570  02A9  07FA               	addwf	___xxtofl@arg,f
  3571  02AA  3000               	movlw	0
  3572  02AB  1803               	skipnc
  3573  02AC  3001               	movlw	1
  3574  02AD  07FB               	addwf	___xxtofl@arg+1,f
  3575  02AE  3000               	movlw	0
  3576  02AF  1803               	skipnc
  3577  02B0  3001               	movlw	1
  3578  02B1  07FC               	addwf	___xxtofl@arg+2,f
  3579  02B2  3000               	movlw	0
  3580  02B3  1803               	skipnc
  3581  02B4  3001               	movlw	1
  3582  02B5  07FD               	addwf	___xxtofl@arg+3,f
  3583  02B6                     l1714:
  3584  02B6  3001               	movlw	1
  3585  02B7                     u1505:
  3586  02B7  1003               	clrc
  3587  02B8  0CFD               	rrf	___xxtofl@arg+3,f
  3588  02B9  0CFC               	rrf	___xxtofl@arg+2,f
  3589  02BA  0CFB               	rrf	___xxtofl@arg+1,f
  3590  02BB  0CFA               	rrf	___xxtofl@arg,f
  3591  02BC  3EFF               	addlw	-1
  3592  02BD  1D03               	skipz
  3593  02BE  2AB7               	goto	u1505
  3594  02BF                     l1716:
  3595  02BF  30FF               	movlw	255
  3596  02C0  057D               	andwf	___xxtofl@arg+3,w
  3597  02C1  1D03               	btfss	3,2
  3598  02C2  2AC4               	goto	u1511
  3599  02C3  2AC5               	goto	u1510
  3600  02C4                     u1511:
  3601  02C4  2AA4               	goto	l1710
  3602  02C5                     u1510:
  3603  02C5  2AD1               	goto	l1720
  3604  02C6                     l1718:
  3605  02C6  3001               	movlw	1
  3606  02C7  02F9               	subwf	___xxtofl@exp,f
  3607  02C8  3001               	movlw	1
  3608  02C9  00F4               	movwf	??___xxtofl
  3609  02CA                     u1525:
  3610  02CA  1003               	clrc
  3611  02CB  0DFA               	rlf	___xxtofl@arg,f
  3612  02CC  0DFB               	rlf	___xxtofl@arg+1,f
  3613  02CD  0DFC               	rlf	___xxtofl@arg+2,f
  3614  02CE  0DFD               	rlf	___xxtofl@arg+3,f
  3615  02CF  0BF4               	decfsz	??___xxtofl,f
  3616  02D0  2ACA               	goto	u1525
  3617  02D1                     l1720:
  3618  02D1  1BFC               	btfsc	___xxtofl@arg+2,7
  3619  02D2  2AD4               	goto	u1531
  3620  02D3  2AD5               	goto	u1530
  3621  02D4                     u1531:
  3622  02D4  2ADB               	goto	l800
  3623  02D5                     u1530:
  3624  02D5                     l1722:
  3625  02D5  3002               	movlw	2
  3626  02D6  0279               	subwf	___xxtofl@exp,w
  3627  02D7  1803               	skipnc
  3628  02D8  2ADA               	goto	u1541
  3629  02D9  2ADB               	goto	u1540
  3630  02DA                     u1541:
  3631  02DA  2AC6               	goto	l1718
  3632  02DB                     u1540:
  3633  02DB                     l800:
  3634  02DB  1879               	btfsc	___xxtofl@exp,0
  3635  02DC  2ADE               	goto	u1551
  3636  02DD  2ADF               	goto	u1550
  3637  02DE                     u1551:
  3638  02DE  2AE7               	goto	l801
  3639  02DF                     u1550:
  3640  02DF                     l1724:
  3641  02DF  30FF               	movlw	255
  3642  02E0  05FA               	andwf	___xxtofl@arg,f
  3643  02E1  30FF               	movlw	255
  3644  02E2  05FB               	andwf	___xxtofl@arg+1,f
  3645  02E3  307F               	movlw	127
  3646  02E4  05FC               	andwf	___xxtofl@arg+2,f
  3647  02E5  30FF               	movlw	255
  3648  02E6  05FD               	andwf	___xxtofl@arg+3,f
  3649  02E7                     l801:
  3650  02E7  1003               	clrc
  3651  02E8  0CF9               	rrf	___xxtofl@exp,f
  3652  02E9                     l1726:
  3653  02E9  0879               	movf	___xxtofl@exp,w
  3654  02EA  00F4               	movwf	??___xxtofl
  3655  02EB  01F5               	clrf	??___xxtofl+1
  3656  02EC  01F6               	clrf	??___xxtofl+2
  3657  02ED  01F7               	clrf	??___xxtofl+3
  3658  02EE  3018               	movlw	24
  3659  02EF                     u1565:
  3660  02EF  1003               	clrc
  3661  02F0  0DF4               	rlf	??___xxtofl,f
  3662  02F1  0DF5               	rlf	??___xxtofl+1,f
  3663  02F2  0DF6               	rlf	??___xxtofl+2,f
  3664  02F3  0DF7               	rlf	??___xxtofl+3,f
  3665  02F4                     u1560:
  3666  02F4  3EFF               	addlw	-1
  3667  02F5  1D03               	skipz
  3668  02F6  2AEF               	goto	u1565
  3669  02F7  0874               	movf	??___xxtofl,w
  3670  02F8  04FA               	iorwf	___xxtofl@arg,f
  3671  02F9  0875               	movf	??___xxtofl+1,w
  3672  02FA  04FB               	iorwf	___xxtofl@arg+1,f
  3673  02FB  0876               	movf	??___xxtofl+2,w
  3674  02FC  04FC               	iorwf	___xxtofl@arg+2,f
  3675  02FD  0877               	movf	??___xxtofl+3,w
  3676  02FE  04FD               	iorwf	___xxtofl@arg+3,f
  3677  02FF                     l1728:
  3678  02FF  0878               	movf	___xxtofl@sign,w
  3679  0300  1903               	btfsc	3,2
  3680  0301  2B03               	goto	u1571
  3681  0302  2B04               	goto	u1570
  3682  0303                     u1571:
  3683  0303  2B09               	goto	l1734
  3684  0304                     u1570:
  3685  0304                     l1730:
  3686  0304  1FF3               	btfss	___xxtofl@val+3,7
  3687  0305  2B07               	goto	u1581
  3688  0306  2B08               	goto	u1580
  3689  0307                     u1581:
  3690  0307  2B09               	goto	l1734
  3691  0308                     u1580:
  3692  0308                     l1732:
  3693  0308  17FD               	bsf	___xxtofl@arg+3,7
  3694  0309                     l1734:
  3695  0309  087D               	movf	___xxtofl@arg+3,w
  3696  030A  00F3               	movwf	?___xxtofl+3
  3697  030B  087C               	movf	___xxtofl@arg+2,w
  3698  030C  00F2               	movwf	?___xxtofl+2
  3699  030D  087B               	movf	___xxtofl@arg+1,w
  3700  030E  00F1               	movwf	?___xxtofl+1
  3701  030F  087A               	movf	___xxtofl@arg,w
  3702  0310  00F0               	movwf	?___xxtofl
  3703  0311                     l789:
  3704  0311  0008               	return
  3705  0312                     __end_of___xxtofl:
  3706                           
  3707                           	psect	text14
  3708  01B4                     __ptext14:	
  3709 ;; *************** function ___flge *****************
  3710 ;; Defined at:
  3711 ;;		line 4 in file "C:\Program Files\Microchip\xc8\v2.20\pic\sources\c90\common\flge.c"
  3712 ;; Parameters:    Size  Location     Type
  3713 ;;  ff1             4    0[BANK0 ] unsigned char 
  3714 ;;  ff2             4    4[BANK0 ] unsigned char 
  3715 ;; Auto vars:     Size  Location     Type
  3716 ;;		None
  3717 ;; Return value:  Size  Location     Type
  3718 ;;		None               void
  3719 ;; Registers used:
  3720 ;;		wreg, status,2, status,0
  3721 ;; Tracked objects:
  3722 ;;		On entry : 0/0
  3723 ;;		On exit  : 0/0
  3724 ;;		Unchanged: 0/0
  3725 ;; Data sizes:     COMMON   BANK0   BANK1   BANK3   BANK2
  3726 ;;      Params:         0       8       0       0       0
  3727 ;;      Locals:         0       0       0       0       0
  3728 ;;      Temps:          0       4       0       0       0
  3729 ;;      Totals:         0      12       0       0       0
  3730 ;;Total ram usage:       12 bytes
  3731 ;; Hardware stack levels used:    1
  3732 ;; This function calls:
  3733 ;;		Nothing
  3734 ;; This function is called by:
  3735 ;;		_ADC
  3736 ;; This function uses a non-reentrant model
  3737 ;;
  3738                           
  3739                           
  3740                           ;psect for function ___flge
  3741  01B4                     ___flge:
  3742  01B4                     l1670:	
  3743                           ;incstack = 0
  3744                           ; Regs used in ___flge: [wreg+status,2+status,0]
  3745                           
  3746  01B4  3000               	movlw	0
  3747  01B5  1283               	bcf	3,5	;RP0=0, select bank0
  3748  01B6  1303               	bcf	3,6	;RP1=0, select bank0
  3749  01B7  0520               	andwf	___flge@ff1,w
  3750  01B8  00A8               	movwf	??___flge
  3751  01B9  3000               	movlw	0
  3752  01BA  0521               	andwf	___flge@ff1+1,w
  3753  01BB  00A9               	movwf	??___flge+1
  3754  01BC  3080               	movlw	128
  3755  01BD  0522               	andwf	___flge@ff1+2,w
  3756  01BE  00AA               	movwf	??___flge+2
  3757  01BF  307F               	movlw	127
  3758  01C0  0523               	andwf	___flge@ff1+3,w
  3759  01C1  00AB               	movwf	??___flge+3
  3760  01C2  082B               	movf	??___flge+3,w
  3761  01C3  042A               	iorwf	??___flge+2,w
  3762  01C4  0429               	iorwf	??___flge+1,w
  3763  01C5  0428               	iorwf	??___flge,w
  3764  01C6  1D03               	skipz
  3765  01C7  29C9               	goto	u1381
  3766  01C8  29CA               	goto	u1380
  3767  01C9                     u1381:
  3768  01C9  29D2               	goto	l528
  3769  01CA                     u1380:
  3770  01CA                     l1672:
  3771  01CA  3000               	movlw	0
  3772  01CB  00A3               	movwf	___flge@ff1+3
  3773  01CC  3000               	movlw	0
  3774  01CD  00A2               	movwf	___flge@ff1+2
  3775  01CE  3000               	movlw	0
  3776  01CF  00A1               	movwf	___flge@ff1+1
  3777  01D0  3000               	movlw	0
  3778  01D1  00A0               	movwf	___flge@ff1
  3779  01D2                     l528:
  3780  01D2  3000               	movlw	0
  3781  01D3  0524               	andwf	___flge@ff2,w
  3782  01D4  00A8               	movwf	??___flge
  3783  01D5  3000               	movlw	0
  3784  01D6  0525               	andwf	___flge@ff2+1,w
  3785  01D7  00A9               	movwf	??___flge+1
  3786  01D8  3080               	movlw	128
  3787  01D9  0526               	andwf	___flge@ff2+2,w
  3788  01DA  00AA               	movwf	??___flge+2
  3789  01DB  307F               	movlw	127
  3790  01DC  0527               	andwf	___flge@ff2+3,w
  3791  01DD  00AB               	movwf	??___flge+3
  3792  01DE  082B               	movf	??___flge+3,w
  3793  01DF  042A               	iorwf	??___flge+2,w
  3794  01E0  0429               	iorwf	??___flge+1,w
  3795  01E1  0428               	iorwf	??___flge,w
  3796  01E2  1D03               	skipz
  3797  01E3  29E5               	goto	u1391
  3798  01E4  29E6               	goto	u1390
  3799  01E5                     u1391:
  3800  01E5  29EE               	goto	l1676
  3801  01E6                     u1390:
  3802  01E6                     l1674:
  3803  01E6  3000               	movlw	0
  3804  01E7  00A7               	movwf	___flge@ff2+3
  3805  01E8  3000               	movlw	0
  3806  01E9  00A6               	movwf	___flge@ff2+2
  3807  01EA  3000               	movlw	0
  3808  01EB  00A5               	movwf	___flge@ff2+1
  3809  01EC  3000               	movlw	0
  3810  01ED  00A4               	movwf	___flge@ff2
  3811  01EE                     l1676:
  3812  01EE  1FA3               	btfss	___flge@ff1+3,7
  3813  01EF  29F1               	goto	u1401
  3814  01F0  29F2               	goto	u1400
  3815  01F1                     u1401:
  3816  01F1  2A16               	goto	l1680
  3817  01F2                     u1400:
  3818  01F2                     l1678:
  3819  01F2  3000               	movlw	0
  3820  01F3  00A8               	movwf	??___flge
  3821  01F4  3000               	movlw	0
  3822  01F5  00A9               	movwf	??___flge+1
  3823  01F6  3000               	movlw	0
  3824  01F7  00AA               	movwf	??___flge+2
  3825  01F8  3080               	movlw	128
  3826  01F9  00AB               	movwf	??___flge+3
  3827  01FA  0820               	movf	___flge@ff1,w
  3828  01FB  02A8               	subwf	??___flge,f
  3829  01FC  0821               	movf	___flge@ff1+1,w
  3830  01FD  1C03               	skipc
  3831  01FE  0F21               	incfsz	___flge@ff1+1,w
  3832  01FF  2A01               	goto	u1411
  3833  0200  2A02               	goto	u1412
  3834  0201                     u1411:
  3835  0201  02A9               	subwf	??___flge+1,f
  3836  0202                     u1412:
  3837  0202  0822               	movf	___flge@ff1+2,w
  3838  0203  1C03               	skipc
  3839  0204  0F22               	incfsz	___flge@ff1+2,w
  3840  0205  2A07               	goto	u1413
  3841  0206  2A08               	goto	u1414
  3842  0207                     u1413:
  3843  0207  02AA               	subwf	??___flge+2,f
  3844  0208                     u1414:
  3845  0208  0823               	movf	___flge@ff1+3,w
  3846  0209  1C03               	skipc
  3847  020A  0F23               	incfsz	___flge@ff1+3,w
  3848  020B  2A0D               	goto	u1415
  3849  020C  2A0E               	goto	u1416
  3850  020D                     u1415:
  3851  020D  02AB               	subwf	??___flge+3,f
  3852  020E                     u1416:
  3853  020E  082B               	movf	??___flge+3,w
  3854  020F  00A3               	movwf	___flge@ff1+3
  3855  0210  082A               	movf	??___flge+2,w
  3856  0211  00A2               	movwf	___flge@ff1+2
  3857  0212  0829               	movf	??___flge+1,w
  3858  0213  00A1               	movwf	___flge@ff1+1
  3859  0214  0828               	movf	??___flge,w
  3860  0215  00A0               	movwf	___flge@ff1
  3861  0216                     l1680:
  3862  0216  1FA7               	btfss	___flge@ff2+3,7
  3863  0217  2A19               	goto	u1421
  3864  0218  2A1A               	goto	u1420
  3865  0219                     u1421:
  3866  0219  2A3E               	goto	l531
  3867  021A                     u1420:
  3868  021A                     l1682:
  3869  021A  3000               	movlw	0
  3870  021B  00A8               	movwf	??___flge
  3871  021C  3000               	movlw	0
  3872  021D  00A9               	movwf	??___flge+1
  3873  021E  3000               	movlw	0
  3874  021F  00AA               	movwf	??___flge+2
  3875  0220  3080               	movlw	128
  3876  0221  00AB               	movwf	??___flge+3
  3877  0222  0824               	movf	___flge@ff2,w
  3878  0223  02A8               	subwf	??___flge,f
  3879  0224  0825               	movf	___flge@ff2+1,w
  3880  0225  1C03               	skipc
  3881  0226  0F25               	incfsz	___flge@ff2+1,w
  3882  0227  2A29               	goto	u1431
  3883  0228  2A2A               	goto	u1432
  3884  0229                     u1431:
  3885  0229  02A9               	subwf	??___flge+1,f
  3886  022A                     u1432:
  3887  022A  0826               	movf	___flge@ff2+2,w
  3888  022B  1C03               	skipc
  3889  022C  0F26               	incfsz	___flge@ff2+2,w
  3890  022D  2A2F               	goto	u1433
  3891  022E  2A30               	goto	u1434
  3892  022F                     u1433:
  3893  022F  02AA               	subwf	??___flge+2,f
  3894  0230                     u1434:
  3895  0230  0827               	movf	___flge@ff2+3,w
  3896  0231  1C03               	skipc
  3897  0232  0F27               	incfsz	___flge@ff2+3,w
  3898  0233  2A35               	goto	u1435
  3899  0234  2A36               	goto	u1436
  3900  0235                     u1435:
  3901  0235  02AB               	subwf	??___flge+3,f
  3902  0236                     u1436:
  3903  0236  082B               	movf	??___flge+3,w
  3904  0237  00A7               	movwf	___flge@ff2+3
  3905  0238  082A               	movf	??___flge+2,w
  3906  0239  00A6               	movwf	___flge@ff2+2
  3907  023A  0829               	movf	??___flge+1,w
  3908  023B  00A5               	movwf	___flge@ff2+1
  3909  023C  0828               	movf	??___flge,w
  3910  023D  00A4               	movwf	___flge@ff2
  3911  023E                     l531:
  3912  023E  3080               	movlw	128
  3913  023F  06A3               	xorwf	___flge@ff1+3,f
  3914  0240  3080               	movlw	128
  3915  0241  06A7               	xorwf	___flge@ff2+3,f
  3916  0242  0827               	movf	___flge@ff2+3,w
  3917  0243  0223               	subwf	___flge@ff1+3,w
  3918  0244  1D03               	skipz
  3919  0245  2A50               	goto	u1445
  3920  0246  0826               	movf	___flge@ff2+2,w
  3921  0247  0222               	subwf	___flge@ff1+2,w
  3922  0248  1D03               	skipz
  3923  0249  2A50               	goto	u1445
  3924  024A  0825               	movf	___flge@ff2+1,w
  3925  024B  0221               	subwf	___flge@ff1+1,w
  3926  024C  1D03               	skipz
  3927  024D  2A50               	goto	u1445
  3928  024E  0824               	movf	___flge@ff2,w
  3929  024F  0220               	subwf	___flge@ff1,w
  3930  0250                     u1445:
  3931  0250  1803               	skipnc
  3932  0251  2A53               	goto	u1441
  3933  0252  2A54               	goto	u1440
  3934  0253                     u1441:
  3935  0253  2A56               	goto	l1686
  3936  0254                     u1440:
  3937  0254                     l1684:
  3938  0254  1003               	clrc
  3939  0255  2A57               	goto	l532
  3940  0256                     l1686:
  3941  0256  1403               	setc
  3942  0257                     l532:
  3943  0257  0008               	return
  3944  0258                     __end_of___flge:
  3945                           
  3946                           	psect	text15
  3947  00A5                     __ptext15:	
  3948 ;; *************** function _ADC_Read *****************
  3949 ;; Defined at:
  3950 ;;		line 70 in file "Probador1.c"
  3951 ;; Parameters:    Size  Location     Type
  3952 ;;  channel         1    wreg     unsigned char 
  3953 ;; Auto vars:     Size  Location     Type
  3954 ;;  channel         1    4[COMMON] unsigned char 
  3955 ;; Return value:  Size  Location     Type
  3956 ;;                  2    0[COMMON] unsigned int 
  3957 ;; Registers used:
  3958 ;;		wreg, status,2, status,0, btemp+1
  3959 ;; Tracked objects:
  3960 ;;		On entry : 0/0
  3961 ;;		On exit  : 0/0
  3962 ;;		Unchanged: 0/0
  3963 ;; Data sizes:     COMMON   BANK0   BANK1   BANK3   BANK2
  3964 ;;      Params:         2       0       0       0       0
  3965 ;;      Locals:         1       0       0       0       0
  3966 ;;      Temps:          2       0       0       0       0
  3967 ;;      Totals:         5       0       0       0       0
  3968 ;;Total ram usage:        5 bytes
  3969 ;; Hardware stack levels used:    1
  3970 ;; This function calls:
  3971 ;;		Nothing
  3972 ;; This function is called by:
  3973 ;;		_ADC
  3974 ;; This function uses a non-reentrant model
  3975 ;;
  3976                           
  3977                           
  3978                           ;psect for function _ADC_Read
  3979  00A5                     _ADC_Read:
  3980                           
  3981                           ;incstack = 0
  3982                           ; Regs used in _ADC_Read: [wreg+status,2+status,0+btemp+1]
  3983                           ;ADC_Read@channel stored from wreg
  3984  00A5  00F4               	movwf	ADC_Read@channel
  3985  00A6                     l1584:
  3986                           
  3987                           ;Probador1.c: 71:     ADCON0 &= 0x11000101;
  3988  00A6  3001               	movlw	1
  3989  00A7  00FF               	movwf	btemp+1
  3990  00A8  087F               	movf	btemp+1,w
  3991  00A9  1283               	bcf	3,5	;RP0=0, select bank0
  3992  00AA  1303               	bcf	3,6	;RP1=0, select bank0
  3993  00AB  059F               	andwf	31,f	;volatile
  3994                           
  3995                           ;Probador1.c: 72:     ADCON0 |= channel <<3;
  3996  00AC  0874               	movf	ADC_Read@channel,w	;volatile
  3997  00AD  00F2               	movwf	??_ADC_Read
  3998  00AE  3002               	movlw	2
  3999  00AF                     u1265:
  4000  00AF  1003               	clrc
  4001  00B0  0DF2               	rlf	??_ADC_Read,f
  4002  00B1  3EFF               	addlw	-1
  4003  00B2  1D03               	skipz
  4004  00B3  28AF               	goto	u1265
  4005  00B4  1003               	clrc
  4006  00B5  0D72               	rlf	??_ADC_Read,w
  4007  00B6  00FF               	movwf	btemp+1
  4008  00B7  087F               	movf	btemp+1,w
  4009  00B8  049F               	iorwf	31,f	;volatile
  4010  00B9                     l1586:
  4011                           
  4012                           ;Probador1.c: 73:     _delay((unsigned long)((2)*(8000000UL/4000.0)));
  4013  00B9  3006               	movlw	6
  4014  00BA  00F3               	movwf	??_ADC_Read+1
  4015  00BB  3030               	movlw	48
  4016  00BC  00F2               	movwf	??_ADC_Read
  4017  00BD                     u2377:
  4018  00BD  0BF2               	decfsz	??_ADC_Read,f
  4019  00BE  28BD               	goto	u2377
  4020  00BF  0BF3               	decfsz	??_ADC_Read+1,f
  4021  00C0  28BD               	goto	u2377
  4022  00C1  0000               	nop
  4023  00C2                     l1588:
  4024                           
  4025                           ;Probador1.c: 74:     GO_nDONE = 1;
  4026  00C2  1283               	bcf	3,5	;RP0=0, select bank0
  4027  00C3  1303               	bcf	3,6	;RP1=0, select bank0
  4028  00C4  151F               	bsf	31,2	;volatile
  4029  00C5                     l94:	
  4030                           ;Probador1.c: 75:     while(GO_nDONE);
  4031                           
  4032  00C5  191F               	btfsc	31,2	;volatile
  4033  00C6  28C8               	goto	u1271
  4034  00C7  28C9               	goto	u1270
  4035  00C8                     u1271:
  4036  00C8  28C5               	goto	l94
  4037  00C9                     u1270:
  4038  00C9                     l1590:
  4039                           
  4040                           ;Probador1.c: 76:     return ((ADRESH << 8) + ADRESL);
  4041  00C9  081E               	movf	30,w	;volatile
  4042  00CA  00F1               	movwf	?_ADC_Read+1
  4043  00CB  1683               	bsf	3,5	;RP0=1, select bank1
  4044  00CC  1303               	bcf	3,6	;RP1=0, select bank1
  4045  00CD  081E               	movf	30,w	;volatile
  4046  00CE  00F0               	movwf	?_ADC_Read
  4047  00CF                     l97:
  4048  00CF  0008               	return
  4049  00D0                     __end_of_ADC_Read:
  4050                           
  4051                           	psect	text16
  4052  007E                     __ptext16:	
  4053 ;; *************** function _ADC_Init *****************
  4054 ;; Defined at:
  4055 ;;		line 64 in file "Probador1.c"
  4056 ;; Parameters:    Size  Location     Type
  4057 ;;		None
  4058 ;; Auto vars:     Size  Location     Type
  4059 ;;		None
  4060 ;; Return value:  Size  Location     Type
  4061 ;;                  1    wreg      void 
  4062 ;; Registers used:
  4063 ;;		wreg
  4064 ;; Tracked objects:
  4065 ;;		On entry : 0/0
  4066 ;;		On exit  : 0/0
  4067 ;;		Unchanged: 0/0
  4068 ;; Data sizes:     COMMON   BANK0   BANK1   BANK3   BANK2
  4069 ;;      Params:         0       0       0       0       0
  4070 ;;      Locals:         0       0       0       0       0
  4071 ;;      Temps:          2       0       0       0       0
  4072 ;;      Totals:         2       0       0       0       0
  4073 ;;Total ram usage:        2 bytes
  4074 ;; Hardware stack levels used:    1
  4075 ;; This function calls:
  4076 ;;		Nothing
  4077 ;; This function is called by:
  4078 ;;		_ADC
  4079 ;; This function uses a non-reentrant model
  4080 ;;
  4081                           
  4082                           
  4083                           ;psect for function _ADC_Init
  4084  007E                     _ADC_Init:
  4085  007E                     l1582:	
  4086                           ;incstack = 0
  4087                           ; Regs used in _ADC_Init: [wreg]
  4088                           
  4089                           
  4090                           ;Probador1.c: 65:     ADCON1 = 0b11000000;
  4091  007E  30C0               	movlw	192
  4092  007F  1683               	bsf	3,5	;RP0=1, select bank1
  4093  0080  1303               	bcf	3,6	;RP1=0, select bank1
  4094  0081  009F               	movwf	31	;volatile
  4095                           
  4096                           ;Probador1.c: 66:     ADCON0 = 0b00001001;
  4097  0082  3009               	movlw	9
  4098  0083  1283               	bcf	3,5	;RP0=0, select bank0
  4099  0084  1303               	bcf	3,6	;RP1=0, select bank0
  4100  0085  009F               	movwf	31	;volatile
  4101                           
  4102                           ;Probador1.c: 67:     _delay((unsigned long)((10)*(8000000UL/4000.0)));
  4103  0086  301A               	movlw	26
  4104  0087  00F1               	movwf	??_ADC_Init+1
  4105  0088  30F8               	movlw	248
  4106  0089  00F0               	movwf	??_ADC_Init
  4107  008A                     u2387:
  4108  008A  0BF0               	decfsz	??_ADC_Init,f
  4109  008B  288A               	goto	u2387
  4110  008C  0BF1               	decfsz	??_ADC_Init+1,f
  4111  008D  288A               	goto	u2387
  4112  008E  0000               	nop
  4113  008F                     l91:
  4114  008F  0008               	return
  4115  0090                     __end_of_ADC_Init:
  4116  007E                     btemp	set	126	;btemp
  4117  007E                     wtemp0	set	126
  4118                           
  4119                           	psect	idloc
  4120                           
  4121                           ;Config register IDLOC0 @ 0x2000
  4122                           ;	unspecified, using default values
  4123  2000                     	org	8192
  4124  2000  3FFF               	dw	16383
  4125                           
  4126                           ;Config register IDLOC1 @ 0x2001
  4127                           ;	unspecified, using default values
  4128  2001                     	org	8193
  4129  2001  3FFF               	dw	16383
  4130                           
  4131                           ;Config register IDLOC2 @ 0x2002
  4132                           ;	unspecified, using default values
  4133  2002                     	org	8194
  4134  2002  3FFF               	dw	16383
  4135                           
  4136                           ;Config register IDLOC3 @ 0x2003
  4137                           ;	unspecified, using default values
  4138  2003                     	org	8195
  4139  2003  3FFF               	dw	16383
  4140                           
  4141                           	psect	config
  4142                           
  4143                           ;Config register CONFIG @ 0x2007
  4144                           ;	Oscillator Selection bits
  4145                           ;	FOSC = HS, HS oscillator
  4146                           ;	Watchdog Timer Enable bit
  4147                           ;	WDTE = OFF, WDT disabled
  4148                           ;	Power-up Timer Enable bit
  4149                           ;	PWRTE = OFF, PWRT disabled
  4150                           ;	FLASH Program Memory Code Protection bits
  4151                           ;	CP = OFF, Code protection off
  4152                           ;	Brown-out Reset Enable bit
  4153                           ;	BOREN = ON, BOR enabled
  4154                           ;	Low Voltage In-Circuit Serial Programming Enable bit
  4155                           ;	LVP = OFF, RB3 is digital I/O, HV on MCLR must be used for programming
  4156                           ;	Data EE Memory Code Protection
  4157                           ;	CPD = OFF, Code Protection off
  4158                           ;	FLASH Program Memory Write Enable
  4159                           ;	WRT = OFF, Unprotected program memory may not be written to by EECON control
  4160                           ;	In-Circuit Debugger Mode bit
  4161                           ;	DEBUG = 0x1, unprogrammed default
  4162  2007                     	org	8199
  4163  2007  3D7A               	dw	15738

Data Sizes:
    Strings     18
    Constant    10
    Data        1
    BSS         6
    Persistent  1
    Stack       0

Auto Spaces:
    Space          Size  Autos    Used
    COMMON           14     14      14
    BANK0            80     28      36
    BANK1            80      0       0
    BANK3            96      0       0
    BANK2            96      0       0

Pointer List with Targets:

    printf@f	PTR const unsigned char  size(1) Largest target is 11
		 -> STR_2(CODE[11]), STR_1(CODE[7]), 

    printf@ap	PTR void [1] size(1) Largest target is 2
		 -> ?_printf(COMMON[2]), 


Critical Paths under _main in COMMON

    _Prueba_sal->_salidas
    _ADC->___xxtofl
    _ADC->_printf
    _printf->___lwmod
    _putch->_UART_Write
    ___lwmod->___lwdiv
    ___flge->___xxtofl

Critical Paths under _main in BANK0

    _main->_ADC
    _ADC->___flge

Critical Paths under _main in BANK1

    None.

Critical Paths under _main in BANK3

    None.

Critical Paths under _main in BANK2

    None.

Call Graph Tables:

 ---------------------------------------------------------------------------------
 (Depth) Function   	        Calls       Base Space   Used Autos Params    Refs
 ---------------------------------------------------------------------------------
 (0) _main                                                 9     9      0    2755
                                             19 BANK0      9     9      0
                                _ADC
                         _Prueba_sal
                       _port_conf_r1
                       _port_conf_r2
                          _porte_ent
                          _porte_sal
 ---------------------------------------------------------------------------------
 (1) _porte_sal                                            0     0      0       0
 ---------------------------------------------------------------------------------
 (1) _porte_ent                                            0     0      0       0
 ---------------------------------------------------------------------------------
 (1) _port_conf_r2                                         0     0      0       0
 ---------------------------------------------------------------------------------
 (1) _port_conf_r1                                         0     0      0       0
 ---------------------------------------------------------------------------------
 (1) _Prueba_sal                                           1     1      0     156
                                              4 COMMON     1     1      0
                            _salidas
 ---------------------------------------------------------------------------------
 (2) _salidas                                              4     4      0     110
                                              0 COMMON     4     4      0
 ---------------------------------------------------------------------------------
 (1) _ADC                                                  7     7      0    2434
                                             12 BANK0      7     7      0
                           _ADC_Init
                           _ADC_Read
                             ___flge
                           ___xxtofl
                             _printf
 ---------------------------------------------------------------------------------
 (2) _printf                                              20    18      2    1054
                                             12 COMMON     2     0      2
                                              0 BANK0     10    10      0
                            ___lwdiv
                            ___lwmod
                              _putch
 ---------------------------------------------------------------------------------
 (3) _putch                                                1     1      0      44
                                              1 COMMON     1     1      0
                         _UART_Write
 ---------------------------------------------------------------------------------
 (4) _UART_Write                                           1     1      0      22
                                              0 COMMON     1     1      0
 ---------------------------------------------------------------------------------
 (3) ___lwmod                                              5     1      4     311
                                              7 COMMON     5     1      4
                            ___lwdiv (ARG)
 ---------------------------------------------------------------------------------
 (3) ___lwdiv                                              7     3      4     314
                                              0 COMMON     7     3      4
 ---------------------------------------------------------------------------------
 (2) ___xxtofl                                            14    10      4     474
                                              0 COMMON    14    10      4
 ---------------------------------------------------------------------------------
 (2) ___flge                                              12     4      8     486
                                              0 BANK0     12     4      8
                           ___xxtofl (ARG)
 ---------------------------------------------------------------------------------
 (2) _ADC_Read                                             5     3      2      22
                                              0 COMMON     5     3      2
 ---------------------------------------------------------------------------------
 (2) _ADC_Init                                             2     2      0       0
                                              0 COMMON     2     2      0
 ---------------------------------------------------------------------------------
 Estimated maximum stack depth 4
 ---------------------------------------------------------------------------------

 Call Graph Graphs:

 _main (ROOT)
   _ADC
     _ADC_Init
     _ADC_Read
     ___flge
       ___xxtofl (ARG)
     ___xxtofl
     _printf
       ___lwdiv
       ___lwmod
         ___lwdiv (ARG)
       _putch
         _UART_Write
   _Prueba_sal
     _salidas
   _port_conf_r1
   _port_conf_r2
   _porte_ent
   _porte_sal

 Address spaces:
Name               Size   Autos  Total    Cost      Usage
BANK3               60      0       0       9        0.0%
BITBANK3            60      0       0       8        0.0%
SFR3                 0      0       0       4        0.0%
BITSFR3              0      0       0       4        0.0%
BANK2               60      0       0      11        0.0%
BITBANK2            60      0       0      10        0.0%
SFR2                 0      0       0       5        0.0%
BITSFR2              0      0       0       5        0.0%
BANK1               50      0       0       7        0.0%
BITBANK1            50      0       0       6        0.0%
SFR1                 0      0       0       2        0.0%
BITSFR1              0      0       0       2        0.0%
BANK0               50     1C      24       5       45.0%
BITBANK0            50      0       0       4        0.0%
SFR0                 0      0       0       1        0.0%
BITSFR0              0      0       0       1        0.0%
COMMON               E      E       E       1      100.0%
BITCOMMON            E      0       0       0        0.0%
CODE                 0      0       0       0        0.0%
DATA                 0      0      32      12        0.0%
ABS                  0      0      32       3        0.0%
NULL                 0      0       0       0        0.0%
STACK                0      0       0       2        0.0%
EEDATA             100      0       0       0        0.0%


Microchip Technology PIC Macro Assembler V2.20 build 20200408173844 
Symbol Table                                                                                   Thu Jul 17 12:32:42 2025

                      pc 0002                       l82 0056                       l91 008F  
                     l85 0060                       l94 00C5                       l88 0054  
                     l97 00CF                       _xx 003D                       fsr 0004  
                    l102 042F                      l110 04F9                      l103 0443  
                    l104 0457                      l105 046B                      l106 047F  
                    l107 0493                      l108 04A7                      l124 0535  
                    l116 0512                      l109 04BB                      l222 004C  
                    l142 05A6                      l231 00A4                      l119 0516  
                    l216 006E                      l241 01B3                      l225 0047  
                    l219 007D                      l350 03D3                      l159 0619  
                    _ADC 03D4                      l176 068C                      l193 0711  
                    l531 023E                      l532 0257                      l528 01D2  
                    l800 02DB                      l801 02E7                      l626 014D  
                    l636 0109                      l787 027A                      l789 0311  
                    _RE0 0048                      _RE1 0049                      _RE2 004A  
                    fsr0 0004                      indf 0000                     ADC@i 002F  
                   ?_ADC 0070                     l2000 06FC                     l2010 0715  
                   l2002 0701                     l2020 0722                     l2012 0716  
                   l2004 0706                     l2030 0732                     l2022 0724  
                   l2014 0718                     l2006 070C                     l2032 0733  
                   l2040 0761                     l2024 0728                     l2042 0767  
                   l2034 0741                     l2050 0771                     l2026 072A  
                   l2018 071D                     l2060 07A4                     l2044 0768  
                   l2036 074E                     l2028 072C                     l2052 0778  
                   l2150 0340                     l2070 07CD                     l2062 07AA  
                   l2046 076C                     l2038 075D                     l2054 0791  
                   l1600 0327                     l2072 07D0                     l2064 07AF  
                   l2056 0799                     l1530 005C                     l1610 034F  
                   l1602 0329                     l2074 07DE                     l2058 079E  
                   l2146 0780                     l1540 0115                     l1532 004E  
                   l1612 0353                     l2148 01A2                     l2076 07E4  
                   l2068 07BD                     l1710 02A4                     l1702 028B  
                   l1550 013B                     l1542 011C                     l1534 010A  
                   l1630 03AE                     l1622 0371                     l1606 032E  
                   l2078 07EA                     l1720 02D1                     l1712 02A8  
                   l1704 0290                     l1552 013C                     l1544 0120  
                   l1536 010C                     l1560 00D0                     l1528 0056  
                   l1632 03B4                     l1624 0375                     l1608 0348  
                   l1640 014F                     l1800 0090                     l1730 0304  
                   l1722 02D5                     l1714 02B6                     l1706 0294  
                   l1554 0143                     l1546 0124                     l1538 0112  
                   l1570 00E8                     l1562 00D6                     l1626 037B  
                   l1618 0355                     l1634 03BF                     l1650 0174  
                   l1642 0150                     l1802 0092                     l1810 006B  
                   l1732 0308                     l1724 02DF                     l1716 02BF  
                   l1708 029D                     l1548 0135                     l1556 0149  
                   l1572 00F2                     l1564 00D9                     l1628 0380  
                   l1740 03D9                     l1644 015B                     l1804 0098  
                   l1812 0044                     l1900 05E0                     l1820 050C  
                   l1582 007E                     l1590 00C9                     l1670 01B4  
                   l1734 0309                     l1726 02E9                     l1718 02C6  
                   l1574 00F8                     l1566 00E0                     l1750 0418  
                   l1742 03DC                     l1654 0180                     l1646 0168  
                   l1806 009C                     l1902 05EF                     l1910 0601  
                   l1830 052D                     l1814 04FA                     l1584 00A6  
                   l1680 0216                     l1672 01CA                     l1728 02FF  
                   l1576 00FF                     l1568 00E4                     l1760 044C  
                   l1752 0422                     l1744 03E2                     l1664 0198  
                   l1808 0061                     l1920 061D                     l1904 05F3  
                   l1912 0608                     l1832 0533                     l1840 0540  
                   l1824 0519                     l1816 0504                     l1586 00B9  
                   l1682 021A                     l1674 01E6                     l1690 0259  
                   l1578 0105                     l1594 0315                     l1770 047D  
                   l1762 0455                     l1754 042D                     l1738 03D4  
                   l1658 018C                     l1930 062D                     l1914 060D  
                   l1906 05F9                     l1850 0551                     l1842 0545  
                   l1834 0539                     l1826 051E                     l1818 050A  
                   l1588 00C2                     l1684 0254                     l1676 01EE  
                   l1692 025E                     l1596 031A                     l1780 04B0  
                   l1772 0488                     l1764 0460                     l1756 0438  
                   l1748 040C                     l1940 0646                     l1932 062F  
                   l1916 0612                     l1924 0622                     l1908 05FD  
                   l1860 0582                     l1852 0557                     l1844 054A  
                   l1836 053B                     l1828 0528                     l1686 0256  
                   l1678 01F2                     l1694 0262                     l1598 0320  
                   l1782 04B9                     l1774 0491                     l1766 0469  
                   l1758 0441                     l1790 0077                     l1950 0670  
                   l1942 0653                     l1934 0631                     l1926 0627  
                   l1870 0595                     l1854 0558                     l1862 0586  
                   l1846 054E                     l1696 0272                     l1784 04D2  
                   l1776 049C                     l1768 0474                     l1792 007A  
                   l1944 0662                     l1936 0637                     l1952 0674  
                   l1928 0629                     l1872 059A                     l1864 058C  
                   l1856 0566                     l1848 0550                     l1698 0282  
                   l1778 04A5                     l1794 007B                     l1786 006F  
                   l1970 06A3                     l1962 0690                     l1938 0638  
                   l1946 0666                     l1954 067B                     l1890 05BC  
                   l1874 059F                     l1882 05AF                     l1858 0573  
                   l1796 007C                     l1788 0075                     l1980 06B3  
                   l1972 06A5                     l1964 0698                     l1956 0680  
                   l1948 066C                     l1892 05BE                     l1884 05B4  
                   l1868 058F                     l1798 0048                     l1982 06B4  
                   l1990 06E2                     l1974 06A9                     l1958 0685  
                   l1894 05C4                     l1886 05B6                     l1878 05AA  
                   l1992 06E8                     l1984 06C2                     l1976 06AB  
                   l1968 069E                     l1896 05C5                     l1888 05BA  
                   l1994 06EC                     l1986 06CF                     l1978 06AD  
                   l1898 05D3                     l1988 06DE                     l1996 06F0  
                   l1998 06F7                     STR_1 001E                     STR_2 0013  
                   u1200 00D6                     u1120 005C                     u1201 00D5  
                   u1121 005B                     u1130 0112                     u2010 066C  
                   u1131 0111                     u2011 066B                     u1220 00E8  
                   u1300 037B                     u2100 06F6                     u2020 067A  
                   u2004 065B                     u1221 00E7                     u1301 037A  
                   u2101 06F5                     u2021 0679                     u2005 0659  
                   u1150 0124                     u1230 00F2                     u1310 03BF  
                   u2110 06FC                     u2030 0680                     u1151 0123  
                   u1231 00F1                     u1215 00DA                     u1311 03BE  
                   u2111 06FB                     u2031 067F                     u1400 01F2  
                   u1320 03D3                     u2200 07AA                     u2120 070C  
                   u2040 068B                     u1401 01F1                     u1145 0116  
                   u1321 03D2                     u2201 07A9                     u2121 070B  
                   u2041 068A                     u1170 0135                     u1250 0105  
                   u2210 07BC                     u2130 0715                     u2050 0690  
                   u1411 0201                     u1171 0134                     u1251 0104  
                   u1235 00EE                     u2211 07BB                     u2131 0714  
                   u2051 068F                     u1420 021A                     u1412 0202  
                   u2220 07EA                     u2140 0722                     u2060 06A3  
                   u1421 0219                     u1413 0207                     u1165 0125  
                   u1245 00F9                     u2221 07E9                     u2141 0721  
                   u2061 06A2                     u1270 00C9                     u1414 0208  
                   u1510 02C5                     u1190 0149                     u1334 0156  
                   u2150 0732                     u2070 06B3                     u1271 00C8  
                   u1431 0229                     u1415 020D                     u1511 02C4  
                   u1191 0148                     u1175 0131                     u1335 0154  
                   u2151 0731                     u2071 06B2                     u1440 0254  
                   u1432 022A                     u1416 020E                     u1280 0320  
                   u1600 042D                     u1344 016E                     u1265 00AF  
                   u1441 0253                     u1433 022F                     u1505 02B7  
                   u1185 013D                     u1281 031F                     u1601 042C  
                   u1345 016C                     u1434 0230                     u1530 02D5  
                   u1450 025E                     u1290 0370                     u1610 0438  
                   u1354 017A                     u2170 0767                     u2090 06E8  
                   u1435 0235                     u1531 02D4                     u1451 025D  
                   u1291 036F                     u1611 0437                     u1355 0178  
                   u2171 0766                     u2091 06E7                     u2307 06CB  
                   u1436 0236                     u1380 01CA                     u1540 02DB  
                   u1460 0262                     u1700 0491                     u1620 0441  
                   u1364 0186                     u2180 0777                     u2164 0756  
                   u2084 06D7                     u1445 0250                     u1381 01C9  
                   u1541 02DA                     u1525 02CA                     u1461 0261  
                   u1701 0490                     u1621 0440                     u1365 0184  
                   u2181 0776                     u2165 0754                     u2317 073B  
                   u2085 06D5                     u2237 0560                     u1390 01E6  
                   u1550 02DF                     u1470 0282                     u1710 049C  
                   u1630 044C                     u1374 0192                     u2190 0799  
                   u1391 01E5                     u1551 02DE                     u1471 0281  
                   u1295 036C                     u1711 049B                     u1631 044B  
                   u1375 0190                     u2191 0798                     u2327 074A  
                   u2247 056F                     u1560 02F4                     u1720 04A5  
                   u1640 0455                     u1800 0533                     u1721 04A4  
                   u1641 0454                     u2337 07C7                     u2257 05CD  
                   u1801 0532                     u1570 0304                     u1490 02A3  
                   u1730 04B0                     u1650 0460                     u1810 0539  
                   u1571 0303                     u1491 02A2                     u1731 04AF  
                   u1651 045F                     u2347 07D8                     u2267 05DC  
                   u1811 0538                     u1580 0308                     u1740 04B9  
                   u1660 0469                     u1900 05B4                     u1820 0545  
                   u1581 0307                     u1565 02EF                     u1485 0295  
                   u1741 04B8                     u1661 0468                     u2357 0161  
                   u2277 0640                     u1901 05B3                     u1821 0544  
                   u1750 04F9                     u1670 0474                     u1590 040B  
                   u1910 05C4                     u1830 0557                     u1751 04F8  
                   u2367 04C3                     u1671 0473                     u1591 040A  
                   u2287 064F                     u1911 05C3                     u1831 0556  
                   u1680 047D                     u1760 00A4                     u2377 00BD  
                   u1681 047C                     u1761 00A3                     u2297 06BC  
                   u1690 0488                     u1930 05F9                     u1850 058C  
                   u1770 0511                     u2387 008A                     u1691 0487  
                   u1931 05F8                     u1851 058B                     u1771 0510  
                   u1940 0607                     u1924 05E8                     u1860 0594  
                   u1844 057B                     u1780 0516                     u1941 0606  
                   u1925 05E6                     u1861 0593                     u1845 0579  
                   u1781 0515                     u1950 060D                     u1870 059A  
                   u1790 051E                     u1951 060C                     u1871 0599  
                   u1791 051D                     u1960 0618                     u1880 05A5  
                   u1961 0617                     u1881 05A4                     u1970 061D  
                   u1890 05AA                     u1971 061C                     u1891 05A9  
                   u1980 0627                     u1981 0626                     u1990 0637  
                   u1991 0636                     _caso 003C                     _main 04FA  
                   _mask 003F                     btemp 007E         __end_of_ADC_Init 0090  
       __end_of_ADC_Read 00D0                     start 0000                    ??_ADC 002C  
                  ?_main 0070          __end_of___lwdiv 014E          __end_of___lwmod 010A  
                  _SPBRG 0099                    _PORTA 0005                    _PORTB 0006  
                  _PORTC 0007                    _PORTD 0008                    _PORTE 0009  
                  _TRISA 0085                    _TRISB 0086                    _TRISC 0087  
                  _TRISD 0088                    _TRISE 0089                    _TXREG 0019  
            ?_UART_Write 0070          __end_of_dpowers 0013                    _putch 004D  
        __end_of_salidas 01B4                    pclath 000A                    status 0003  
                  wtemp0 007E          __initialization 07F0             __end_of_main 07F0  
                 ??_main 0033                   _ADCON0 001F                   _ADCON1 009F  
                 _ADRESH 001E                   _ADRESL 009E                   ?_putch 0070  
       __end_of___xxtofl 0312                   ___flge 01B4      __size_of_UART_Write 000C  
              ??___lwdiv 0074                ??___lwmod 007B          ADC_Read@channel 0074  
                 _printf 0312                   _prueba 003E                   _puerto 0040  
             _Prueba_sal 0090                ?_ADC_Init 0070                ?_ADC_Read 0070  
              ??_salidas 0070               ___flge@ff1 0020               ___flge@ff2 0024  
           ___xxtofl@arg 007A             ___xxtofl@exp 0079             ___xxtofl@val 0070  
__end_of__initialization 07FC           __pcstackCOMMON 0070             __pidataBANK0 0043  
          __end_of_putch 0055               ??_ADC_Init 0070               ??_ADC_Read 0072  
                ??_putch 0071               __pbssBANK0 003C               __pmaintext 04FA  
                ?___flge 0020                  ?_printf 007C              ?_Prueba_sal 0070  
              ?___xxtofl 0070             ??_UART_Write 0070       __size_of_porte_ent 0005  
     __size_of_porte_sal 0004               __stringtab 0003               _incremento 0041  
        __size_of___flge 00A4       __end_of_UART_Write 0061                  ___lwdiv 010A  
                ___lwmod 00D0                  __ptext1 0044                  __ptext2 0048  
                __ptext3 0061                  __ptext4 006F                  __ptext5 0090  
                __ptext6 014E                  __ptext7 03D4                  __ptext8 0312  
                __ptext9 004D          __size_of_printf 00C2             __size_of_ADC 0126  
                _dpowers 0009               ??___xxtofl 0074                  _salidas 014E  
                _nro_pin 0043     end_of_initialization 07FC      __size_of_Prueba_sal 0015  
      __end_of_porte_ent 004D        __end_of_porte_sal 0048                _RCSTAbits 0018  
                printf@c 0029                  printf@f 0028              Prueba_sal@i 0074  
         UART_Write@data 0070            ___xxtofl@sign 0078        __size_of_ADC_Init 0012  
      __size_of_ADC_Read 002B            ?_port_conf_r1 0070            ?_port_conf_r2 0070  
              _TXSTAbits 0098           __end_of___flge 0258           __end_of_printf 03D4  
    start_initialization 07F0              __end_of_ADC 04FA           ??_port_conf_r1 0070  
         ??_port_conf_r2 0070                 ADC@valor 0031                 ??___flge 0028  
            __pdataBANK0 0043                 ??_printf 0020             ??_Prueba_sal 0074  
              ___latbits 0002            __pcstackBANK0 0020        __size_of___xxtofl 00BA  
              __pnvBANK0 0042         ___lwdiv@dividend 0072       __end_of_Prueba_sal 00A5  
               ?___lwdiv 0070                 ?___lwmod 0077                __pstrings 0003  
               _ADC_Init 007E                 _ADC_Read 00A5                 ?_salidas 0070  
       ___lwdiv@quotient 0074           __size_of_putch 0008                 _GO_nDONE 00FA  
   __end_of_port_conf_r1 007E     __end_of_port_conf_r2 006F                _porte_ent 0048  
              _porte_sal 0044              __stringbase 0008                main@i_210 003B  
              main@i_205 0037                main@i_206 0038                main@i_207 0039  
              main@i_208 003A               printf@flag 0023               printf@prec 0027  
       __size_of___lwdiv 0044               ?_porte_ent 0070               ?_porte_sal 0070  
       __size_of___lwmod 003A       __end_of__stringtab 0009                 ___xxtofl 0258  
        ___lwdiv@divisor 0070         __size_of_salidas 0066          ___lwdiv@counter 0076  
               __ptext10 0055                 __ptext11 00D0                 __ptext12 010A  
               __ptext13 0258                 __ptext14 01B4                 __ptext15 00A5  
               __ptext16 007E            __size_of_main 02F6                 _port_act 0042  
              printf@val 0025                putch@data 0071                 salidas@i 0073  
       ___lwmod@dividend 0079                stringcode 0003    __size_of_port_conf_r1 000F  
  __size_of_port_conf_r2 000E                 printf@ap 0024              ??_porte_ent 0070  
            ??_porte_sal 0070          ___lwmod@divisor 0077          ___lwmod@counter 007B  
               stringdir 0003                 stringtab 0003               _UART_Write 0055  
           _port_conf_r1 006F             _port_conf_r2 0061  
