

Microchip MPLAB XC8 Assembler V2.36 build 20220127204148 
                                                                                               Mon Jul 14 15:36:47 2025

Microchip MPLAB XC8 C Compiler v2.36 (Free license) build 20220127204148 Og1 
     1                           	processor	16F877
     2                           	pagewidth 120
     3                           	opt	flic
     4                           	psect	idataBANK0,global,class=CODE,delta=2,noexec
     5                           	psect	strings,global,class=STRING,delta=2,noexec
     6                           	psect	nvBANK0,global,class=BANK0,space=1,delta=1,noexec
     7                           	psect	cinit,global,class=CODE,merge=1,delta=2
     8                           	psect	bssBANK0,global,class=BANK0,space=1,delta=1,noexec
     9                           	psect	dataBANK0,global,class=BANK0,space=1,delta=1,noexec
    10                           	psect	cstackCOMMON,global,class=COMMON,space=1,delta=1,noexec
    11                           	psect	cstackBANK0,global,class=BANK0,space=1,delta=1,noexec
    12                           	psect	maintext,global,class=CODE,split=1,delta=2
    13                           	psect	text1,local,class=CODE,merge=1,delta=2
    14                           	psect	text2,local,class=CODE,merge=1,delta=2
    15                           	psect	text3,local,class=CODE,merge=1,delta=2
    16                           	psect	text4,local,class=CODE,merge=1,delta=2
    17                           	psect	text5,local,class=CODE,merge=1,delta=2
    18                           	psect	text6,local,class=CODE,merge=1,delta=2
    19                           	psect	text7,local,class=CODE,merge=1,delta=2
    20                           	psect	text8,local,class=CODE,merge=1,delta=2,group=1
    21                           	psect	text9,local,class=CODE,merge=1,delta=2
    22                           	psect	text10,local,class=CODE,merge=1,delta=2
    23                           	psect	text11,local,class=CODE,merge=1,delta=2,group=2
    24                           	psect	text12,local,class=CODE,merge=1,delta=2,group=2
    25                           	psect	text13,local,class=CODE,merge=1,delta=2,group=2
    26                           	psect	text14,local,class=CODE,merge=1,delta=2,group=2
    27                           	psect	text15,local,class=CODE,merge=1,delta=2
    28                           	psect	text16,local,class=CODE,merge=1,delta=2
    29                           	psect	text17,local,class=CODE,merge=1,delta=2
    30                           	psect	idloc,global,abs,ovrld,class=IDLOC,space=5,delta=2,noexec
    31                           	psect	config,global,abs,ovrld,class=CONFIG,space=4,delta=2,noexec
    32                           	dabs	1,0x7E,2
    33  0000                     
    34                           ; Version 2.40
    35                           ; Generated 17/11/2021 GMT
    36                           ; 
    37                           ; Copyright © 2021, Microchip Technology Inc. and its subsidiaries ("Microchip")
    38                           ; All rights reserved.
    39                           ; 
    40                           ; This software is developed by Microchip Technology Inc. and its subsidiaries ("Microch
      +                          ip").
    41                           ; 
    42                           ; Redistribution and use in source and binary forms, with or without modification, are
    43                           ; permitted provided that the following conditions are met:
    44                           ; 
    45                           ;     1. Redistributions of source code must retain the above copyright notice, this lis
      +                          t of
    46                           ;        conditions and the following disclaimer.
    47                           ; 
    48                           ;     2. Redistributions in binary form must reproduce the above copyright notice, this 
      +                          list
    49                           ;        of conditions and the following disclaimer in the documentation and/or other
    50                           ;        materials provided with the distribution. Publication is not required when
    51                           ;        this file is used in an embedded application.
    52                           ; 
    53                           ;     3. Microchip's name may not be used to endorse or promote products derived from th
      +                          is
    54                           ;        software without specific prior written permission.
    55                           ; 
    56                           ; THIS SOFTWARE IS PROVIDED BY MICROCHIP "AS IS" AND ANY EXPRESS OR IMPLIED WARRANTIES,
    57                           ; INCLUDING, BUT NOT LIMITED TO, THE IMPLIED WARRANTIES OF MERCHANTABILITY AND FITNESS F
      +                          OR
    58                           ; PURPOSE ARE DISCLAIMED.  IN NO EVENT SHALL MICROCHIP BE LIABLE FOR ANY DIRECT, INDIREC
      +                          T,
    59                           ; INCIDENTAL, SPECIAL, EXEMPLARY, OR CONSEQUENTIAL DAMAGES (INCLUDING BUT NOT LIMITED TO
    60                           ; PROCUREMENT OF SUBSTITUTE GOODS OR SERVICES; LOSS OF USE, DATA OR PROFITS; OR BUSINESS
    61                           ; INTERRUPTION) HOWSOEVER CAUSED AND ON ANY THEORY OF LIABILITY, WHETHER IN CONTRACT, ST
      +                          RICT
    62                           ; LIABILITY, OR TORT (INCLUDING NEGLIGENCE OR OTHERWISE) ARISING IN ANY WAY OUT OF THE U
      +                          SE OF
    63                           ; THIS SOFTWARE, EVEN IF ADVISED OF THE POSSIBILITY OF SUCH DAMAGE.
    64                           ; 
    65                           ; 
    66                           ; Code-generator required, PIC16F877 Definitions
    67                           ; 
    68                           ; SFR Addresses
    69  0000                     	;# 
    70  0001                     	;# 
    71  0002                     	;# 
    72  0003                     	;# 
    73  0004                     	;# 
    74  0005                     	;# 
    75  0006                     	;# 
    76  0007                     	;# 
    77  0008                     	;# 
    78  0009                     	;# 
    79  000A                     	;# 
    80  000B                     	;# 
    81  000C                     	;# 
    82  000D                     	;# 
    83  000E                     	;# 
    84  000E                     	;# 
    85  000F                     	;# 
    86  0010                     	;# 
    87  0011                     	;# 
    88  0012                     	;# 
    89  0013                     	;# 
    90  0014                     	;# 
    91  0015                     	;# 
    92  0015                     	;# 
    93  0016                     	;# 
    94  0017                     	;# 
    95  0018                     	;# 
    96  0019                     	;# 
    97  001A                     	;# 
    98  001B                     	;# 
    99  001B                     	;# 
   100  001C                     	;# 
   101  001D                     	;# 
   102  001E                     	;# 
   103  001F                     	;# 
   104  0081                     	;# 
   105  0085                     	;# 
   106  0086                     	;# 
   107  0087                     	;# 
   108  0088                     	;# 
   109  0089                     	;# 
   110  008C                     	;# 
   111  008D                     	;# 
   112  008E                     	;# 
   113  0091                     	;# 
   114  0092                     	;# 
   115  0093                     	;# 
   116  0094                     	;# 
   117  0098                     	;# 
   118  0099                     	;# 
   119  009E                     	;# 
   120  009F                     	;# 
   121  010C                     	;# 
   122  010D                     	;# 
   123  010E                     	;# 
   124  010F                     	;# 
   125  018C                     	;# 
   126  018D                     	;# 
   127  0000                     	;# 
   128  0001                     	;# 
   129  0002                     	;# 
   130  0003                     	;# 
   131  0004                     	;# 
   132  0005                     	;# 
   133  0006                     	;# 
   134  0007                     	;# 
   135  0008                     	;# 
   136  0009                     	;# 
   137  000A                     	;# 
   138  000B                     	;# 
   139  000C                     	;# 
   140  000D                     	;# 
   141  000E                     	;# 
   142  000E                     	;# 
   143  000F                     	;# 
   144  0010                     	;# 
   145  0011                     	;# 
   146  0012                     	;# 
   147  0013                     	;# 
   148  0014                     	;# 
   149  0015                     	;# 
   150  0015                     	;# 
   151  0016                     	;# 
   152  0017                     	;# 
   153  0018                     	;# 
   154  0019                     	;# 
   155  001A                     	;# 
   156  001B                     	;# 
   157  001B                     	;# 
   158  001C                     	;# 
   159  001D                     	;# 
   160  001E                     	;# 
   161  001F                     	;# 
   162  0081                     	;# 
   163  0085                     	;# 
   164  0086                     	;# 
   165  0087                     	;# 
   166  0088                     	;# 
   167  0089                     	;# 
   168  008C                     	;# 
   169  008D                     	;# 
   170  008E                     	;# 
   171  0091                     	;# 
   172  0092                     	;# 
   173  0093                     	;# 
   174  0094                     	;# 
   175  0098                     	;# 
   176  0099                     	;# 
   177  009E                     	;# 
   178  009F                     	;# 
   179  010C                     	;# 
   180  010D                     	;# 
   181  010E                     	;# 
   182  010F                     	;# 
   183  018C                     	;# 
   184  018D                     	;# 
   185                           
   186                           	psect	idataBANK0
   187  0046                     __pidataBANK0:
   188                           
   189                           ;initializer for _nro_pin
   190  0046  3407               	retlw	7
   191                           
   192                           	psect	strings
   193  0003                     __pstrings:
   194  0003                     stringtab:
   195  0003                     __stringtab:
   196  0003                     stringcode:	
   197                           ;	String table - string pointers are 1 byte each
   198                           
   199  0003                     stringdir:
   200  0003  3000               	movlw	high stringdir
   201  0004  008A               	movwf	10
   202  0005  0804               	movf	4,w
   203  0006  0A84               	incf	4,f
   204  0007  0782               	addwf	2,f
   205  0008                     __stringbase:
   206  0008  3400               	retlw	0
   207  0009                     __end_of__stringtab:
   208  0009                     _dpowers:
   209  0009  3401               	retlw	1
   210  000A  3400               	retlw	0
   211  000B  340A               	retlw	10
   212  000C  3400               	retlw	0
   213  000D  3464               	retlw	100
   214  000E  3400               	retlw	0
   215  000F  34E8               	retlw	232
   216  0010  3403               	retlw	3
   217  0011  3410               	retlw	16
   218  0012  3427               	retlw	39
   219  0013                     __end_of_dpowers:
   220  0013                     STR_2:
   221  0013  3441               	retlw	65	;'A'
   222  0014  344E               	retlw	78	;'N'
   223  0015  3431               	retlw	49	;'1'
   224  0016  3420               	retlw	32	;' '
   225  0017  343D               	retlw	61	;'='
   226  0018  3420               	retlw	32	;' '
   227  0019  3425               	retlw	37	;'%'
   228  001A  3475               	retlw	117	;'u'
   229  001B  340D               	retlw	13
   230  001C  340A               	retlw	10
   231  001D  3400               	retlw	0
   232  001E                     STR_1:
   233  001E  3469               	retlw	105	;'i'
   234  001F  346E               	retlw	110	;'n'
   235  0020  3469               	retlw	105	;'i'
   236  0021  3463               	retlw	99	;'c'
   237  0022  3469               	retlw	105	;'i'
   238  0023  346F               	retlw	111	;'o'
   239  0024  3400               	retlw	0
   240                           
   241                           	psect	nvBANK0
   242  0042                     __pnvBANK0:
   243  0042                     _port_act:
   244  0042                     	ds	1
   245  0009                     _PORTE	set	9
   246  0008                     _PORTD	set	8
   247  0007                     _PORTC	set	7
   248  0005                     _PORTA	set	5
   249  0006                     _PORTB	set	6
   250  001E                     _ADRESH	set	30
   251  001F                     _ADCON0	set	31
   252  0019                     _TXREG	set	25
   253  0018                     _RCSTAbits	set	24
   254  004A                     _RE2	set	74
   255  0049                     _RE1	set	73
   256  0048                     _RE0	set	72
   257  00FA                     _GO_nDONE	set	250
   258  0089                     _TRISE	set	137
   259  0088                     _TRISD	set	136
   260  0087                     _TRISC	set	135
   261  0085                     _TRISA	set	133
   262  0086                     _TRISB	set	134
   263  009E                     _ADRESL	set	158
   264  009F                     _ADCON1	set	159
   265  0099                     _SPBRG	set	153
   266  0098                     _TXSTAbits	set	152
   267                           
   268                           	psect	cinit
   269  07EF                     start_initialization:	
   270                           ; #config settings
   271                           
   272  07EF                     __initialization:
   273                           
   274                           ; Initialize objects allocated to BANK0
   275  07EF  120A  118A  2046  120A  118A  	fcall	__pidataBANK0	;fetch initializer
   276  07F4  00C3               	movwf	__pdataBANK0& (0+127)
   277                           
   278                           ; Clear objects allocated to BANK0
   279  07F5  01BB               	clrf	__pbssBANK0& (0+127)
   280  07F6  01BC               	clrf	(__pbssBANK0+1)& (0+127)
   281  07F7  01BD               	clrf	(__pbssBANK0+2)& (0+127)
   282  07F8  01BE               	clrf	(__pbssBANK0+3)& (0+127)
   283  07F9  01BF               	clrf	(__pbssBANK0+4)& (0+127)
   284  07FA  01C0               	clrf	(__pbssBANK0+5)& (0+127)
   285  07FB  01C1               	clrf	(__pbssBANK0+6)& (0+127)
   286  07FC                     end_of_initialization:	
   287                           ;End of C runtime variable initialization code
   288                           
   289  07FC                     __end_of__initialization:
   290  07FC  0183               	clrf	3
   291  07FD  120A  118A  2D12   	ljmp	_main	;jump to C main() function
   292                           
   293                           	psect	bssBANK0
   294  003B                     __pbssBANK0:
   295  003B                     _carro:
   296  003B                     	ds	1
   297  003C                     _caso:
   298  003C                     	ds	1
   299  003D                     _xx:
   300  003D                     	ds	1
   301  003E                     _prueba:
   302  003E                     	ds	1
   303  003F                     _mask:
   304  003F                     	ds	1
   305  0040                     _puerto:
   306  0040                     	ds	1
   307  0041                     _incremento:
   308  0041                     	ds	1
   309                           
   310                           	psect	dataBANK0
   311  0043                     __pdataBANK0:
   312  0043                     _nro_pin:
   313  0043                     	ds	1
   314                           
   315                           	psect	cstackCOMMON
   316  0070                     __pcstackCOMMON:
   317  0070                     ?_port_conf_r1:
   318  0070                     ??_port_conf_r1:	
   319                           ; 1 bytes @ 0x0
   320                           
   321  0070                     ?_porte_ent:	
   322                           ; 1 bytes @ 0x0
   323                           
   324  0070                     ??_porte_ent:	
   325                           ; 1 bytes @ 0x0
   326                           
   327  0070                     ?_Prueba_sal:	
   328                           ; 1 bytes @ 0x0
   329                           
   330  0070                     ?_port_conf_r2:	
   331                           ; 1 bytes @ 0x0
   332                           
   333  0070                     ??_port_conf_r2:	
   334                           ; 1 bytes @ 0x0
   335                           
   336  0070                     ?_porte_sal:	
   337                           ; 1 bytes @ 0x0
   338                           
   339  0070                     ??_porte_sal:	
   340                           ; 1 bytes @ 0x0
   341                           
   342  0070                     ?_salidas:	
   343                           ; 1 bytes @ 0x0
   344                           
   345  0070                     ??_salidas:	
   346                           ; 1 bytes @ 0x0
   347                           
   348  0070                     ?_UART_Init:	
   349                           ; 1 bytes @ 0x0
   350                           
   351  0070                     ??_UART_Init:	
   352                           ; 1 bytes @ 0x0
   353                           
   354  0070                     ?_UART_Write:	
   355                           ; 1 bytes @ 0x0
   356                           
   357  0070                     ??_UART_Write:	
   358                           ; 1 bytes @ 0x0
   359                           
   360  0070                     ?_putch:	
   361                           ; 1 bytes @ 0x0
   362                           
   363  0070                     ?_ADC_Init:	
   364                           ; 1 bytes @ 0x0
   365                           
   366  0070                     ??_ADC_Init:	
   367                           ; 1 bytes @ 0x0
   368                           
   369  0070                     ?_ADC:	
   370                           ; 1 bytes @ 0x0
   371                           
   372  0070                     ?_main:	
   373                           ; 1 bytes @ 0x0
   374                           
   375  0070                     ?_ADC_Read:	
   376                           ; 1 bytes @ 0x0
   377                           
   378  0070                     ?___lwdiv:	
   379                           ; 2 bytes @ 0x0
   380                           
   381  0070                     ?___xxtofl:	
   382                           ; 2 bytes @ 0x0
   383                           
   384  0070                     UART_Write@data:	
   385                           ; 4 bytes @ 0x0
   386                           
   387  0070                     ___lwdiv@divisor:	
   388                           ; 1 bytes @ 0x0
   389                           
   390  0070                     ___xxtofl@val:	
   391                           ; 2 bytes @ 0x0
   392                           
   393                           
   394                           ; 4 bytes @ 0x0
   395  0070                     	ds	1
   396  0071                     ??_putch:
   397  0071                     putch@data:	
   398                           ; 1 bytes @ 0x1
   399                           
   400                           
   401                           ; 1 bytes @ 0x1
   402  0071                     	ds	1
   403  0072                     ??_ADC_Read:
   404  0072                     ___lwdiv@dividend:	
   405                           ; 1 bytes @ 0x2
   406                           
   407                           
   408                           ; 2 bytes @ 0x2
   409  0072                     	ds	1
   410  0073                     salidas@i:
   411                           
   412                           ; 1 bytes @ 0x3
   413  0073                     	ds	1
   414  0074                     ??_Prueba_sal:
   415  0074                     ??___lwdiv:	
   416                           ; 1 bytes @ 0x4
   417                           
   418  0074                     ??___xxtofl:	
   419                           ; 1 bytes @ 0x4
   420                           
   421  0074                     ADC_Read@channel:	
   422                           ; 1 bytes @ 0x4
   423                           
   424                           
   425                           ; 1 bytes @ 0x4
   426  0074                     	ds	1
   427  0075                     Prueba_sal@i:
   428  0075                     ___lwdiv@quotient:	
   429                           ; 1 bytes @ 0x5
   430                           
   431                           
   432                           ; 2 bytes @ 0x5
   433  0075                     	ds	2
   434  0077                     ___lwdiv@counter:
   435                           
   436                           ; 1 bytes @ 0x7
   437  0077                     	ds	1
   438  0078                     ?___lwmod:
   439  0078                     ___xxtofl@sign:	
   440                           ; 2 bytes @ 0x8
   441                           
   442  0078                     ___lwmod@divisor:	
   443                           ; 1 bytes @ 0x8
   444                           
   445                           
   446                           ; 2 bytes @ 0x8
   447  0078                     	ds	1
   448  0079                     ___xxtofl@exp:
   449                           
   450                           ; 1 bytes @ 0x9
   451  0079                     	ds	1
   452  007A                     ___lwmod@dividend:
   453  007A                     ___xxtofl@arg:	
   454                           ; 2 bytes @ 0xA
   455                           
   456                           
   457                           ; 4 bytes @ 0xA
   458  007A                     	ds	2
   459  007C                     ??___lwmod:
   460                           
   461                           ; 1 bytes @ 0xC
   462  007C                     	ds	1
   463  007D                     ___lwmod@counter:
   464                           
   465                           ; 1 bytes @ 0xD
   466  007D                     	ds	1
   467                           
   468                           	psect	cstackBANK0
   469  0020                     __pcstackBANK0:
   470  0020                     ?___flge:
   471  0020                     ?_printf:	
   472                           ; 1 bit 
   473                           
   474  0020                     ___flge@ff1:	
   475                           ; 2 bytes @ 0x0
   476                           
   477                           
   478                           ; 4 bytes @ 0x0
   479  0020                     	ds	2
   480  0022                     ??_printf:
   481                           
   482                           ; 1 bytes @ 0x2
   483  0022                     	ds	2
   484  0024                     ___flge@ff2:
   485                           
   486                           ; 4 bytes @ 0x4
   487  0024                     	ds	1
   488  0025                     printf@flag:
   489                           
   490                           ; 1 bytes @ 0x5
   491  0025                     	ds	1
   492  0026                     printf@ap:
   493                           
   494                           ; 1 bytes @ 0x6
   495  0026                     	ds	1
   496  0027                     printf@val:
   497                           
   498                           ; 2 bytes @ 0x7
   499  0027                     	ds	1
   500  0028                     ??___flge:
   501                           
   502                           ; 1 bytes @ 0x8
   503  0028                     	ds	1
   504  0029                     printf@prec:
   505                           
   506                           ; 1 bytes @ 0x9
   507  0029                     	ds	1
   508  002A                     printf@f:
   509                           
   510                           ; 1 bytes @ 0xA
   511  002A                     	ds	1
   512  002B                     printf@c:
   513                           
   514                           ; 1 bytes @ 0xB
   515  002B                     	ds	1
   516  002C                     ??_ADC:
   517                           
   518                           ; 1 bytes @ 0xC
   519  002C                     	ds	3
   520  002F                     ADC@i:
   521                           
   522                           ; 2 bytes @ 0xF
   523  002F                     	ds	2
   524  0031                     ADC@valor:
   525                           
   526                           ; 2 bytes @ 0x11
   527  0031                     	ds	2
   528  0033                     ??_main:
   529                           
   530                           ; 1 bytes @ 0x13
   531  0033                     	ds	3
   532  0036                     main@i_206:
   533                           
   534                           ; 1 bytes @ 0x16
   535  0036                     	ds	1
   536  0037                     main@i_207:
   537                           
   538                           ; 1 bytes @ 0x17
   539  0037                     	ds	1
   540  0038                     main@i_208:
   541                           
   542                           ; 1 bytes @ 0x18
   543  0038                     	ds	1
   544  0039                     main@i_209:
   545                           
   546                           ; 1 bytes @ 0x19
   547  0039                     	ds	1
   548  003A                     main@i_211:
   549                           
   550                           ; 1 bytes @ 0x1A
   551  003A                     	ds	1
   552                           
   553                           	psect	maintext
   554  0512                     __pmaintext:	
   555 ;;
   556 ;;Main: autosize = 0, tempsize = 3, incstack = 0, save=0
   557 ;;
   558 ;; *************** function _main *****************
   559 ;; Defined at:
   560 ;;		line 122 in file "Probador1.c"
   561 ;; Parameters:    Size  Location     Type
   562 ;;		None
   563 ;; Auto vars:     Size  Location     Type
   564 ;;  i               1   25[BANK0 ] unsigned char 
   565 ;;  i               1   24[BANK0 ] unsigned char 
   566 ;;  i               1   23[BANK0 ] unsigned char 
   567 ;;  i               1   22[BANK0 ] unsigned char 
   568 ;;  i               1    0        unsigned char 
   569 ;;  i               1   26[BANK0 ] unsigned char 
   570 ;; Return value:  Size  Location     Type
   571 ;;                  1    wreg      void 
   572 ;; Registers used:
   573 ;;		wreg, fsr0l, fsr0h, status,2, status,0, btemp+1, pclath, cstack
   574 ;; Tracked objects:
   575 ;;		On entry : B00/0
   576 ;;		On exit  : 0/0
   577 ;;		Unchanged: 0/0
   578 ;; Data sizes:     COMMON   BANK0   BANK1   BANK3   BANK2
   579 ;;      Params:         0       0       0       0       0
   580 ;;      Locals:         0       5       0       0       0
   581 ;;      Temps:          0       3       0       0       0
   582 ;;      Totals:         0       8       0       0       0
   583 ;;Total ram usage:        8 bytes
   584 ;; Hardware stack levels required when called: 4
   585 ;; This function calls:
   586 ;;		_ADC
   587 ;;		_Prueba_sal
   588 ;;		_port_conf_r1
   589 ;;		_port_conf_r2
   590 ;;		_porte_ent
   591 ;;		_porte_sal
   592 ;; This function is called by:
   593 ;;		Startup code after reset
   594 ;; This function uses a non-reentrant model
   595 ;;
   596                           
   597  0512                     _main:	
   598                           ;psect for function _main
   599                           
   600  0512                     l1781:	
   601                           ;incstack = 0
   602                           ; Regs used in _main: [wreg-fsr0h+status,2+status,0+btemp+1+pclath+cstack]
   603                           
   604                           
   605                           ;Probador1.c: 123:     port_conf_r1();
   606  0512  120A  118A  2081  120A  118A  	fcall	_port_conf_r1
   607                           
   608                           ;Probador1.c: 124:     porte_ent();
   609  0517  120A  118A  204B  120A  118A  	fcall	_porte_ent
   610  051C                     l1783:
   611                           
   612                           ;Probador1.c: 125:     port_act = PORTA;
   613  051C  1283               	bcf	3,5	;RP0=0, select bank0
   614  051D  1303               	bcf	3,6	;RP1=0, select bank0
   615  051E  0805               	movf	5,w	;volatile
   616  051F  00B3               	movwf	??_main
   617  0520  0833               	movf	??_main,w
   618  0521  00C2               	movwf	_port_act
   619  0522                     l1785:
   620                           
   621                           ;Probador1.c: 126:     puerto = 0;
   622  0522  01C0               	clrf	_puerto
   623  0523  2D2A               	goto	l116
   624  0524                     l1787:
   625                           
   626                           ;Probador1.c: 132:             if (xx == 1) {
   627  0524  033D               	decf	_xx,w
   628  0525  1D03               	btfss	3,2
   629  0526  2D28               	goto	u1721
   630  0527  2D29               	goto	u1720
   631  0528                     u1721:
   632  0528  2D2A               	goto	l116
   633  0529                     u1720:
   634  0529  2D2E               	goto	l119
   635  052A                     l116:	
   636                           ;Probador1.c: 136:         }
   637                           
   638                           
   639                           ;Probador1.c: 131:         while (RE0 == 0) {
   640  052A  1C09               	btfss	9,0	;volatile
   641  052B  2D2D               	goto	u1731
   642  052C  2D2E               	goto	u1730
   643  052D                     u1731:
   644  052D  2D24               	goto	l1787
   645  052E                     u1730:
   646  052E                     l119:
   647                           
   648                           ;Probador1.c: 137:         xx = 1;
   649  052E  01BD               	clrf	_xx
   650  052F  0ABD               	incf	_xx,f
   651                           
   652                           ;Probador1.c: 139:         switch (puerto) {
   653  0530  2F77               	goto	l1991
   654  0531                     l1791:
   655                           
   656                           ;Probador1.c: 141:                 if (prueba == 0) {
   657  0531  083E               	movf	_prueba,w
   658  0532  1D03               	btfss	3,2
   659  0533  2D35               	goto	u1741
   660  0534  2D36               	goto	u1740
   661  0535                     u1741:
   662  0535  2D58               	goto	l1807
   663  0536                     u1740:
   664  0536                     l1793:
   665                           
   666                           ;Probador1.c: 142:                     port_conf_r1();
   667  0536  120A  118A  2081  120A  118A  	fcall	_port_conf_r1
   668                           
   669                           ;Probador1.c: 143:                     porte_ent();
   670  053B  120A  118A  204B  120A  118A  	fcall	_porte_ent
   671  0540                     l1795:
   672                           
   673                           ;Probador1.c: 144:                     Prueba_sal();
   674  0540  120A  118A  20A2  120A  118A  	fcall	_Prueba_sal
   675  0545                     l1797:
   676                           
   677                           ;Probador1.c: 146:                         if (RE1 == 1) {
   678  0545  1283               	bcf	3,5	;RP0=0, select bank0
   679  0546  1303               	bcf	3,6	;RP1=0, select bank0
   680  0547  1C89               	btfss	9,1	;volatile
   681  0548  2D4A               	goto	u1751
   682  0549  2D4B               	goto	u1750
   683  054A                     u1751:
   684  054A  2D4D               	goto	l124
   685  054B                     u1750:
   686  054B                     l1799:
   687                           
   688                           ;Probador1.c: 147:                             puerto = 0;
   689  054B  01C0               	clrf	_puerto
   690                           
   691                           ;Probador1.c: 148:                             break;
   692  054C  2F90               	goto	l1993
   693  054D                     l124:	
   694                           ;Probador1.c: 149:                         }
   695                           
   696                           
   697                           ;Probador1.c: 150:                         if (RE0 == 1) {
   698  054D  1C09               	btfss	9,0	;volatile
   699  054E  2D50               	goto	u1761
   700  054F  2D51               	goto	u1760
   701  0550                     u1761:
   702  0550  2D45               	goto	l1797
   703  0551                     u1760:
   704  0551                     l1801:
   705                           
   706                           ;Probador1.c: 151:                             puerto = 1;
   707  0551  01C0               	clrf	_puerto
   708  0552  0AC0               	incf	_puerto,f
   709  0553                     l1803:
   710                           
   711                           ;Probador1.c: 152:                             nro_pin = 9;
   712  0553  3009               	movlw	9
   713  0554  00B3               	movwf	??_main
   714  0555  0833               	movf	??_main,w
   715  0556  00C3               	movwf	_nro_pin
   716                           
   717                           ;Probador1.c: 153:                             break;
   718  0557  2F90               	goto	l1993
   719  0558                     l1807:
   720                           
   721                           ;Probador1.c: 158:                     port_conf_r2();
   722  0558  120A  118A  2064  120A  118A  	fcall	_port_conf_r2
   723  055D                     l1809:
   724                           
   725                           ;Probador1.c: 159:                     mask = 1;
   726  055D  1283               	bcf	3,5	;RP0=0, select bank0
   727  055E  1303               	bcf	3,6	;RP1=0, select bank0
   728  055F  01BF               	clrf	_mask
   729  0560  0ABF               	incf	_mask,f
   730  0561                     l1811:
   731                           
   732                           ;Probador1.c: 160:                     incremento = 1;
   733  0561  01C1               	clrf	_incremento
   734  0562  0AC1               	incf	_incremento,f
   735  0563                     l1813:
   736  0563  2DA2               	goto	l130
   737  0564                     l1815:
   738                           
   739                           ;Probador1.c: 163:                             if (PORTA & mask) {
   740  0564  0805               	movf	5,w	;volatile
   741  0565  053F               	andwf	_mask,w
   742  0566  1903               	btfsc	3,2
   743  0567  2D69               	goto	u1771
   744  0568  2D6A               	goto	u1770
   745  0569                     u1771:
   746  0569  2D99               	goto	l1827
   747  056A                     u1770:
   748  056A                     l1817:
   749                           
   750                           ;Probador1.c: 164:                                 RE2 = 1;
   751  056A  1509               	bsf	9,2	;volatile
   752  056B                     l1819:
   753                           
   754                           ;Probador1.c: 165:                                 _delay((unsigned long)((300)*(8000000
      +                          UL/4000.0)));
   755  056B  3004               	movlw	4
   756  056C  1283               	bcf	3,5	;RP0=0, select bank0
   757  056D  1303               	bcf	3,6	;RP1=0, select bank0
   758  056E  00B5               	movwf	??_main+2
   759  056F  300C               	movlw	12
   760  0570  00B4               	movwf	??_main+1
   761  0571  3033               	movlw	51
   762  0572  00B3               	movwf	??_main
   763  0573                     u2137:
   764  0573  0BB3               	decfsz	??_main,f
   765  0574  2D73               	goto	u2137
   766  0575  0BB4               	decfsz	??_main+1,f
   767  0576  2D73               	goto	u2137
   768  0577  0BB5               	decfsz	??_main+2,f
   769  0578  2D73               	goto	u2137
   770  0579                     l1821:
   771                           
   772                           ;Probador1.c: 166:                                 RE2 = 0;
   773  0579  1283               	bcf	3,5	;RP0=0, select bank0
   774  057A  1303               	bcf	3,6	;RP1=0, select bank0
   775  057B  1109               	bcf	9,2	;volatile
   776                           
   777                           ;Probador1.c: 167:                                 _delay((unsigned long)((50)*(8000000U
      +                          L/4000.0)));
   778  057C  3082               	movlw	130
   779  057D  1283               	bcf	3,5	;RP0=0, select bank0
   780  057E  1303               	bcf	3,6	;RP1=0, select bank0
   781  057F  00B4               	movwf	??_main+1
   782  0580  30DD               	movlw	221
   783  0581  00B3               	movwf	??_main
   784  0582                     u2147:
   785  0582  0BB3               	decfsz	??_main,f
   786  0583  2D82               	goto	u2147
   787  0584  0BB4               	decfsz	??_main+1,f
   788  0585  2D82               	goto	u2147
   789  0586                     l1823:
   790                           
   791                           ;Probador1.c: 168:                                 mask = (1 << incremento);
   792  0586  3001               	movlw	1
   793  0587  1283               	bcf	3,5	;RP0=0, select bank0
   794  0588  1303               	bcf	3,6	;RP1=0, select bank0
   795  0589  00B3               	movwf	??_main
   796  058A  0A41               	incf	_incremento,w
   797  058B  2D8E               	goto	u1784
   798  058C                     u1785:
   799  058C  1003               	clrc
   800  058D  0DB3               	rlf	??_main,f
   801  058E                     u1784:
   802  058E  3EFF               	addlw	-1
   803  058F  1D03               	skipz
   804  0590  2D8C               	goto	u1785
   805  0591  0833               	movf	??_main,w
   806  0592  00B4               	movwf	??_main+1
   807  0593  0834               	movf	??_main+1,w
   808  0594  00BF               	movwf	_mask
   809  0595                     l1825:
   810                           
   811                           ;Probador1.c: 169:                                 incremento++;
   812  0595  3001               	movlw	1
   813  0596  00B3               	movwf	??_main
   814  0597  0833               	movf	??_main,w
   815  0598  07C1               	addwf	_incremento,f
   816  0599                     l1827:
   817                           
   818                           ;Probador1.c: 171:                             if (incremento == 7) {
   819  0599  3007               	movlw	7
   820  059A  0641               	xorwf	_incremento,w
   821  059B  1D03               	btfss	3,2
   822  059C  2D9E               	goto	u1791
   823  059D  2D9F               	goto	u1790
   824  059E                     u1791:
   825  059E  2D64               	goto	l1815
   826  059F                     u1790:
   827  059F                     l1829:
   828                           
   829                           ;Probador1.c: 172:                                 puerto = 1;
   830  059F  01C0               	clrf	_puerto
   831  05A0  0AC0               	incf	_puerto,f
   832                           
   833                           ;Probador1.c: 173:                                 break;
   834  05A1  2F90               	goto	l1993
   835  05A2                     l130:
   836  05A2  0843               	movf	_nro_pin,w
   837  05A3  1D03               	btfss	3,2
   838  05A4  2DA6               	goto	u1801
   839  05A5  2DA7               	goto	u1800
   840  05A6                     u1801:
   841  05A6  2D64               	goto	l1815
   842  05A7                     u1800:
   843  05A7  2F90               	goto	l1993
   844  05A8                     l1833:
   845                           
   846                           ;Probador1.c: 184:                 if (prueba == 0) {
   847  05A8  083E               	movf	_prueba,w
   848  05A9  1D03               	btfss	3,2
   849  05AA  2DAC               	goto	u1811
   850  05AB  2DAD               	goto	u1810
   851  05AC                     u1811:
   852  05AC  2DC2               	goto	l139
   853  05AD                     u1810:
   854  05AD                     l1835:
   855                           
   856                           ;Probador1.c: 185:                     Prueba_sal();
   857  05AD  120A  118A  20A2  120A  118A  	fcall	_Prueba_sal
   858  05B2                     l1837:
   859                           
   860                           ;Probador1.c: 187:                         if (RE1 == 1) {
   861  05B2  1283               	bcf	3,5	;RP0=0, select bank0
   862  05B3  1303               	bcf	3,6	;RP1=0, select bank0
   863  05B4  1C89               	btfss	9,1	;volatile
   864  05B5  2DB7               	goto	u1821
   865  05B6  2DB8               	goto	u1820
   866  05B7                     u1821:
   867  05B7  2DB9               	goto	l141
   868  05B8                     u1820:
   869  05B8  2D9F               	goto	l1829
   870  05B9                     l141:	
   871                           ;Probador1.c: 190:                         }
   872                           
   873                           
   874                           ;Probador1.c: 191:                         if (RE0 == 1) {
   875  05B9  1C09               	btfss	9,0	;volatile
   876  05BA  2DBC               	goto	u1831
   877  05BB  2DBD               	goto	u1830
   878  05BC                     u1831:
   879  05BC  2DB2               	goto	l1837
   880  05BD                     u1830:
   881  05BD                     l1841:
   882                           
   883                           ;Probador1.c: 192:                             puerto = 2;
   884  05BD  3002               	movlw	2
   885  05BE  00B3               	movwf	??_main
   886  05BF  0833               	movf	??_main,w
   887  05C0  00C0               	movwf	_puerto
   888                           
   889                           ;Probador1.c: 193:                             break;
   890  05C1  2F90               	goto	l1993
   891  05C2                     l139:
   892                           
   893                           ;Probador1.c: 198:                     incremento = 1;
   894  05C2  01C1               	clrf	_incremento
   895  05C3  0AC1               	incf	_incremento,f
   896  05C4                     l1845:
   897                           
   898                           ;Probador1.c: 199:                     nro_pin = 9;
   899  05C4  3009               	movlw	9
   900  05C5  00B3               	movwf	??_main
   901  05C6  0833               	movf	??_main,w
   902  05C7  00C3               	movwf	_nro_pin
   903  05C8                     l1847:
   904                           
   905                           ;Probador1.c: 200:                     mask = 1;
   906  05C8  01BF               	clrf	_mask
   907  05C9  0ABF               	incf	_mask,f
   908  05CA                     l1849:
   909                           
   910                           ;Probador1.c: 201:                     for (unsigned char i = 0; i < nro_pin; i = increm
      +                          ento) {
   911  05CA  01B6               	clrf	main@i_206
   912  05CB  2E0F               	goto	l146
   913  05CC                     l1851:
   914                           
   915                           ;Probador1.c: 203:                             if (PORTB & mask) {
   916  05CC  0806               	movf	6,w	;volatile
   917  05CD  053F               	andwf	_mask,w
   918  05CE  1903               	btfsc	3,2
   919  05CF  2DD1               	goto	u1841
   920  05D0  2DD2               	goto	u1840
   921  05D1                     u1841:
   922  05D1  2E01               	goto	l1863
   923  05D2                     u1840:
   924  05D2                     l1853:
   925                           
   926                           ;Probador1.c: 204:                                 RE2 = 1;
   927  05D2  1509               	bsf	9,2	;volatile
   928  05D3                     l1855:
   929                           
   930                           ;Probador1.c: 205:                                 _delay((unsigned long)((300)*(8000000
      +                          UL/4000.0)));
   931  05D3  3004               	movlw	4
   932  05D4  1283               	bcf	3,5	;RP0=0, select bank0
   933  05D5  1303               	bcf	3,6	;RP1=0, select bank0
   934  05D6  00B5               	movwf	??_main+2
   935  05D7  300C               	movlw	12
   936  05D8  00B4               	movwf	??_main+1
   937  05D9  3033               	movlw	51
   938  05DA  00B3               	movwf	??_main
   939  05DB                     u2157:
   940  05DB  0BB3               	decfsz	??_main,f
   941  05DC  2DDB               	goto	u2157
   942  05DD  0BB4               	decfsz	??_main+1,f
   943  05DE  2DDB               	goto	u2157
   944  05DF  0BB5               	decfsz	??_main+2,f
   945  05E0  2DDB               	goto	u2157
   946  05E1                     l1857:
   947                           
   948                           ;Probador1.c: 206:                                 RE2 = 0;
   949  05E1  1283               	bcf	3,5	;RP0=0, select bank0
   950  05E2  1303               	bcf	3,6	;RP1=0, select bank0
   951  05E3  1109               	bcf	9,2	;volatile
   952                           
   953                           ;Probador1.c: 207:                                 _delay((unsigned long)((50)*(8000000U
      +                          L/4000.0)));
   954  05E4  3082               	movlw	130
   955  05E5  1283               	bcf	3,5	;RP0=0, select bank0
   956  05E6  1303               	bcf	3,6	;RP1=0, select bank0
   957  05E7  00B4               	movwf	??_main+1
   958  05E8  30DD               	movlw	221
   959  05E9  00B3               	movwf	??_main
   960  05EA                     u2167:
   961  05EA  0BB3               	decfsz	??_main,f
   962  05EB  2DEA               	goto	u2167
   963  05EC  0BB4               	decfsz	??_main+1,f
   964  05ED  2DEA               	goto	u2167
   965  05EE                     l1859:
   966                           
   967                           ;Probador1.c: 208:                                 mask = (1 << incremento);
   968  05EE  3001               	movlw	1
   969  05EF  1283               	bcf	3,5	;RP0=0, select bank0
   970  05F0  1303               	bcf	3,6	;RP1=0, select bank0
   971  05F1  00B3               	movwf	??_main
   972  05F2  0A41               	incf	_incremento,w
   973  05F3  2DF6               	goto	u1854
   974  05F4                     u1855:
   975  05F4  1003               	clrc
   976  05F5  0DB3               	rlf	??_main,f
   977  05F6                     u1854:
   978  05F6  3EFF               	addlw	-1
   979  05F7  1D03               	skipz
   980  05F8  2DF4               	goto	u1855
   981  05F9  0833               	movf	??_main,w
   982  05FA  00B4               	movwf	??_main+1
   983  05FB  0834               	movf	??_main+1,w
   984  05FC  00BF               	movwf	_mask
   985  05FD                     l1861:
   986                           
   987                           ;Probador1.c: 209:                                 incremento++;
   988  05FD  3001               	movlw	1
   989  05FE  00B3               	movwf	??_main
   990  05FF  0833               	movf	??_main,w
   991  0600  07C1               	addwf	_incremento,f
   992  0601                     l1863:
   993                           
   994                           ;Probador1.c: 211:                             if (incremento == 9) {
   995  0601  3009               	movlw	9
   996  0602  0641               	xorwf	_incremento,w
   997  0603  1D03               	btfss	3,2
   998  0604  2E06               	goto	u1861
   999  0605  2E07               	goto	u1860
  1000  0606                     u1861:
  1001  0606  2DCC               	goto	l1851
  1002  0607                     u1860:
  1003  0607                     l1865:
  1004                           
  1005                           ;Probador1.c: 212:                                 puerto = 2;
  1006  0607  3002               	movlw	2
  1007  0608  00B3               	movwf	??_main
  1008  0609  0833               	movf	??_main,w
  1009  060A  00C0               	movwf	_puerto
  1010  060B                     l1867:	
  1011                           ;Probador1.c: 213:                                 break;
  1012                           
  1013                           
  1014                           ;Probador1.c: 217:                     }
  1015  060B  0841               	movf	_incremento,w
  1016  060C  00B3               	movwf	??_main
  1017  060D  0833               	movf	??_main,w
  1018  060E  00B6               	movwf	main@i_206
  1019  060F                     l146:
  1020  060F  0843               	movf	_nro_pin,w
  1021  0610  0236               	subwf	main@i_206,w
  1022  0611  1C03               	skipc
  1023  0612  2E14               	goto	u1871
  1024  0613  2E15               	goto	u1870
  1025  0614                     u1871:
  1026  0614  2DCC               	goto	l1851
  1027  0615                     u1870:
  1028  0615  2F90               	goto	l1993
  1029  0616                     l1869:
  1030                           
  1031                           ;Probador1.c: 223:                 if (prueba == 0) {
  1032  0616  083E               	movf	_prueba,w
  1033  0617  1D03               	btfss	3,2
  1034  0618  2E1A               	goto	u1881
  1035  0619  2E1B               	goto	u1880
  1036  061A                     u1881:
  1037  061A  2E30               	goto	l155
  1038  061B                     u1880:
  1039  061B                     l1871:
  1040                           
  1041                           ;Probador1.c: 224:                     Prueba_sal();
  1042  061B  120A  118A  20A2  120A  118A  	fcall	_Prueba_sal
  1043  0620                     l1873:
  1044                           
  1045                           ;Probador1.c: 226:                         if (RE1 == 1) {
  1046  0620  1283               	bcf	3,5	;RP0=0, select bank0
  1047  0621  1303               	bcf	3,6	;RP1=0, select bank0
  1048  0622  1C89               	btfss	9,1	;volatile
  1049  0623  2E25               	goto	u1891
  1050  0624  2E26               	goto	u1890
  1051  0625                     u1891:
  1052  0625  2E27               	goto	l157
  1053  0626                     u1890:
  1054  0626  2DBD               	goto	l1841
  1055  0627                     l157:	
  1056                           ;Probador1.c: 229:                         }
  1057                           
  1058                           
  1059                           ;Probador1.c: 230:                         if (RE0 == 1) {
  1060  0627  1C09               	btfss	9,0	;volatile
  1061  0628  2E2A               	goto	u1901
  1062  0629  2E2B               	goto	u1900
  1063  062A                     u1901:
  1064  062A  2E20               	goto	l1873
  1065  062B                     u1900:
  1066  062B                     l1877:
  1067                           
  1068                           ;Probador1.c: 231:                             puerto = 3;
  1069  062B  3003               	movlw	3
  1070  062C  00B3               	movwf	??_main
  1071  062D  0833               	movf	??_main,w
  1072  062E  00C0               	movwf	_puerto
  1073                           
  1074                           ;Probador1.c: 232:                             break;
  1075  062F  2F90               	goto	l1993
  1076  0630                     l155:
  1077                           
  1078                           ;Probador1.c: 237:                     incremento = 1;
  1079  0630  01C1               	clrf	_incremento
  1080  0631  0AC1               	incf	_incremento,f
  1081  0632                     l1881:
  1082                           
  1083                           ;Probador1.c: 238:                     nro_pin = 9;
  1084  0632  3009               	movlw	9
  1085  0633  00B3               	movwf	??_main
  1086  0634  0833               	movf	??_main,w
  1087  0635  00C3               	movwf	_nro_pin
  1088  0636                     l1883:
  1089                           
  1090                           ;Probador1.c: 239:                     mask = 1;
  1091  0636  01BF               	clrf	_mask
  1092  0637  0ABF               	incf	_mask,f
  1093  0638                     l1885:
  1094                           
  1095                           ;Probador1.c: 240:                     for (unsigned char i = 0; i < nro_pin; i = increm
      +                          ento) {
  1096  0638  01B7               	clrf	main@i_207
  1097  0639  2E7D               	goto	l162
  1098  063A                     l1887:
  1099                           
  1100                           ;Probador1.c: 242:                             if (PORTC & mask) {
  1101  063A  0807               	movf	7,w	;volatile
  1102  063B  053F               	andwf	_mask,w
  1103  063C  1903               	btfsc	3,2
  1104  063D  2E3F               	goto	u1911
  1105  063E  2E40               	goto	u1910
  1106  063F                     u1911:
  1107  063F  2E6F               	goto	l1899
  1108  0640                     u1910:
  1109  0640                     l1889:
  1110                           
  1111                           ;Probador1.c: 243:                                 RE2 = 1;
  1112  0640  1509               	bsf	9,2	;volatile
  1113  0641                     l1891:
  1114                           
  1115                           ;Probador1.c: 244:                                 _delay((unsigned long)((300)*(8000000
      +                          UL/4000.0)));
  1116  0641  3004               	movlw	4
  1117  0642  1283               	bcf	3,5	;RP0=0, select bank0
  1118  0643  1303               	bcf	3,6	;RP1=0, select bank0
  1119  0644  00B5               	movwf	??_main+2
  1120  0645  300C               	movlw	12
  1121  0646  00B4               	movwf	??_main+1
  1122  0647  3033               	movlw	51
  1123  0648  00B3               	movwf	??_main
  1124  0649                     u2177:
  1125  0649  0BB3               	decfsz	??_main,f
  1126  064A  2E49               	goto	u2177
  1127  064B  0BB4               	decfsz	??_main+1,f
  1128  064C  2E49               	goto	u2177
  1129  064D  0BB5               	decfsz	??_main+2,f
  1130  064E  2E49               	goto	u2177
  1131  064F                     l1893:
  1132                           
  1133                           ;Probador1.c: 245:                                 RE2 = 0;
  1134  064F  1283               	bcf	3,5	;RP0=0, select bank0
  1135  0650  1303               	bcf	3,6	;RP1=0, select bank0
  1136  0651  1109               	bcf	9,2	;volatile
  1137                           
  1138                           ;Probador1.c: 246:                                 _delay((unsigned long)((50)*(8000000U
      +                          L/4000.0)));
  1139  0652  3082               	movlw	130
  1140  0653  1283               	bcf	3,5	;RP0=0, select bank0
  1141  0654  1303               	bcf	3,6	;RP1=0, select bank0
  1142  0655  00B4               	movwf	??_main+1
  1143  0656  30DD               	movlw	221
  1144  0657  00B3               	movwf	??_main
  1145  0658                     u2187:
  1146  0658  0BB3               	decfsz	??_main,f
  1147  0659  2E58               	goto	u2187
  1148  065A  0BB4               	decfsz	??_main+1,f
  1149  065B  2E58               	goto	u2187
  1150  065C                     l1895:
  1151                           
  1152                           ;Probador1.c: 247:                                 mask = (1 << incremento);
  1153  065C  3001               	movlw	1
  1154  065D  1283               	bcf	3,5	;RP0=0, select bank0
  1155  065E  1303               	bcf	3,6	;RP1=0, select bank0
  1156  065F  00B3               	movwf	??_main
  1157  0660  0A41               	incf	_incremento,w
  1158  0661  2E64               	goto	u1924
  1159  0662                     u1925:
  1160  0662  1003               	clrc
  1161  0663  0DB3               	rlf	??_main,f
  1162  0664                     u1924:
  1163  0664  3EFF               	addlw	-1
  1164  0665  1D03               	skipz
  1165  0666  2E62               	goto	u1925
  1166  0667  0833               	movf	??_main,w
  1167  0668  00B4               	movwf	??_main+1
  1168  0669  0834               	movf	??_main+1,w
  1169  066A  00BF               	movwf	_mask
  1170  066B                     l1897:
  1171                           
  1172                           ;Probador1.c: 248:                                 incremento++;
  1173  066B  3001               	movlw	1
  1174  066C  00B3               	movwf	??_main
  1175  066D  0833               	movf	??_main,w
  1176  066E  07C1               	addwf	_incremento,f
  1177  066F                     l1899:
  1178                           
  1179                           ;Probador1.c: 250:                             if (incremento == 9) {
  1180  066F  3009               	movlw	9
  1181  0670  0641               	xorwf	_incremento,w
  1182  0671  1D03               	btfss	3,2
  1183  0672  2E74               	goto	u1931
  1184  0673  2E75               	goto	u1930
  1185  0674                     u1931:
  1186  0674  2E3A               	goto	l1887
  1187  0675                     u1930:
  1188  0675                     l1901:
  1189                           
  1190                           ;Probador1.c: 251:                                 puerto = 3;
  1191  0675  3003               	movlw	3
  1192  0676  00B3               	movwf	??_main
  1193  0677  0833               	movf	??_main,w
  1194  0678  00C0               	movwf	_puerto
  1195  0679                     l1903:	
  1196                           ;Probador1.c: 252:                                 break;
  1197                           
  1198                           
  1199                           ;Probador1.c: 256:                     }
  1200  0679  0841               	movf	_incremento,w
  1201  067A  00B3               	movwf	??_main
  1202  067B  0833               	movf	??_main,w
  1203  067C  00B7               	movwf	main@i_207
  1204  067D                     l162:
  1205  067D  0843               	movf	_nro_pin,w
  1206  067E  0237               	subwf	main@i_207,w
  1207  067F  1C03               	skipc
  1208  0680  2E82               	goto	u1941
  1209  0681  2E83               	goto	u1940
  1210  0682                     u1941:
  1211  0682  2E3A               	goto	l1887
  1212  0683                     u1940:
  1213  0683  2F90               	goto	l1993
  1214  0684                     l1905:
  1215                           
  1216                           ;Probador1.c: 261:                 if (prueba == 0) {
  1217  0684  083E               	movf	_prueba,w
  1218  0685  1D03               	btfss	3,2
  1219  0686  2E88               	goto	u1951
  1220  0687  2E89               	goto	u1950
  1221  0688                     u1951:
  1222  0688  2EA7               	goto	l171
  1223  0689                     u1950:
  1224  0689                     l1907:
  1225                           
  1226                           ;Probador1.c: 262:                     Prueba_sal();
  1227  0689  120A  118A  20A2  120A  118A  	fcall	_Prueba_sal
  1228  068E                     l1909:
  1229                           
  1230                           ;Probador1.c: 264:                         if (RE1 == 1) {
  1231  068E  1283               	bcf	3,5	;RP0=0, select bank0
  1232  068F  1303               	bcf	3,6	;RP1=0, select bank0
  1233  0690  1C89               	btfss	9,1	;volatile
  1234  0691  2E93               	goto	u1961
  1235  0692  2E94               	goto	u1960
  1236  0693                     u1961:
  1237  0693  2E95               	goto	l173
  1238  0694                     u1960:
  1239  0694  2E2B               	goto	l1877
  1240  0695                     l173:	
  1241                           ;Probador1.c: 267:                         }
  1242                           
  1243                           
  1244                           ;Probador1.c: 268:                         if (RE0 == 1) {
  1245  0695  1C09               	btfss	9,0	;volatile
  1246  0696  2E98               	goto	u1971
  1247  0697  2E99               	goto	u1970
  1248  0698                     u1971:
  1249  0698  2E8E               	goto	l1909
  1250  0699                     u1970:
  1251  0699                     l1913:
  1252                           
  1253                           ;Probador1.c: 269:                             puerto = 4;
  1254  0699  3004               	movlw	4
  1255  069A  00B3               	movwf	??_main
  1256  069B  0833               	movf	??_main,w
  1257  069C  00C0               	movwf	_puerto
  1258                           
  1259                           ;Probador1.c: 270:                             nro_pin = 4;
  1260  069D  3004               	movlw	4
  1261  069E  00B3               	movwf	??_main
  1262  069F  0833               	movf	??_main,w
  1263  06A0  00C3               	movwf	_nro_pin
  1264  06A1                     l1915:
  1265                           
  1266                           ;Probador1.c: 271:                             porte_sal();
  1267  06A1  120A  118A  2047  120A  118A  	fcall	_porte_sal
  1268                           
  1269                           ;Probador1.c: 272:                             break;
  1270  06A6  2F90               	goto	l1993
  1271  06A7                     l171:
  1272                           
  1273                           ;Probador1.c: 277:                     incremento = 1;
  1274  06A7  01C1               	clrf	_incremento
  1275  06A8  0AC1               	incf	_incremento,f
  1276  06A9                     l1919:
  1277                           
  1278                           ;Probador1.c: 278:                     nro_pin = 9;
  1279  06A9  3009               	movlw	9
  1280  06AA  00B3               	movwf	??_main
  1281  06AB  0833               	movf	??_main,w
  1282  06AC  00C3               	movwf	_nro_pin
  1283  06AD                     l1921:
  1284                           
  1285                           ;Probador1.c: 279:                     mask = 1;
  1286  06AD  01BF               	clrf	_mask
  1287  06AE  0ABF               	incf	_mask,f
  1288  06AF                     l1923:
  1289                           
  1290                           ;Probador1.c: 280:                     for (unsigned char i = 0; i < nro_pin; i = increm
      +                          ento) {
  1291  06AF  01B8               	clrf	main@i_208
  1292  06B0  2EF4               	goto	l178
  1293  06B1                     l1925:
  1294                           
  1295                           ;Probador1.c: 282:                             if (PORTD & mask) {
  1296  06B1  0808               	movf	8,w	;volatile
  1297  06B2  053F               	andwf	_mask,w
  1298  06B3  1903               	btfsc	3,2
  1299  06B4  2EB6               	goto	u1981
  1300  06B5  2EB7               	goto	u1980
  1301  06B6                     u1981:
  1302  06B6  2EE6               	goto	l1937
  1303  06B7                     u1980:
  1304  06B7                     l1927:
  1305                           
  1306                           ;Probador1.c: 283:                                 RE2 = 1;
  1307  06B7  1509               	bsf	9,2	;volatile
  1308  06B8                     l1929:
  1309                           
  1310                           ;Probador1.c: 284:                                 _delay((unsigned long)((300)*(8000000
      +                          UL/4000.0)));
  1311  06B8  3004               	movlw	4
  1312  06B9  1283               	bcf	3,5	;RP0=0, select bank0
  1313  06BA  1303               	bcf	3,6	;RP1=0, select bank0
  1314  06BB  00B5               	movwf	??_main+2
  1315  06BC  300C               	movlw	12
  1316  06BD  00B4               	movwf	??_main+1
  1317  06BE  3033               	movlw	51
  1318  06BF  00B3               	movwf	??_main
  1319  06C0                     u2197:
  1320  06C0  0BB3               	decfsz	??_main,f
  1321  06C1  2EC0               	goto	u2197
  1322  06C2  0BB4               	decfsz	??_main+1,f
  1323  06C3  2EC0               	goto	u2197
  1324  06C4  0BB5               	decfsz	??_main+2,f
  1325  06C5  2EC0               	goto	u2197
  1326  06C6                     l1931:
  1327                           
  1328                           ;Probador1.c: 285:                                 RE2 = 0;
  1329  06C6  1283               	bcf	3,5	;RP0=0, select bank0
  1330  06C7  1303               	bcf	3,6	;RP1=0, select bank0
  1331  06C8  1109               	bcf	9,2	;volatile
  1332                           
  1333                           ;Probador1.c: 286:                                 _delay((unsigned long)((50)*(8000000U
      +                          L/4000.0)));
  1334  06C9  3082               	movlw	130
  1335  06CA  1283               	bcf	3,5	;RP0=0, select bank0
  1336  06CB  1303               	bcf	3,6	;RP1=0, select bank0
  1337  06CC  00B4               	movwf	??_main+1
  1338  06CD  30DD               	movlw	221
  1339  06CE  00B3               	movwf	??_main
  1340  06CF                     u2207:
  1341  06CF  0BB3               	decfsz	??_main,f
  1342  06D0  2ECF               	goto	u2207
  1343  06D1  0BB4               	decfsz	??_main+1,f
  1344  06D2  2ECF               	goto	u2207
  1345  06D3                     l1933:
  1346                           
  1347                           ;Probador1.c: 287:                                 mask = (1 << incremento);
  1348  06D3  3001               	movlw	1
  1349  06D4  1283               	bcf	3,5	;RP0=0, select bank0
  1350  06D5  1303               	bcf	3,6	;RP1=0, select bank0
  1351  06D6  00B3               	movwf	??_main
  1352  06D7  0A41               	incf	_incremento,w
  1353  06D8  2EDB               	goto	u1994
  1354  06D9                     u1995:
  1355  06D9  1003               	clrc
  1356  06DA  0DB3               	rlf	??_main,f
  1357  06DB                     u1994:
  1358  06DB  3EFF               	addlw	-1
  1359  06DC  1D03               	skipz
  1360  06DD  2ED9               	goto	u1995
  1361  06DE  0833               	movf	??_main,w
  1362  06DF  00B4               	movwf	??_main+1
  1363  06E0  0834               	movf	??_main+1,w
  1364  06E1  00BF               	movwf	_mask
  1365  06E2                     l1935:
  1366                           
  1367                           ;Probador1.c: 288:                                 incremento++;
  1368  06E2  3001               	movlw	1
  1369  06E3  00B3               	movwf	??_main
  1370  06E4  0833               	movf	??_main,w
  1371  06E5  07C1               	addwf	_incremento,f
  1372  06E6                     l1937:
  1373                           
  1374                           ;Probador1.c: 290:                             if (incremento == 9) {
  1375  06E6  3009               	movlw	9
  1376  06E7  0641               	xorwf	_incremento,w
  1377  06E8  1D03               	btfss	3,2
  1378  06E9  2EEB               	goto	u2001
  1379  06EA  2EEC               	goto	u2000
  1380  06EB                     u2001:
  1381  06EB  2EB1               	goto	l1925
  1382  06EC                     u2000:
  1383  06EC                     l1939:
  1384                           
  1385                           ;Probador1.c: 291:                                 puerto = 4;
  1386  06EC  3004               	movlw	4
  1387  06ED  00B3               	movwf	??_main
  1388  06EE  0833               	movf	??_main,w
  1389  06EF  00C0               	movwf	_puerto
  1390  06F0                     l1941:	
  1391                           ;Probador1.c: 292:                                 break;
  1392                           
  1393                           
  1394                           ;Probador1.c: 296:                     }
  1395  06F0  0841               	movf	_incremento,w
  1396  06F1  00B3               	movwf	??_main
  1397  06F2  0833               	movf	??_main,w
  1398  06F3  00B8               	movwf	main@i_208
  1399  06F4                     l178:
  1400  06F4  0843               	movf	_nro_pin,w
  1401  06F5  0238               	subwf	main@i_208,w
  1402  06F6  1C03               	skipc
  1403  06F7  2EF9               	goto	u2011
  1404  06F8  2EFA               	goto	u2010
  1405  06F9                     u2011:
  1406  06F9  2EB1               	goto	l1925
  1407  06FA                     u2010:
  1408  06FA  2F90               	goto	l1993
  1409  06FB                     l1943:
  1410                           
  1411                           ;Probador1.c: 301:                 if (prueba == 0) {
  1412  06FB  083E               	movf	_prueba,w
  1413  06FC  1D03               	btfss	3,2
  1414  06FD  2EFF               	goto	u2021
  1415  06FE  2F00               	goto	u2020
  1416  06FF                     u2021:
  1417  06FF  2F21               	goto	l187
  1418  0700                     u2020:
  1419  0700                     l1945:
  1420                           
  1421                           ;Probador1.c: 302:                     Prueba_sal();
  1422  0700  120A  118A  20A2  120A  118A  	fcall	_Prueba_sal
  1423  0705                     l1947:
  1424                           
  1425                           ;Probador1.c: 303:                     porte_ent();
  1426  0705  120A  118A  204B  120A  118A  	fcall	_porte_ent
  1427  070A                     l1949:
  1428                           
  1429                           ;Probador1.c: 305:                         if (RE1 == 1) {
  1430  070A  1283               	bcf	3,5	;RP0=0, select bank0
  1431  070B  1303               	bcf	3,6	;RP1=0, select bank0
  1432  070C  1C89               	btfss	9,1	;volatile
  1433  070D  2F0F               	goto	u2031
  1434  070E  2F10               	goto	u2030
  1435  070F                     u2031:
  1436  070F  2F15               	goto	l189
  1437  0710                     u2030:
  1438  0710                     l1951:
  1439                           
  1440                           ;Probador1.c: 306:                             puerto = 4;
  1441  0710  3004               	movlw	4
  1442  0711  00B3               	movwf	??_main
  1443  0712  0833               	movf	??_main,w
  1444  0713  00C0               	movwf	_puerto
  1445  0714  2EA1               	goto	l1915
  1446  0715                     l189:	
  1447                           ;Probador1.c: 309:                         }
  1448                           
  1449                           
  1450                           ;Probador1.c: 310:                         if (RE0 == 1) {
  1451  0715  1C09               	btfss	9,0	;volatile
  1452  0716  2F18               	goto	u2041
  1453  0717  2F19               	goto	u2040
  1454  0718                     u2041:
  1455  0718  2F0A               	goto	l1949
  1456  0719                     u2040:
  1457  0719                     l1955:
  1458                           
  1459                           ;Probador1.c: 311:                             puerto = 0;
  1460  0719  01C0               	clrf	_puerto
  1461  071A                     l1957:
  1462                           
  1463                           ;Probador1.c: 312:                             prueba = 1;
  1464  071A  01BE               	clrf	_prueba
  1465  071B  0ABE               	incf	_prueba,f
  1466  071C                     l1959:
  1467                           
  1468                           ;Probador1.c: 313:                             nro_pin = 7;
  1469  071C  3007               	movlw	7
  1470  071D  00B3               	movwf	??_main
  1471  071E  0833               	movf	??_main,w
  1472  071F  00C3               	movwf	_nro_pin
  1473                           
  1474                           ;Probador1.c: 314:                             break;
  1475  0720  2F90               	goto	l1993
  1476  0721                     l187:
  1477                           
  1478                           ;Probador1.c: 319:                     incremento = 1;
  1479  0721  01C1               	clrf	_incremento
  1480  0722  0AC1               	incf	_incremento,f
  1481  0723                     l1963:
  1482                           
  1483                           ;Probador1.c: 320:                     nro_pin = 3;
  1484  0723  3003               	movlw	3
  1485  0724  00B3               	movwf	??_main
  1486  0725  0833               	movf	??_main,w
  1487  0726  00C3               	movwf	_nro_pin
  1488  0727                     l1965:
  1489                           
  1490                           ;Probador1.c: 321:                     mask = 1;
  1491  0727  01BF               	clrf	_mask
  1492  0728  0ABF               	incf	_mask,f
  1493  0729                     l1967:
  1494                           
  1495                           ;Probador1.c: 322:                     for (unsigned char i = 0; i < nro_pin; i = increm
      +                          ento) {
  1496  0729  01B9               	clrf	main@i_209
  1497  072A  2F70               	goto	l194
  1498  072B                     l1969:
  1499                           
  1500                           ;Probador1.c: 324:                             if (PORTE & mask) {
  1501  072B  0809               	movf	9,w	;volatile
  1502  072C  053F               	andwf	_mask,w
  1503  072D  1903               	btfsc	3,2
  1504  072E  2F30               	goto	u2051
  1505  072F  2F31               	goto	u2050
  1506  0730                     u2051:
  1507  0730  2F60               	goto	l1981
  1508  0731                     u2050:
  1509  0731                     l1971:
  1510                           
  1511                           ;Probador1.c: 325:                                 RE2 = 1;
  1512  0731  1509               	bsf	9,2	;volatile
  1513  0732                     l1973:
  1514                           
  1515                           ;Probador1.c: 326:                                 _delay((unsigned long)((300)*(8000000
      +                          UL/4000.0)));
  1516  0732  3004               	movlw	4
  1517  0733  1283               	bcf	3,5	;RP0=0, select bank0
  1518  0734  1303               	bcf	3,6	;RP1=0, select bank0
  1519  0735  00B5               	movwf	??_main+2
  1520  0736  300C               	movlw	12
  1521  0737  00B4               	movwf	??_main+1
  1522  0738  3033               	movlw	51
  1523  0739  00B3               	movwf	??_main
  1524  073A                     u2217:
  1525  073A  0BB3               	decfsz	??_main,f
  1526  073B  2F3A               	goto	u2217
  1527  073C  0BB4               	decfsz	??_main+1,f
  1528  073D  2F3A               	goto	u2217
  1529  073E  0BB5               	decfsz	??_main+2,f
  1530  073F  2F3A               	goto	u2217
  1531  0740                     l1975:
  1532                           
  1533                           ;Probador1.c: 327:                                 RE2 = 0;
  1534  0740  1283               	bcf	3,5	;RP0=0, select bank0
  1535  0741  1303               	bcf	3,6	;RP1=0, select bank0
  1536  0742  1109               	bcf	9,2	;volatile
  1537                           
  1538                           ;Probador1.c: 328:                                 _delay((unsigned long)((50)*(8000000U
      +                          L/4000.0)));
  1539  0743  3082               	movlw	130
  1540  0744  1283               	bcf	3,5	;RP0=0, select bank0
  1541  0745  1303               	bcf	3,6	;RP1=0, select bank0
  1542  0746  00B4               	movwf	??_main+1
  1543  0747  30DD               	movlw	221
  1544  0748  00B3               	movwf	??_main
  1545  0749                     u2227:
  1546  0749  0BB3               	decfsz	??_main,f
  1547  074A  2F49               	goto	u2227
  1548  074B  0BB4               	decfsz	??_main+1,f
  1549  074C  2F49               	goto	u2227
  1550  074D                     l1977:
  1551                           
  1552                           ;Probador1.c: 329:                                 mask = (1 << incremento);
  1553  074D  3001               	movlw	1
  1554  074E  1283               	bcf	3,5	;RP0=0, select bank0
  1555  074F  1303               	bcf	3,6	;RP1=0, select bank0
  1556  0750  00B3               	movwf	??_main
  1557  0751  0A41               	incf	_incremento,w
  1558  0752  2F55               	goto	u2064
  1559  0753                     u2065:
  1560  0753  1003               	clrc
  1561  0754  0DB3               	rlf	??_main,f
  1562  0755                     u2064:
  1563  0755  3EFF               	addlw	-1
  1564  0756  1D03               	skipz
  1565  0757  2F53               	goto	u2065
  1566  0758  0833               	movf	??_main,w
  1567  0759  00B4               	movwf	??_main+1
  1568  075A  0834               	movf	??_main+1,w
  1569  075B  00BF               	movwf	_mask
  1570  075C                     l1979:
  1571                           
  1572                           ;Probador1.c: 330:                                 incremento++;
  1573  075C  3001               	movlw	1
  1574  075D  00B3               	movwf	??_main
  1575  075E  0833               	movf	??_main,w
  1576  075F  07C1               	addwf	_incremento,f
  1577  0760                     l1981:
  1578                           
  1579                           ;Probador1.c: 332:                             if (incremento == 4) {
  1580  0760  3004               	movlw	4
  1581  0761  0641               	xorwf	_incremento,w
  1582  0762  1D03               	btfss	3,2
  1583  0763  2F65               	goto	u2071
  1584  0764  2F66               	goto	u2070
  1585  0765                     u2071:
  1586  0765  2F2B               	goto	l1969
  1587  0766                     u2070:
  1588  0766                     l1983:
  1589                           
  1590                           ;Probador1.c: 333:                                 puerto = 0;
  1591  0766  01C0               	clrf	_puerto
  1592  0767                     l1985:
  1593                           
  1594                           ;Probador1.c: 334:                                 nro_pin = 7;
  1595  0767  3007               	movlw	7
  1596  0768  00B3               	movwf	??_main
  1597  0769  0833               	movf	??_main,w
  1598  076A  00C3               	movwf	_nro_pin
  1599  076B                     l1987:
  1600                           
  1601                           ;Probador1.c: 335:                                 prueba = 2;
  1602  076B  3002               	movlw	2
  1603  076C  00B3               	movwf	??_main
  1604  076D  0833               	movf	??_main,w
  1605  076E  00BE               	movwf	_prueba
  1606                           
  1607                           ;Probador1.c: 336:                                 break;
  1608  076F  2F90               	goto	l1993
  1609  0770                     l194:
  1610  0770  0843               	movf	_nro_pin,w
  1611  0771  0239               	subwf	main@i_209,w
  1612  0772  1C03               	skipc
  1613  0773  2F75               	goto	u2081
  1614  0774  2F76               	goto	u2080
  1615  0775                     u2081:
  1616  0775  2F2B               	goto	l1969
  1617  0776                     u2080:
  1618  0776  2F90               	goto	l1993
  1619  0777                     l1991:
  1620  0777  0840               	movf	_puerto,w
  1621  0778  00B3               	movwf	??_main
  1622  0779  01B4               	clrf	??_main+1
  1623                           
  1624                           ; Switch on 2 bytes has been partitioned into a top level switch of size 1, and 1 sub-sw
      +                          itches
  1625                           ; Switch size 1, requested type "simple"
  1626                           ; Number of cases is 1, Range of values is 0 to 0
  1627                           ; switch strategies available:
  1628                           ; Name         Instructions Cycles
  1629                           ; simple_byte            4     3 (average)
  1630                           ; direct_byte           11     8 (fixed)
  1631                           ; jumptable            260     6 (fixed)
  1632                           ;	Chosen strategy is simple_byte
  1633  077A  0834               	movf	??_main+1,w
  1634  077B  3A00               	xorlw	0	; case 0
  1635  077C  1903               	skipnz
  1636  077D  2F7F               	goto	l2085
  1637  077E  2F90               	goto	l1993
  1638  077F                     l2085:
  1639                           
  1640                           ; Switch size 1, requested type "simple"
  1641                           ; Number of cases is 5, Range of values is 0 to 4
  1642                           ; switch strategies available:
  1643                           ; Name         Instructions Cycles
  1644                           ; simple_byte           16     9 (average)
  1645                           ; direct_byte           23     8 (fixed)
  1646                           ; jumptable            260     6 (fixed)
  1647                           ;	Chosen strategy is simple_byte
  1648  077F  0833               	movf	??_main,w
  1649  0780  3A00               	xorlw	0	; case 0
  1650  0781  1903               	skipnz
  1651  0782  2D31               	goto	l1791
  1652  0783  3A01               	xorlw	1	; case 1
  1653  0784  1903               	skipnz
  1654  0785  2DA8               	goto	l1833
  1655  0786  3A03               	xorlw	3	; case 2
  1656  0787  1903               	skipnz
  1657  0788  2E16               	goto	l1869
  1658  0789  3A01               	xorlw	1	; case 3
  1659  078A  1903               	skipnz
  1660  078B  2E84               	goto	l1905
  1661  078C  3A07               	xorlw	7	; case 4
  1662  078D  1903               	skipnz
  1663  078E  2EFB               	goto	l1943
  1664  078F  2F90               	goto	l1993
  1665  0790                     l1993:
  1666                           
  1667                           ;Probador1.c: 345:         if (prueba == 2){
  1668  0790  3002               	movlw	2
  1669  0791  1283               	bcf	3,5	;RP0=0, select bank0
  1670  0792  1303               	bcf	3,6	;RP1=0, select bank0
  1671  0793  063E               	xorwf	_prueba,w
  1672  0794  1D03               	btfss	3,2
  1673  0795  2F97               	goto	u2091
  1674  0796  2F98               	goto	u2090
  1675  0797                     u2091:
  1676  0797  2FA3               	goto	l1999
  1677  0798                     u2090:
  1678  0798                     l1995:
  1679                           
  1680                           ;Probador1.c: 346:             ADC();
  1681  0798  120A  118A  23E7  120A  118A  	fcall	_ADC
  1682  079D                     l1997:
  1683                           
  1684                           ;Probador1.c: 347:             prueba = 3;
  1685  079D  3003               	movlw	3
  1686  079E  1283               	bcf	3,5	;RP0=0, select bank0
  1687  079F  1303               	bcf	3,6	;RP1=0, select bank0
  1688  07A0  00B3               	movwf	??_main
  1689  07A1  0833               	movf	??_main,w
  1690  07A2  00BE               	movwf	_prueba
  1691  07A3                     l1999:
  1692                           
  1693                           ;Probador1.c: 350:         if (prueba == 3) {
  1694  07A3  3003               	movlw	3
  1695  07A4  063E               	xorwf	_prueba,w
  1696  07A5  1D03               	btfss	3,2
  1697  07A6  2FA8               	goto	u2101
  1698  07A7  2FA9               	goto	u2100
  1699  07A8                     u2101:
  1700  07A8  2D2A               	goto	l116
  1701  07A9                     u2100:
  1702  07A9                     l2001:
  1703                           
  1704                           ;Probador1.c: 351:             port_conf_r1();
  1705  07A9  120A  118A  2081  120A  118A  	fcall	_port_conf_r1
  1706  07AE                     l2003:
  1707                           
  1708                           ;Probador1.c: 352:             porte_sal();
  1709  07AE  120A  118A  2047  120A  118A  	fcall	_porte_sal
  1710                           
  1711                           ;Probador1.c: 353:             for (unsigned char i; i < 3; i++) {
  1712  07B3  3003               	movlw	3
  1713  07B4  1283               	bcf	3,5	;RP0=0, select bank0
  1714  07B5  1303               	bcf	3,6	;RP1=0, select bank0
  1715  07B6  023A               	subwf	main@i_211,w
  1716  07B7  1C03               	skipc
  1717  07B8  2FBA               	goto	u2111
  1718  07B9  2FBB               	goto	u2110
  1719  07BA                     u2111:
  1720  07BA  2FBC               	goto	l2007
  1721  07BB                     u2110:
  1722  07BB  2FE9               	goto	l2017
  1723  07BC                     l2007:
  1724                           
  1725                           ;Probador1.c: 354:                 PORTE = 0xFF;
  1726  07BC  30FF               	movlw	255
  1727  07BD  0089               	movwf	9	;volatile
  1728                           
  1729                           ;Probador1.c: 355:                 _delay((unsigned long)((1000)*(8000000UL/4000.0)));
  1730  07BE  300B               	movlw	11
  1731  07BF  1283               	bcf	3,5	;RP0=0, select bank0
  1732  07C0  1303               	bcf	3,6	;RP1=0, select bank0
  1733  07C1  00B5               	movwf	??_main+2
  1734  07C2  3026               	movlw	38
  1735  07C3  00B4               	movwf	??_main+1
  1736  07C4  305D               	movlw	93
  1737  07C5  00B3               	movwf	??_main
  1738  07C6                     u2237:
  1739  07C6  0BB3               	decfsz	??_main,f
  1740  07C7  2FC6               	goto	u2237
  1741  07C8  0BB4               	decfsz	??_main+1,f
  1742  07C9  2FC6               	goto	u2237
  1743  07CA  0BB5               	decfsz	??_main+2,f
  1744  07CB  2FC6               	goto	u2237
  1745  07CC                     l2009:
  1746                           
  1747                           ;Probador1.c: 356:                 PORTE = 0;
  1748  07CC  1283               	bcf	3,5	;RP0=0, select bank0
  1749  07CD  1303               	bcf	3,6	;RP1=0, select bank0
  1750  07CE  0189               	clrf	9	;volatile
  1751  07CF                     l2011:
  1752                           
  1753                           ;Probador1.c: 357:                 _delay((unsigned long)((1000)*(8000000UL/4000.0)));
  1754  07CF  300B               	movlw	11
  1755  07D0  1283               	bcf	3,5	;RP0=0, select bank0
  1756  07D1  1303               	bcf	3,6	;RP1=0, select bank0
  1757  07D2  00B5               	movwf	??_main+2
  1758  07D3  3026               	movlw	38
  1759  07D4  00B4               	movwf	??_main+1
  1760  07D5  305D               	movlw	93
  1761  07D6  00B3               	movwf	??_main
  1762  07D7                     u2247:
  1763  07D7  0BB3               	decfsz	??_main,f
  1764  07D8  2FD7               	goto	u2247
  1765  07D9  0BB4               	decfsz	??_main+1,f
  1766  07DA  2FD7               	goto	u2247
  1767  07DB  0BB5               	decfsz	??_main+2,f
  1768  07DC  2FD7               	goto	u2247
  1769  07DD                     l2013:
  1770                           
  1771                           ;Probador1.c: 359:             }
  1772  07DD  3001               	movlw	1
  1773  07DE  1283               	bcf	3,5	;RP0=0, select bank0
  1774  07DF  1303               	bcf	3,6	;RP1=0, select bank0
  1775  07E0  00B3               	movwf	??_main
  1776  07E1  0833               	movf	??_main,w
  1777  07E2  07BA               	addwf	main@i_211,f
  1778  07E3                     l2015:
  1779  07E3  3003               	movlw	3
  1780  07E4  023A               	subwf	main@i_211,w
  1781  07E5  1C03               	skipc
  1782  07E6  2FE8               	goto	u2121
  1783  07E7  2FE9               	goto	u2120
  1784  07E8                     u2121:
  1785  07E8  2FBC               	goto	l2007
  1786  07E9                     u2120:
  1787  07E9                     l2017:
  1788                           
  1789                           ;Probador1.c: 360:             prueba = 0;
  1790  07E9  01BE               	clrf	_prueba
  1791                           
  1792                           ;Probador1.c: 361:             xx = 0;
  1793  07EA  01BD               	clrf	_xx
  1794  07EB  2D2A               	goto	l116
  1795  07EC  120A  118A  2800   	ljmp	start
  1796  07EF                     __end_of_main:
  1797                           
  1798                           	psect	text1
  1799  0047                     __ptext1:	
  1800 ;; *************** function _porte_sal *****************
  1801 ;; Defined at:
  1802 ;;		line 391 in file "Probador1.c"
  1803 ;; Parameters:    Size  Location     Type
  1804 ;;		None
  1805 ;; Auto vars:     Size  Location     Type
  1806 ;;		None
  1807 ;; Return value:  Size  Location     Type
  1808 ;;                  1    wreg      void 
  1809 ;; Registers used:
  1810 ;;		status,2
  1811 ;; Tracked objects:
  1812 ;;		On entry : 0/0
  1813 ;;		On exit  : 0/0
  1814 ;;		Unchanged: 0/0
  1815 ;; Data sizes:     COMMON   BANK0   BANK1   BANK3   BANK2
  1816 ;;      Params:         0       0       0       0       0
  1817 ;;      Locals:         0       0       0       0       0
  1818 ;;      Temps:          0       0       0       0       0
  1819 ;;      Totals:         0       0       0       0       0
  1820 ;;Total ram usage:        0 bytes
  1821 ;; Hardware stack levels used: 1
  1822 ;; This function calls:
  1823 ;;		Nothing
  1824 ;; This function is called by:
  1825 ;;		_main
  1826 ;; This function uses a non-reentrant model
  1827 ;;
  1828                           
  1829  0047                     _porte_sal:	
  1830                           ;psect for function _porte_sal
  1831                           
  1832  0047                     l1779:	
  1833                           ;incstack = 0
  1834                           ; Regs used in _porte_sal: [status,2]
  1835                           
  1836                           
  1837                           ;Probador1.c: 392:     TRISE = 0b00000000;
  1838  0047  1683               	bsf	3,5	;RP0=1, select bank1
  1839  0048  1303               	bcf	3,6	;RP1=0, select bank1
  1840  0049  0189               	clrf	9	;volatile
  1841  004A                     l220:
  1842  004A  0008               	return
  1843  004B                     __end_of_porte_sal:
  1844                           
  1845                           	psect	text2
  1846  004B                     __ptext2:	
  1847 ;; *************** function _porte_ent *****************
  1848 ;; Defined at:
  1849 ;;		line 387 in file "Probador1.c"
  1850 ;; Parameters:    Size  Location     Type
  1851 ;;		None
  1852 ;; Auto vars:     Size  Location     Type
  1853 ;;		None
  1854 ;; Return value:  Size  Location     Type
  1855 ;;                  1    wreg      void 
  1856 ;; Registers used:
  1857 ;;		wreg
  1858 ;; Tracked objects:
  1859 ;;		On entry : 0/0
  1860 ;;		On exit  : 0/0
  1861 ;;		Unchanged: 0/0
  1862 ;; Data sizes:     COMMON   BANK0   BANK1   BANK3   BANK2
  1863 ;;      Params:         0       0       0       0       0
  1864 ;;      Locals:         0       0       0       0       0
  1865 ;;      Temps:          0       0       0       0       0
  1866 ;;      Totals:         0       0       0       0       0
  1867 ;;Total ram usage:        0 bytes
  1868 ;; Hardware stack levels used: 1
  1869 ;; This function calls:
  1870 ;;		Nothing
  1871 ;; This function is called by:
  1872 ;;		_main
  1873 ;; This function uses a non-reentrant model
  1874 ;;
  1875                           
  1876  004B                     _porte_ent:	
  1877                           ;psect for function _porte_ent
  1878                           
  1879  004B                     l1765:	
  1880                           ;incstack = 0
  1881                           ; Regs used in _porte_ent: [wreg]
  1882                           
  1883                           
  1884                           ;Probador1.c: 388:     TRISE = 0b00000011;
  1885  004B  3003               	movlw	3
  1886  004C  1683               	bsf	3,5	;RP0=1, select bank1
  1887  004D  1303               	bcf	3,6	;RP1=0, select bank1
  1888  004E  0089               	movwf	9	;volatile
  1889  004F                     l217:
  1890  004F  0008               	return
  1891  0050                     __end_of_porte_ent:
  1892                           
  1893                           	psect	text3
  1894  0064                     __ptext3:	
  1895 ;; *************** function _port_conf_r2 *****************
  1896 ;; Defined at:
  1897 ;;		line 367 in file "Probador1.c"
  1898 ;; Parameters:    Size  Location     Type
  1899 ;;		None
  1900 ;; Auto vars:     Size  Location     Type
  1901 ;;		None
  1902 ;; Return value:  Size  Location     Type
  1903 ;;                  1    wreg      void 
  1904 ;; Registers used:
  1905 ;;		wreg, status,2
  1906 ;; Tracked objects:
  1907 ;;		On entry : 0/0
  1908 ;;		On exit  : 0/0
  1909 ;;		Unchanged: 0/0
  1910 ;; Data sizes:     COMMON   BANK0   BANK1   BANK3   BANK2
  1911 ;;      Params:         0       0       0       0       0
  1912 ;;      Locals:         0       0       0       0       0
  1913 ;;      Temps:          0       0       0       0       0
  1914 ;;      Totals:         0       0       0       0       0
  1915 ;;Total ram usage:        0 bytes
  1916 ;; Hardware stack levels used: 1
  1917 ;; This function calls:
  1918 ;;		Nothing
  1919 ;; This function is called by:
  1920 ;;		_main
  1921 ;; This function uses a non-reentrant model
  1922 ;;
  1923                           
  1924  0064                     _port_conf_r2:	
  1925                           ;psect for function _port_conf_r2
  1926                           
  1927  0064                     l1775:	
  1928                           ;incstack = 0
  1929                           ; Regs used in _port_conf_r2: [wreg+status,2]
  1930                           
  1931                           
  1932                           ;Probador1.c: 368:     TRISA = 0xFF;
  1933  0064  30FF               	movlw	255
  1934  0065  1683               	bsf	3,5	;RP0=1, select bank1
  1935  0066  1303               	bcf	3,6	;RP1=0, select bank1
  1936  0067  0085               	movwf	5	;volatile
  1937                           
  1938                           ;Probador1.c: 369:     TRISB = 0xFF;
  1939  0068  30FF               	movlw	255
  1940  0069  0086               	movwf	6	;volatile
  1941                           
  1942                           ;Probador1.c: 370:     TRISC = 0xFF;
  1943  006A  30FF               	movlw	255
  1944  006B  0087               	movwf	7	;volatile
  1945                           
  1946                           ;Probador1.c: 371:     TRISD = 0xFF;
  1947  006C  30FF               	movlw	255
  1948  006D  0088               	movwf	8	;volatile
  1949  006E                     l1777:
  1950                           
  1951                           ;Probador1.c: 372:     PORTE = 0x00;
  1952  006E  1283               	bcf	3,5	;RP0=0, select bank0
  1953  006F  1303               	bcf	3,6	;RP1=0, select bank0
  1954  0070  0189               	clrf	9	;volatile
  1955  0071                     l211:
  1956  0071  0008               	return
  1957  0072                     __end_of_port_conf_r2:
  1958                           
  1959                           	psect	text4
  1960  0081                     __ptext4:	
  1961 ;; *************** function _port_conf_r1 *****************
  1962 ;; Defined at:
  1963 ;;		line 375 in file "Probador1.c"
  1964 ;; Parameters:    Size  Location     Type
  1965 ;;		None
  1966 ;; Auto vars:     Size  Location     Type
  1967 ;;		None
  1968 ;; Return value:  Size  Location     Type
  1969 ;;                  1    wreg      void 
  1970 ;; Registers used:
  1971 ;;		wreg, status,2
  1972 ;; Tracked objects:
  1973 ;;		On entry : 0/0
  1974 ;;		On exit  : 0/0
  1975 ;;		Unchanged: 0/0
  1976 ;; Data sizes:     COMMON   BANK0   BANK1   BANK3   BANK2
  1977 ;;      Params:         0       0       0       0       0
  1978 ;;      Locals:         0       0       0       0       0
  1979 ;;      Temps:          0       0       0       0       0
  1980 ;;      Totals:         0       0       0       0       0
  1981 ;;Total ram usage:        0 bytes
  1982 ;; Hardware stack levels used: 1
  1983 ;; This function calls:
  1984 ;;		Nothing
  1985 ;; This function is called by:
  1986 ;;		_main
  1987 ;; This function uses a non-reentrant model
  1988 ;;
  1989                           
  1990  0081                     _port_conf_r1:	
  1991                           ;psect for function _port_conf_r1
  1992                           
  1993  0081                     l1753:	
  1994                           ;incstack = 0
  1995                           ; Regs used in _port_conf_r1: [wreg+status,2]
  1996                           
  1997                           
  1998                           ;Probador1.c: 376:     TRISA = 0b00000000;
  1999  0081  1683               	bsf	3,5	;RP0=1, select bank1
  2000  0082  1303               	bcf	3,6	;RP1=0, select bank1
  2001  0083  0185               	clrf	5	;volatile
  2002                           
  2003                           ;Probador1.c: 377:     TRISB = 0b00000000;
  2004  0084  0186               	clrf	6	;volatile
  2005                           
  2006                           ;Probador1.c: 378:     TRISC = 0b00000000;
  2007  0085  0187               	clrf	7	;volatile
  2008                           
  2009                           ;Probador1.c: 379:     TRISD = 0b00000000;
  2010  0086  0188               	clrf	8	;volatile
  2011  0087                     l1755:
  2012                           
  2013                           ;Probador1.c: 380:     ADCON1 = 0b00000111;
  2014  0087  3007               	movlw	7
  2015  0088  009F               	movwf	31	;volatile
  2016  0089                     l1757:
  2017                           
  2018                           ;Probador1.c: 381:     PORTB = 0;
  2019  0089  1283               	bcf	3,5	;RP0=0, select bank0
  2020  008A  1303               	bcf	3,6	;RP1=0, select bank0
  2021  008B  0186               	clrf	6	;volatile
  2022  008C                     l1759:
  2023                           
  2024                           ;Probador1.c: 382:     PORTC = 0;
  2025  008C  0187               	clrf	7	;volatile
  2026  008D                     l1761:
  2027                           
  2028                           ;Probador1.c: 383:     PORTD = 0;
  2029  008D  0188               	clrf	8	;volatile
  2030  008E                     l1763:
  2031                           
  2032                           ;Probador1.c: 384:     PORTE = 0;
  2033  008E  0189               	clrf	9	;volatile
  2034  008F                     l214:
  2035  008F  0008               	return
  2036  0090                     __end_of_port_conf_r1:
  2037                           
  2038                           	psect	text5
  2039  00A2                     __ptext5:	
  2040 ;; *************** function _Prueba_sal *****************
  2041 ;; Defined at:
  2042 ;;		line 395 in file "Probador1.c"
  2043 ;; Parameters:    Size  Location     Type
  2044 ;;		None
  2045 ;; Auto vars:     Size  Location     Type
  2046 ;;  i               1    5[COMMON] unsigned char 
  2047 ;; Return value:  Size  Location     Type
  2048 ;;                  1    wreg      void 
  2049 ;; Registers used:
  2050 ;;		wreg, fsr0l, fsr0h, status,2, status,0, pclath, cstack
  2051 ;; Tracked objects:
  2052 ;;		On entry : 0/0
  2053 ;;		On exit  : 0/0
  2054 ;;		Unchanged: 0/0
  2055 ;; Data sizes:     COMMON   BANK0   BANK1   BANK3   BANK2
  2056 ;;      Params:         0       0       0       0       0
  2057 ;;      Locals:         1       0       0       0       0
  2058 ;;      Temps:          1       0       0       0       0
  2059 ;;      Totals:         2       0       0       0       0
  2060 ;;Total ram usage:        2 bytes
  2061 ;; Hardware stack levels used: 1
  2062 ;; Hardware stack levels required when called: 1
  2063 ;; This function calls:
  2064 ;;		_salidas
  2065 ;; This function is called by:
  2066 ;;		_main
  2067 ;; This function uses a non-reentrant model
  2068 ;;
  2069                           
  2070  00A2                     _Prueba_sal:	
  2071                           ;psect for function _Prueba_sal
  2072                           
  2073  00A2                     l1767:	
  2074                           ;incstack = 0
  2075                           ; Regs used in _Prueba_sal: [wreg-fsr0h+status,2+status,0+pclath+cstack]
  2076                           
  2077                           
  2078                           ;Probador1.c: 396:     for (unsigned char i = 0; i < nro_pin; i++) {
  2079  00A2  01F5               	clrf	Prueba_sal@i
  2080  00A3  28AE               	goto	l1773
  2081  00A4                     l1769:
  2082                           
  2083                           ;Probador1.c: 397:         salidas(i);
  2084  00A4  0875               	movf	Prueba_sal@i,w
  2085  00A5  120A  118A  2160  120A  118A  	fcall	_salidas
  2086  00AA                     l1771:
  2087                           
  2088                           ;Probador1.c: 398:     }
  2089  00AA  3001               	movlw	1
  2090  00AB  00F4               	movwf	??_Prueba_sal
  2091  00AC  0874               	movf	??_Prueba_sal,w
  2092  00AD  07F5               	addwf	Prueba_sal@i,f
  2093  00AE                     l1773:
  2094  00AE  1283               	bcf	3,5	;RP0=0, select bank0
  2095  00AF  1303               	bcf	3,6	;RP1=0, select bank0
  2096  00B0  0843               	movf	_nro_pin,w
  2097  00B1  0275               	subwf	Prueba_sal@i,w
  2098  00B2  1C03               	skipc
  2099  00B3  28B5               	goto	u1711
  2100  00B4  28B6               	goto	u1710
  2101  00B5                     u1711:
  2102  00B5  28A4               	goto	l1769
  2103  00B6                     u1710:
  2104  00B6                     l226:
  2105  00B6  0008               	return
  2106  00B7                     __end_of_Prueba_sal:
  2107                           
  2108                           	psect	text6
  2109  0160                     __ptext6:	
  2110 ;; *************** function _salidas *****************
  2111 ;; Defined at:
  2112 ;;		line 401 in file "Probador1.c"
  2113 ;; Parameters:    Size  Location     Type
  2114 ;;  i               1    wreg     unsigned char 
  2115 ;; Auto vars:     Size  Location     Type
  2116 ;;  i               1    3[COMMON] unsigned char 
  2117 ;; Return value:  Size  Location     Type
  2118 ;;                  1    wreg      void 
  2119 ;; Registers used:
  2120 ;;		wreg, fsr0l, fsr0h, status,2, status,0
  2121 ;; Tracked objects:
  2122 ;;		On entry : 0/0
  2123 ;;		On exit  : 0/0
  2124 ;;		Unchanged: 0/0
  2125 ;; Data sizes:     COMMON   BANK0   BANK1   BANK3   BANK2
  2126 ;;      Params:         0       0       0       0       0
  2127 ;;      Locals:         1       0       0       0       0
  2128 ;;      Temps:          3       0       0       0       0
  2129 ;;      Totals:         4       0       0       0       0
  2130 ;;Total ram usage:        4 bytes
  2131 ;; Hardware stack levels used: 1
  2132 ;; This function calls:
  2133 ;;		Nothing
  2134 ;; This function is called by:
  2135 ;;		_Prueba_sal
  2136 ;; This function uses a non-reentrant model
  2137 ;;
  2138                           
  2139  0160                     _salidas:	
  2140                           ;psect for function _salidas
  2141                           
  2142                           
  2143                           ;incstack = 0
  2144                           ; Regs used in _salidas: [wreg-fsr0h+status,2+status,0]
  2145                           ;salidas@i stored from wreg
  2146  0160  00F3               	movwf	salidas@i
  2147  0161                     l1611:
  2148                           
  2149                           ;Probador1.c: 402:     switch (puerto) {
  2150  0161  29AA               	goto	l1635
  2151  0162                     l1613:
  2152                           
  2153                           ;Probador1.c: 404:             PORTA = (1 << i);
  2154  0162  3001               	movlw	1
  2155  0163  00F0               	movwf	??_salidas
  2156  0164  0A73               	incf	salidas@i,w
  2157  0165  2968               	goto	u1284
  2158  0166                     u1285:
  2159  0166  1003               	clrc
  2160  0167  0DF0               	rlf	??_salidas,f
  2161  0168                     u1284:
  2162  0168  3EFF               	addlw	-1
  2163  0169  1D03               	skipz
  2164  016A  2966               	goto	u1285
  2165  016B  0870               	movf	??_salidas,w
  2166  016C  0085               	movwf	5	;volatile
  2167  016D                     l1615:
  2168                           
  2169                           ;Probador1.c: 405:             _delay((unsigned long)((150)*(8000000UL/4000.0)));
  2170  016D  3002               	movlw	2
  2171  016E  00F2               	movwf	??_salidas+2
  2172  016F  3086               	movlw	134
  2173  0170  00F1               	movwf	??_salidas+1
  2174  0171  3099               	movlw	153
  2175  0172  00F0               	movwf	??_salidas
  2176  0173                     u2257:
  2177  0173  0BF0               	decfsz	??_salidas,f
  2178  0174  2973               	goto	u2257
  2179  0175  0BF1               	decfsz	??_salidas+1,f
  2180  0176  2973               	goto	u2257
  2181  0177  0BF2               	decfsz	??_salidas+2,f
  2182  0178  2973               	goto	u2257
  2183                           
  2184                           ;Probador1.c: 406:             break;
  2185  0179  29C5               	goto	l236
  2186  017A                     l1617:
  2187                           
  2188                           ;Probador1.c: 408:             PORTB = (1 << i);
  2189  017A  3001               	movlw	1
  2190  017B  00F0               	movwf	??_salidas
  2191  017C  0A73               	incf	salidas@i,w
  2192  017D  2980               	goto	u1294
  2193  017E                     u1295:
  2194  017E  1003               	clrc
  2195  017F  0DF0               	rlf	??_salidas,f
  2196  0180                     u1294:
  2197  0180  3EFF               	addlw	-1
  2198  0181  1D03               	skipz
  2199  0182  297E               	goto	u1295
  2200  0183  0870               	movf	??_salidas,w
  2201  0184  0086               	movwf	6	;volatile
  2202  0185  296D               	goto	l1615
  2203  0186                     l1621:
  2204                           
  2205                           ;Probador1.c: 412:             PORTC = (1 << i);
  2206  0186  3001               	movlw	1
  2207  0187  00F0               	movwf	??_salidas
  2208  0188  0A73               	incf	salidas@i,w
  2209  0189  298C               	goto	u1304
  2210  018A                     u1305:
  2211  018A  1003               	clrc
  2212  018B  0DF0               	rlf	??_salidas,f
  2213  018C                     u1304:
  2214  018C  3EFF               	addlw	-1
  2215  018D  1D03               	skipz
  2216  018E  298A               	goto	u1305
  2217  018F  0870               	movf	??_salidas,w
  2218  0190  0087               	movwf	7	;volatile
  2219  0191  296D               	goto	l1615
  2220  0192                     l1625:
  2221                           
  2222                           ;Probador1.c: 416:             PORTD = (1 << i);
  2223  0192  3001               	movlw	1
  2224  0193  00F0               	movwf	??_salidas
  2225  0194  0A73               	incf	salidas@i,w
  2226  0195  2998               	goto	u1314
  2227  0196                     u1315:
  2228  0196  1003               	clrc
  2229  0197  0DF0               	rlf	??_salidas,f
  2230  0198                     u1314:
  2231  0198  3EFF               	addlw	-1
  2232  0199  1D03               	skipz
  2233  019A  2996               	goto	u1315
  2234  019B  0870               	movf	??_salidas,w
  2235  019C  0088               	movwf	8	;volatile
  2236  019D  296D               	goto	l1615
  2237  019E                     l1629:
  2238                           
  2239                           ;Probador1.c: 420:             PORTE = (1 << i);
  2240  019E  3001               	movlw	1
  2241  019F  00F0               	movwf	??_salidas
  2242  01A0  0A73               	incf	salidas@i,w
  2243  01A1  29A4               	goto	u1324
  2244  01A2                     u1325:
  2245  01A2  1003               	clrc
  2246  01A3  0DF0               	rlf	??_salidas,f
  2247  01A4                     u1324:
  2248  01A4  3EFF               	addlw	-1
  2249  01A5  1D03               	skipz
  2250  01A6  29A2               	goto	u1325
  2251  01A7  0870               	movf	??_salidas,w
  2252  01A8  0089               	movwf	9	;volatile
  2253  01A9  296D               	goto	l1615
  2254  01AA                     l1635:
  2255  01AA  1283               	bcf	3,5	;RP0=0, select bank0
  2256  01AB  1303               	bcf	3,6	;RP1=0, select bank0
  2257  01AC  0840               	movf	_puerto,w
  2258  01AD  00F0               	movwf	??_salidas
  2259  01AE  01F1               	clrf	??_salidas+1
  2260                           
  2261                           ; Switch on 2 bytes has been partitioned into a top level switch of size 1, and 1 sub-sw
      +                          itches
  2262                           ; Switch size 1, requested type "simple"
  2263                           ; Number of cases is 1, Range of values is 0 to 0
  2264                           ; switch strategies available:
  2265                           ; Name         Instructions Cycles
  2266                           ; simple_byte            4     3 (average)
  2267                           ; direct_byte           11     8 (fixed)
  2268                           ; jumptable            260     6 (fixed)
  2269                           ;	Chosen strategy is simple_byte
  2270  01AF  0871               	movf	??_salidas+1,w
  2271  01B0  3A00               	xorlw	0	; case 0
  2272  01B1  1903               	skipnz
  2273  01B2  29B4               	goto	l2087
  2274  01B3  29C5               	goto	l236
  2275  01B4                     l2087:
  2276                           
  2277                           ; Switch size 1, requested type "simple"
  2278                           ; Number of cases is 5, Range of values is 0 to 4
  2279                           ; switch strategies available:
  2280                           ; Name         Instructions Cycles
  2281                           ; simple_byte           16     9 (average)
  2282                           ; direct_byte           23     8 (fixed)
  2283                           ; jumptable            260     6 (fixed)
  2284                           ;	Chosen strategy is simple_byte
  2285  01B4  0870               	movf	??_salidas,w
  2286  01B5  3A00               	xorlw	0	; case 0
  2287  01B6  1903               	skipnz
  2288  01B7  2962               	goto	l1613
  2289  01B8  3A01               	xorlw	1	; case 1
  2290  01B9  1903               	skipnz
  2291  01BA  297A               	goto	l1617
  2292  01BB  3A03               	xorlw	3	; case 2
  2293  01BC  1903               	skipnz
  2294  01BD  2986               	goto	l1621
  2295  01BE  3A01               	xorlw	1	; case 3
  2296  01BF  1903               	skipnz
  2297  01C0  2992               	goto	l1625
  2298  01C1  3A07               	xorlw	7	; case 4
  2299  01C2  1903               	skipnz
  2300  01C3  299E               	goto	l1629
  2301  01C4  29C5               	goto	l236
  2302  01C5                     l236:
  2303  01C5  0008               	return
  2304  01C6                     __end_of_salidas:
  2305                           
  2306                           	psect	text7
  2307  03E7                     __ptext7:	
  2308 ;; *************** function _ADC *****************
  2309 ;; Defined at:
  2310 ;;		line 80 in file "Probador1.c"
  2311 ;; Parameters:    Size  Location     Type
  2312 ;;		None
  2313 ;; Auto vars:     Size  Location     Type
  2314 ;;  valor           2   17[BANK0 ] unsigned int 
  2315 ;;  i               2   15[BANK0 ] unsigned int 
  2316 ;; Return value:  Size  Location     Type
  2317 ;;                  1    wreg      void 
  2318 ;; Registers used:
  2319 ;;		wreg, fsr0l, fsr0h, status,2, status,0, btemp+1, pclath, cstack
  2320 ;; Tracked objects:
  2321 ;;		On entry : 0/0
  2322 ;;		On exit  : 0/0
  2323 ;;		Unchanged: 0/0
  2324 ;; Data sizes:     COMMON   BANK0   BANK1   BANK3   BANK2
  2325 ;;      Params:         0       0       0       0       0
  2326 ;;      Locals:         0       4       0       0       0
  2327 ;;      Temps:          0       3       0       0       0
  2328 ;;      Totals:         0       7       0       0       0
  2329 ;;Total ram usage:        7 bytes
  2330 ;; Hardware stack levels used: 1
  2331 ;; Hardware stack levels required when called: 3
  2332 ;; This function calls:
  2333 ;;		_ADC_Init
  2334 ;;		_ADC_Read
  2335 ;;		_UART_Init
  2336 ;;		___flge
  2337 ;;		___xxtofl
  2338 ;;		_printf
  2339 ;; This function is called by:
  2340 ;;		_main
  2341 ;; This function uses a non-reentrant model
  2342 ;;
  2343                           
  2344  03E7                     _ADC:	
  2345                           ;psect for function _ADC
  2346                           
  2347  03E7                     l1705:	
  2348                           ;incstack = 0
  2349                           ; Regs used in _ADC: [wreg-fsr0h+status,2+status,0+btemp+1+pclath+cstack]
  2350                           
  2351                           
  2352                           ;Probador1.c: 81:     UART_Init();
  2353  03E7  120A  118A  2072  120A  118A  	fcall	_UART_Init
  2354                           
  2355                           ;Probador1.c: 82:     ADC_Init();
  2356  03EC  120A  118A  2090  120A  118A  	fcall	_ADC_Init
  2357  03F1                     l1707:
  2358                           
  2359                           ;Probador1.c: 83:     TRISB = 0b00000000;
  2360  03F1  1683               	bsf	3,5	;RP0=1, select bank1
  2361  03F2  1303               	bcf	3,6	;RP1=0, select bank1
  2362  03F3  0186               	clrf	6	;volatile
  2363  03F4                     l1709:
  2364                           
  2365                           ;Probador1.c: 86:     printf("inicio");
  2366  03F4  3016               	movlw	(low ((STR_1-__stringbase)| (0+32768)))& (0+255)
  2367  03F5  120A  118A  2324  120A  118A  	fcall	_printf
  2368  03FA                     l1711:
  2369                           
  2370                           ;Probador1.c: 88:     for(unsigned int i; i <(3*60/0.150);i++) {
  2371  03FA  1283               	bcf	3,5	;RP0=0, select bank0
  2372  03FB  1303               	bcf	3,6	;RP1=0, select bank0
  2373  03FC  082F               	movf	ADC@i,w
  2374  03FD  00F0               	movwf	___xxtofl@val
  2375  03FE  0830               	movf	ADC@i+1,w
  2376  03FF  00F1               	movwf	___xxtofl@val+1
  2377  0400  01F2               	clrf	___xxtofl@val+2
  2378  0401  01F3               	clrf	___xxtofl@val+3
  2379  0402  3000               	movlw	0
  2380  0403  120A  118A  226A  120A  118A  	fcall	___xxtofl
  2381  0408  0873               	movf	?___xxtofl+3,w
  2382  0409  1283               	bcf	3,5	;RP0=0, select bank0
  2383  040A  1303               	bcf	3,6	;RP1=0, select bank0
  2384  040B  00A3               	movwf	___flge@ff1+3
  2385  040C  0872               	movf	?___xxtofl+2,w
  2386  040D  00A2               	movwf	___flge@ff1+2
  2387  040E  0871               	movf	?___xxtofl+1,w
  2388  040F  00A1               	movwf	___flge@ff1+1
  2389  0410  0870               	movf	?___xxtofl,w
  2390  0411  00A0               	movwf	___flge@ff1
  2391  0412  3044               	movlw	68
  2392  0413  00A7               	movwf	___flge@ff2+3
  2393  0414  3096               	movlw	150
  2394  0415  00A6               	movwf	___flge@ff2+2
  2395  0416  3000               	movlw	0
  2396  0417  00A5               	movwf	___flge@ff2+1
  2397  0418  3000               	movlw	0
  2398  0419  00A4               	movwf	___flge@ff2
  2399  041A  120A  118A  21C6  120A  118A  	fcall	___flge
  2400  041F  1C03               	btfss	3,0
  2401  0420  2C22               	goto	u1541
  2402  0421  2C23               	goto	u1540
  2403  0422                     u1541:
  2404  0422  2C24               	goto	l1715
  2405  0423                     u1540:
  2406  0423  2D11               	goto	l110
  2407  0424                     l1715:
  2408                           
  2409                           ;Probador1.c: 90:         unsigned int valor = ADC_Read(1);
  2410  0424  3001               	movlw	1
  2411  0425  120A  118A  20B7  120A  118A  	fcall	_ADC_Read
  2412  042A  0871               	movf	?_ADC_Read+1,w
  2413  042B  1283               	bcf	3,5	;RP0=0, select bank0
  2414  042C  1303               	bcf	3,6	;RP1=0, select bank0
  2415  042D  00B2               	movwf	ADC@valor+1
  2416  042E  0870               	movf	?_ADC_Read,w
  2417  042F  00B1               	movwf	ADC@valor
  2418  0430                     l1717:
  2419                           
  2420                           ;Probador1.c: 91:         printf("AN1 = %u\r\n", valor);
  2421  0430  0832               	movf	ADC@valor+1,w
  2422  0431  00A1               	movwf	?_printf+1
  2423  0432  0831               	movf	ADC@valor,w
  2424  0433  00A0               	movwf	?_printf
  2425  0434  300B               	movlw	(low ((STR_2-__stringbase)| (0+32768)))& (0+255)
  2426  0435  120A  118A  2324  120A  118A  	fcall	_printf
  2427  043A                     l1719:
  2428                           
  2429                           ;Probador1.c: 92:         if (valor >= 0 & valor < 125 ){
  2430  043A  3000               	movlw	0
  2431  043B  1283               	bcf	3,5	;RP0=0, select bank0
  2432  043C  1303               	bcf	3,6	;RP1=0, select bank0
  2433  043D  0232               	subwf	ADC@valor+1,w
  2434  043E  307D               	movlw	125
  2435  043F  1903               	skipnz
  2436  0440  0231               	subwf	ADC@valor,w
  2437  0441  1803               	skipnc
  2438  0442  2C44               	goto	u1551
  2439  0443  2C45               	goto	u1550
  2440  0444                     u1551:
  2441  0444  2C47               	goto	l102
  2442  0445                     u1550:
  2443  0445                     l1721:
  2444                           
  2445                           ;Probador1.c: 93:             PORTB = 0b010000000;
  2446  0445  3080               	movlw	128
  2447  0446  0086               	movwf	6	;volatile
  2448  0447                     l102:	
  2449                           ;Probador1.c: 94:         }
  2450                           
  2451                           
  2452                           ;Probador1.c: 95:         if (valor >= 125 & valor < 250 ){
  2453  0447  3000               	movlw	0
  2454  0448  0232               	subwf	ADC@valor+1,w
  2455  0449  307D               	movlw	125
  2456  044A  1903               	skipnz
  2457  044B  0231               	subwf	ADC@valor,w
  2458  044C  1C03               	skipc
  2459  044D  2C4F               	goto	u1561
  2460  044E  2C50               	goto	u1560
  2461  044F                     u1561:
  2462  044F  2C5B               	goto	l103
  2463  0450                     u1560:
  2464  0450                     l1723:
  2465  0450  3000               	movlw	0
  2466  0451  0232               	subwf	ADC@valor+1,w
  2467  0452  30FA               	movlw	250
  2468  0453  1903               	skipnz
  2469  0454  0231               	subwf	ADC@valor,w
  2470  0455  1803               	skipnc
  2471  0456  2C58               	goto	u1571
  2472  0457  2C59               	goto	u1570
  2473  0458                     u1571:
  2474  0458  2C5B               	goto	l103
  2475  0459                     u1570:
  2476  0459                     l1725:
  2477                           
  2478                           ;Probador1.c: 96:             PORTB = 0b11000000;
  2479  0459  30C0               	movlw	192
  2480  045A  0086               	movwf	6	;volatile
  2481  045B                     l103:	
  2482                           ;Probador1.c: 97:         }
  2483                           
  2484                           
  2485                           ;Probador1.c: 98:         if (valor >= 250 & valor < 375 ){
  2486  045B  3000               	movlw	0
  2487  045C  0232               	subwf	ADC@valor+1,w
  2488  045D  30FA               	movlw	250
  2489  045E  1903               	skipnz
  2490  045F  0231               	subwf	ADC@valor,w
  2491  0460  1C03               	skipc
  2492  0461  2C63               	goto	u1581
  2493  0462  2C64               	goto	u1580
  2494  0463                     u1581:
  2495  0463  2C6F               	goto	l104
  2496  0464                     u1580:
  2497  0464                     l1727:
  2498  0464  3001               	movlw	1
  2499  0465  0232               	subwf	ADC@valor+1,w
  2500  0466  3077               	movlw	119
  2501  0467  1903               	skipnz
  2502  0468  0231               	subwf	ADC@valor,w
  2503  0469  1803               	skipnc
  2504  046A  2C6C               	goto	u1591
  2505  046B  2C6D               	goto	u1590
  2506  046C                     u1591:
  2507  046C  2C6F               	goto	l104
  2508  046D                     u1590:
  2509  046D                     l1729:
  2510                           
  2511                           ;Probador1.c: 99:             PORTB = 0b11100000;
  2512  046D  30E0               	movlw	224
  2513  046E  0086               	movwf	6	;volatile
  2514  046F                     l104:	
  2515                           ;Probador1.c: 100:         }
  2516                           
  2517                           
  2518                           ;Probador1.c: 101:         if (valor >= 375 & valor < 500 ){
  2519  046F  3001               	movlw	1
  2520  0470  0232               	subwf	ADC@valor+1,w
  2521  0471  3077               	movlw	119
  2522  0472  1903               	skipnz
  2523  0473  0231               	subwf	ADC@valor,w
  2524  0474  1C03               	skipc
  2525  0475  2C77               	goto	u1601
  2526  0476  2C78               	goto	u1600
  2527  0477                     u1601:
  2528  0477  2C83               	goto	l105
  2529  0478                     u1600:
  2530  0478                     l1731:
  2531  0478  3001               	movlw	1
  2532  0479  0232               	subwf	ADC@valor+1,w
  2533  047A  30F4               	movlw	244
  2534  047B  1903               	skipnz
  2535  047C  0231               	subwf	ADC@valor,w
  2536  047D  1803               	skipnc
  2537  047E  2C80               	goto	u1611
  2538  047F  2C81               	goto	u1610
  2539  0480                     u1611:
  2540  0480  2C83               	goto	l105
  2541  0481                     u1610:
  2542  0481                     l1733:
  2543                           
  2544                           ;Probador1.c: 102:             PORTB = 0b11110000;
  2545  0481  30F0               	movlw	240
  2546  0482  0086               	movwf	6	;volatile
  2547  0483                     l105:	
  2548                           ;Probador1.c: 103:         }
  2549                           
  2550                           
  2551                           ;Probador1.c: 104:         if (valor >= 500 & valor < 625 ){
  2552  0483  3001               	movlw	1
  2553  0484  0232               	subwf	ADC@valor+1,w
  2554  0485  30F4               	movlw	244
  2555  0486  1903               	skipnz
  2556  0487  0231               	subwf	ADC@valor,w
  2557  0488  1C03               	skipc
  2558  0489  2C8B               	goto	u1621
  2559  048A  2C8C               	goto	u1620
  2560  048B                     u1621:
  2561  048B  2C97               	goto	l106
  2562  048C                     u1620:
  2563  048C                     l1735:
  2564  048C  3002               	movlw	2
  2565  048D  0232               	subwf	ADC@valor+1,w
  2566  048E  3071               	movlw	113
  2567  048F  1903               	skipnz
  2568  0490  0231               	subwf	ADC@valor,w
  2569  0491  1803               	skipnc
  2570  0492  2C94               	goto	u1631
  2571  0493  2C95               	goto	u1630
  2572  0494                     u1631:
  2573  0494  2C97               	goto	l106
  2574  0495                     u1630:
  2575  0495                     l1737:
  2576                           
  2577                           ;Probador1.c: 105:             PORTB = 0b11111000;
  2578  0495  30F8               	movlw	248
  2579  0496  0086               	movwf	6	;volatile
  2580  0497                     l106:	
  2581                           ;Probador1.c: 106:         }
  2582                           
  2583                           
  2584                           ;Probador1.c: 107:         if (valor >= 625 & valor < 750 ){
  2585  0497  3002               	movlw	2
  2586  0498  0232               	subwf	ADC@valor+1,w
  2587  0499  3071               	movlw	113
  2588  049A  1903               	skipnz
  2589  049B  0231               	subwf	ADC@valor,w
  2590  049C  1C03               	skipc
  2591  049D  2C9F               	goto	u1641
  2592  049E  2CA0               	goto	u1640
  2593  049F                     u1641:
  2594  049F  2CAB               	goto	l107
  2595  04A0                     u1640:
  2596  04A0                     l1739:
  2597  04A0  3002               	movlw	2
  2598  04A1  0232               	subwf	ADC@valor+1,w
  2599  04A2  30EE               	movlw	238
  2600  04A3  1903               	skipnz
  2601  04A4  0231               	subwf	ADC@valor,w
  2602  04A5  1803               	skipnc
  2603  04A6  2CA8               	goto	u1651
  2604  04A7  2CA9               	goto	u1650
  2605  04A8                     u1651:
  2606  04A8  2CAB               	goto	l107
  2607  04A9                     u1650:
  2608  04A9                     l1741:
  2609                           
  2610                           ;Probador1.c: 108:             PORTB = 0b11111100;
  2611  04A9  30FC               	movlw	252
  2612  04AA  0086               	movwf	6	;volatile
  2613  04AB                     l107:	
  2614                           ;Probador1.c: 109:         }
  2615                           
  2616                           
  2617                           ;Probador1.c: 110:         if (valor >= 750 & valor < 875 ){
  2618  04AB  3002               	movlw	2
  2619  04AC  0232               	subwf	ADC@valor+1,w
  2620  04AD  30EE               	movlw	238
  2621  04AE  1903               	skipnz
  2622  04AF  0231               	subwf	ADC@valor,w
  2623  04B0  1C03               	skipc
  2624  04B1  2CB3               	goto	u1661
  2625  04B2  2CB4               	goto	u1660
  2626  04B3                     u1661:
  2627  04B3  2CBF               	goto	l108
  2628  04B4                     u1660:
  2629  04B4                     l1743:
  2630  04B4  3003               	movlw	3
  2631  04B5  0232               	subwf	ADC@valor+1,w
  2632  04B6  306B               	movlw	107
  2633  04B7  1903               	skipnz
  2634  04B8  0231               	subwf	ADC@valor,w
  2635  04B9  1803               	skipnc
  2636  04BA  2CBC               	goto	u1671
  2637  04BB  2CBD               	goto	u1670
  2638  04BC                     u1671:
  2639  04BC  2CBF               	goto	l108
  2640  04BD                     u1670:
  2641  04BD                     l1745:
  2642                           
  2643                           ;Probador1.c: 111:             PORTB = 0b11111110;
  2644  04BD  30FE               	movlw	254
  2645  04BE  0086               	movwf	6	;volatile
  2646  04BF                     l108:	
  2647                           ;Probador1.c: 112:         }
  2648                           
  2649                           
  2650                           ;Probador1.c: 113:         if (valor >= 875 & valor < 1025 ){
  2651  04BF  3003               	movlw	3
  2652  04C0  0232               	subwf	ADC@valor+1,w
  2653  04C1  306B               	movlw	107
  2654  04C2  1903               	skipnz
  2655  04C3  0231               	subwf	ADC@valor,w
  2656  04C4  1C03               	skipc
  2657  04C5  2CC7               	goto	u1681
  2658  04C6  2CC8               	goto	u1680
  2659  04C7                     u1681:
  2660  04C7  2CD3               	goto	l109
  2661  04C8                     u1680:
  2662  04C8                     l1747:
  2663  04C8  3004               	movlw	4
  2664  04C9  0232               	subwf	ADC@valor+1,w
  2665  04CA  3001               	movlw	1
  2666  04CB  1903               	skipnz
  2667  04CC  0231               	subwf	ADC@valor,w
  2668  04CD  1803               	skipnc
  2669  04CE  2CD0               	goto	u1691
  2670  04CF  2CD1               	goto	u1690
  2671  04D0                     u1691:
  2672  04D0  2CD3               	goto	l109
  2673  04D1                     u1690:
  2674  04D1                     l1749:
  2675                           
  2676                           ;Probador1.c: 114:             PORTB = 0b11111111;
  2677  04D1  30FF               	movlw	255
  2678  04D2  0086               	movwf	6	;volatile
  2679  04D3                     l109:	
  2680                           ;Probador1.c: 115:         }
  2681                           
  2682                           
  2683                           ;Probador1.c: 117:         _delay((unsigned long)((150)*(8000000UL/4000.0)));
  2684  04D3  3002               	movlw	2
  2685  04D4  1283               	bcf	3,5	;RP0=0, select bank0
  2686  04D5  1303               	bcf	3,6	;RP1=0, select bank0
  2687  04D6  00AE               	movwf	??_ADC+2
  2688  04D7  3086               	movlw	134
  2689  04D8  00AD               	movwf	??_ADC+1
  2690  04D9  3098               	movlw	152
  2691  04DA  00AC               	movwf	??_ADC
  2692  04DB                     u2267:
  2693  04DB  0BAC               	decfsz	??_ADC,f
  2694  04DC  2CDB               	goto	u2267
  2695  04DD  0BAD               	decfsz	??_ADC+1,f
  2696  04DE  2CDB               	goto	u2267
  2697  04DF  0BAE               	decfsz	??_ADC+2,f
  2698  04E0  2CDB               	goto	u2267
  2699  04E1  0000               	nop
  2700                           
  2701                           ;Probador1.c: 118:     }
  2702  04E2  3001               	movlw	1
  2703  04E3  1283               	bcf	3,5	;RP0=0, select bank0
  2704  04E4  1303               	bcf	3,6	;RP1=0, select bank0
  2705  04E5  07AF               	addwf	ADC@i,f
  2706  04E6  1803               	skipnc
  2707  04E7  0AB0               	incf	ADC@i+1,f
  2708  04E8  3000               	movlw	0
  2709  04E9  07B0               	addwf	ADC@i+1,f
  2710  04EA                     l1751:
  2711  04EA  082F               	movf	ADC@i,w
  2712  04EB  00F0               	movwf	___xxtofl@val
  2713  04EC  0830               	movf	ADC@i+1,w
  2714  04ED  00F1               	movwf	___xxtofl@val+1
  2715  04EE  01F2               	clrf	___xxtofl@val+2
  2716  04EF  01F3               	clrf	___xxtofl@val+3
  2717  04F0  3000               	movlw	0
  2718  04F1  120A  118A  226A  120A  118A  	fcall	___xxtofl
  2719  04F6  0873               	movf	?___xxtofl+3,w
  2720  04F7  1283               	bcf	3,5	;RP0=0, select bank0
  2721  04F8  1303               	bcf	3,6	;RP1=0, select bank0
  2722  04F9  00A3               	movwf	___flge@ff1+3
  2723  04FA  0872               	movf	?___xxtofl+2,w
  2724  04FB  00A2               	movwf	___flge@ff1+2
  2725  04FC  0871               	movf	?___xxtofl+1,w
  2726  04FD  00A1               	movwf	___flge@ff1+1
  2727  04FE  0870               	movf	?___xxtofl,w
  2728  04FF  00A0               	movwf	___flge@ff1
  2729  0500  3044               	movlw	68
  2730  0501  00A7               	movwf	___flge@ff2+3
  2731  0502  3096               	movlw	150
  2732  0503  00A6               	movwf	___flge@ff2+2
  2733  0504  3000               	movlw	0
  2734  0505  00A5               	movwf	___flge@ff2+1
  2735  0506  3000               	movlw	0
  2736  0507  00A4               	movwf	___flge@ff2
  2737  0508  120A  118A  21C6  120A  118A  	fcall	___flge
  2738  050D  1C03               	btfss	3,0
  2739  050E  2D10               	goto	u1701
  2740  050F  2D11               	goto	u1700
  2741  0510                     u1701:
  2742  0510  2C24               	goto	l1715
  2743  0511                     u1700:
  2744  0511                     l110:
  2745  0511  0008               	return
  2746  0512                     __end_of_ADC:
  2747                           
  2748                           	psect	text8
  2749  0324                     __ptext8:	
  2750 ;; *************** function _printf *****************
  2751 ;; Defined at:
  2752 ;;		line 477 in file "C:\Program Files\Microchip\xc8\v2.36\pic\sources\c90\common\doprnt.c"
  2753 ;; Parameters:    Size  Location     Type
  2754 ;;  f               1    wreg     PTR const unsigned char 
  2755 ;;		 -> STR_2(11), STR_1(7), 
  2756 ;; Auto vars:     Size  Location     Type
  2757 ;;  f               1   10[BANK0 ] PTR const unsigned char 
  2758 ;;		 -> STR_2(11), STR_1(7), 
  2759 ;;  tmpval          4    0        struct .
  2760 ;;  val             2    7[BANK0 ] unsigned int 
  2761 ;;  cp              2    0        PTR const unsigned char 
  2762 ;;  len             2    0        unsigned int 
  2763 ;;  c               1   11[BANK0 ] unsigned char 
  2764 ;;  prec            1    9[BANK0 ] char 
  2765 ;;  ap              1    6[BANK0 ] PTR void [1]
  2766 ;;		 -> ?_printf(2), 
  2767 ;;  flag            1    5[BANK0 ] unsigned char 
  2768 ;; Return value:  Size  Location     Type
  2769 ;;                  2    0[BANK0 ] int 
  2770 ;; Registers used:
  2771 ;;		wreg, fsr0l, fsr0h, status,2, status,0, btemp+1, pclath, cstack
  2772 ;; Tracked objects:
  2773 ;;		On entry : 0/0
  2774 ;;		On exit  : 0/0
  2775 ;;		Unchanged: 0/0
  2776 ;; Data sizes:     COMMON   BANK0   BANK1   BANK3   BANK2
  2777 ;;      Params:         0       2       0       0       0
  2778 ;;      Locals:         0       7       0       0       0
  2779 ;;      Temps:          0       3       0       0       0
  2780 ;;      Totals:         0      12       0       0       0
  2781 ;;Total ram usage:       12 bytes
  2782 ;; Hardware stack levels used: 1
  2783 ;; Hardware stack levels required when called: 2
  2784 ;; This function calls:
  2785 ;;		___lwdiv
  2786 ;;		___lwmod
  2787 ;;		_putch
  2788 ;; This function is called by:
  2789 ;;		_ADC
  2790 ;; This function uses a non-reentrant model
  2791 ;;
  2792                           
  2793  0324                     _printf:	
  2794                           ;psect for function _printf
  2795                           
  2796                           
  2797                           ;incstack = 0
  2798                           ; Regs used in _printf: [wreg-fsr0h+status,2+status,0+btemp+1+pclath+cstack]
  2799                           ;printf@f stored from wreg
  2800  0324  1283               	bcf	3,5	;RP0=0, select bank0
  2801  0325  1303               	bcf	3,6	;RP1=0, select bank0
  2802  0326  00AA               	movwf	printf@f
  2803  0327                     l1567:
  2804                           
  2805                           ;C:\Program Files\Microchip\xc8\v2.36\pic\sources\c90\common\doprnt.c: 477: printf(const
      +                           char * f, ...);C:\Program Files\Microchip\xc8\v2.36\pic\sources\c90\common\doprnt.c: 47
      +                          8: {;C:\Program Files\Microchip\xc8\v2.36\pic\sources\c90\common\doprnt.c: 479:  va_list
      +                           ap;;C:\Program Files\Microchip\xc8\v2.36\pic\sources\c90\common\doprnt.c: 512:  char c;
      +                          ;C:\Program Files\Microchip\xc8\v2.36\pic\sources\c90\common\doprnt.c: 521:  signed char
      +                           prec;;C:\Program Files\Microchip\xc8\v2.36\pic\sources\c90\common\doprnt.c: 525:  unsig
      +                          ned char flag;
  2806  0327  3020               	movlw	(low (?_printf| 0))& (0+255)
  2807  0328  00A2               	movwf	??_printf
  2808  0329  0822               	movf	??_printf,w
  2809  032A  00A6               	movwf	printf@ap
  2810                           
  2811                           ;C:\Program Files\Microchip\xc8\v2.36\pic\sources\c90\common\doprnt.c: 553:  while((c = 
      +                          *f++)) {
  2812  032B  2BD2               	goto	l1605
  2813  032C                     l1569:
  2814                           
  2815                           ;C:\Program Files\Microchip\xc8\v2.36\pic\sources\c90\common\doprnt.c: 555:   if(c != '%
      +                          ')
  2816  032C  3025               	movlw	37
  2817  032D  062B               	xorwf	printf@c,w
  2818  032E  1903               	btfsc	3,2
  2819  032F  2B31               	goto	u1231
  2820  0330  2B32               	goto	u1230
  2821  0331                     u1231:
  2822  0331  2B39               	goto	l1573
  2823  0332                     u1230:
  2824  0332                     l1571:
  2825                           
  2826                           ;C:\Program Files\Microchip\xc8\v2.36\pic\sources\c90\common\doprnt.c: 557:   {;C:\Progr
      +                          am Files\Microchip\xc8\v2.36\pic\sources\c90\common\doprnt.c: 558:    (putch(c) );
  2827  0332  082B               	movf	printf@c,w
  2828  0333  120A  118A  2050  120A  118A  	fcall	_putch
  2829                           
  2830                           ;C:\Program Files\Microchip\xc8\v2.36\pic\sources\c90\common\doprnt.c: 559:    continue;
  2831  0338  2BD2               	goto	l1605
  2832  0339                     l1573:
  2833                           
  2834                           ;C:\Program Files\Microchip\xc8\v2.36\pic\sources\c90\common\doprnt.c: 565:   flag = 0;
  2835  0339  01A5               	clrf	printf@flag
  2836                           
  2837                           ;C:\Program Files\Microchip\xc8\v2.36\pic\sources\c90\common\doprnt.c: 661:   switch(c =
      +                           *f++) {
  2838  033A  2B40               	goto	l1579
  2839  033B                     l1575:
  2840                           
  2841                           ;C:\Program Files\Microchip\xc8\v2.36\pic\sources\c90\common\doprnt.c: 844:    flag |= 0
      +                          xC0;
  2842  033B  30C0               	movlw	192
  2843  033C  00A2               	movwf	??_printf
  2844  033D  0822               	movf	??_printf,w
  2845  033E  04A5               	iorwf	printf@flag,f
  2846                           
  2847                           ;C:\Program Files\Microchip\xc8\v2.36\pic\sources\c90\common\doprnt.c: 845:    break;
  2848  033F  2B5A               	goto	l1581
  2849  0340                     l1579:
  2850  0340  3001               	movlw	1
  2851  0341  07AA               	addwf	printf@f,f
  2852  0342  30FF               	movlw	-1
  2853  0343  072A               	addwf	printf@f,w
  2854  0344  0084               	movwf	4
  2855  0345  120A  118A  2003  120A  118A  	fcall	stringdir
  2856  034A  00AB               	movwf	printf@c
  2857  034B  00A2               	movwf	??_printf
  2858  034C  01A3               	clrf	??_printf+1
  2859                           
  2860                           ; Switch on 2 bytes has been partitioned into a top level switch of size 1, and 1 sub-sw
      +                          itches
  2861                           ; Switch size 1, requested type "simple"
  2862                           ; Number of cases is 1, Range of values is 0 to 0
  2863                           ; switch strategies available:
  2864                           ; Name         Instructions Cycles
  2865                           ; simple_byte            4     3 (average)
  2866                           ; direct_byte           11     8 (fixed)
  2867                           ; jumptable            260     6 (fixed)
  2868                           ;	Chosen strategy is simple_byte
  2869  034D  0823               	movf	??_printf+1,w
  2870  034E  3A00               	xorlw	0	; case 0
  2871  034F  1903               	skipnz
  2872  0350  2B52               	goto	l2089
  2873  0351  2BD2               	goto	l1605
  2874  0352                     l2089:
  2875                           
  2876                           ; Switch size 1, requested type "simple"
  2877                           ; Number of cases is 2, Range of values is 0 to 117
  2878                           ; switch strategies available:
  2879                           ; Name         Instructions Cycles
  2880                           ; simple_byte            7     4 (average)
  2881                           ; jumptable            260     6 (fixed)
  2882                           ;	Chosen strategy is simple_byte
  2883  0352  0822               	movf	??_printf,w
  2884  0353  3A00               	xorlw	0	; case 0
  2885  0354  1903               	skipnz
  2886  0355  2BE6               	goto	l347
  2887  0356  3A75               	xorlw	117	; case 117
  2888  0357  1903               	skipnz
  2889  0358  2B3B               	goto	l1575
  2890  0359  2BD2               	goto	l1605
  2891  035A                     l1581:
  2892                           
  2893                           ;C:\Program Files\Microchip\xc8\v2.36\pic\sources\c90\common\doprnt.c: 1299:   {;C:\Prog
      +                          ram Files\Microchip\xc8\v2.36\pic\sources\c90\common\doprnt.c: 1312:     val = (*(unsign
      +                          ed *)__va_arg((*(unsigned **)ap), (unsigned)0));
  2894  035A  0826               	movf	printf@ap,w
  2895  035B  0084               	movwf	4
  2896  035C  1383               	bcf	3,7	;select IRP bank0
  2897  035D  0800               	movf	0,w
  2898  035E  00A7               	movwf	printf@val
  2899  035F  0A84               	incf	4,f
  2900  0360  0800               	movf	0,w
  2901  0361  00A8               	movwf	printf@val+1
  2902  0362                     l1583:
  2903  0362  3002               	movlw	2
  2904  0363  00A2               	movwf	??_printf
  2905  0364  0822               	movf	??_printf,w
  2906  0365  07A6               	addwf	printf@ap,f
  2907  0366                     l1585:
  2908                           
  2909                           ;C:\Program Files\Microchip\xc8\v2.36\pic\sources\c90\common\doprnt.c: 1313:   };C:\Prog
      +                          ram Files\Microchip\xc8\v2.36\pic\sources\c90\common\doprnt.c: 1331:    for(c = 1 ; c !=
      +                           sizeof dpowers/sizeof dpowers[0] ; c++)
  2910  0366  01AB               	clrf	printf@c
  2911  0367  0AAB               	incf	printf@c,f
  2912  0368                     l1591:
  2913                           
  2914                           ;C:\Program Files\Microchip\xc8\v2.36\pic\sources\c90\common\doprnt.c: 1332:     if(val 
      +                          < dpowers[c])
  2915  0368  082B               	movf	printf@c,w
  2916  0369  00A2               	movwf	??_printf
  2917  036A  0722               	addwf	??_printf,w
  2918  036B  3E01               	addlw	low ((_dpowers-__stringbase)| (0+32768))
  2919  036C  0084               	movwf	4
  2920  036D  120A  118A  2003  120A  118A  	fcall	stringdir
  2921  0372  00A3               	movwf	??_printf+1
  2922  0373  120A  118A  2003  120A  118A  	fcall	stringdir
  2923  0378  00A4               	movwf	??_printf+2
  2924  0379  0824               	movf	??_printf+2,w
  2925  037A  0228               	subwf	printf@val+1,w
  2926  037B  1D03               	skipz
  2927  037C  2B7F               	goto	u1245
  2928  037D  0823               	movf	??_printf+1,w
  2929  037E  0227               	subwf	printf@val,w
  2930  037F                     u1245:
  2931  037F  1803               	skipnc
  2932  0380  2B82               	goto	u1241
  2933  0381  2B83               	goto	u1240
  2934  0382                     u1241:
  2935  0382  2B84               	goto	l1595
  2936  0383                     u1240:
  2937  0383  2B8E               	goto	l1597
  2938  0384                     l1595:
  2939  0384  3001               	movlw	1
  2940  0385  00A2               	movwf	??_printf
  2941  0386  0822               	movf	??_printf,w
  2942  0387  07AB               	addwf	printf@c,f
  2943  0388  3005               	movlw	5
  2944  0389  062B               	xorwf	printf@c,w
  2945  038A  1D03               	btfss	3,2
  2946  038B  2B8D               	goto	u1251
  2947  038C  2B8E               	goto	u1250
  2948  038D                     u1251:
  2949  038D  2B68               	goto	l1591
  2950  038E                     u1250:
  2951  038E                     l1597:
  2952                           
  2953                           ;C:\Program Files\Microchip\xc8\v2.36\pic\sources\c90\common\doprnt.c: 1448:   {;C:\Prog
      +                          ram Files\Microchip\xc8\v2.36\pic\sources\c90\common\doprnt.c: 1495:   };C:\Program File
      +                          s\Microchip\xc8\v2.36\pic\sources\c90\common\doprnt.c: 1498:   prec = c;
  2954  038E  082B               	movf	printf@c,w
  2955  038F  00A2               	movwf	??_printf
  2956  0390  0822               	movf	??_printf,w
  2957  0391  00A9               	movwf	printf@prec
  2958                           
  2959                           ;C:\Program Files\Microchip\xc8\v2.36\pic\sources\c90\common\doprnt.c: 1500:   while(pre
      +                          c--) {
  2960  0392  2BC7               	goto	l1603
  2961  0393                     l1599:
  2962                           
  2963                           ;C:\Program Files\Microchip\xc8\v2.36\pic\sources\c90\common\doprnt.c: 1504:    {;C:\Pro
      +                          gram Files\Microchip\xc8\v2.36\pic\sources\c90\common\doprnt.c: 1515:     c = (val / dpo
      +                          wers[(unsigned char)prec]) % 10 + '0';
  2964  0393  300A               	movlw	10
  2965  0394  00F8               	movwf	___lwmod@divisor
  2966  0395  3000               	movlw	0
  2967  0396  00F9               	movwf	___lwmod@divisor+1
  2968  0397  0829               	movf	printf@prec,w
  2969  0398  00A2               	movwf	??_printf
  2970  0399  0722               	addwf	??_printf,w
  2971  039A  3E01               	addlw	low ((_dpowers-__stringbase)| (0+32768))
  2972  039B  0084               	movwf	4
  2973  039C  120A  118A  2003  120A  118A  	fcall	stringdir
  2974  03A1  00F0               	movwf	___lwdiv@divisor
  2975  03A2  120A  118A  2003  120A  118A  	fcall	stringdir
  2976  03A7  00F1               	movwf	___lwdiv@divisor+1
  2977  03A8  0828               	movf	printf@val+1,w
  2978  03A9  00F3               	movwf	___lwdiv@dividend+1
  2979  03AA  0827               	movf	printf@val,w
  2980  03AB  00F2               	movwf	___lwdiv@dividend
  2981  03AC  120A  118A  211C  120A  118A  	fcall	___lwdiv
  2982  03B1  0871               	movf	?___lwdiv+1,w
  2983  03B2  00FB               	movwf	___lwmod@dividend+1
  2984  03B3  0870               	movf	?___lwdiv,w
  2985  03B4  00FA               	movwf	___lwmod@dividend
  2986  03B5  120A  118A  20E2  120A  118A  	fcall	___lwmod
  2987  03BA  0878               	movf	?___lwmod,w
  2988  03BB  3E30               	addlw	48
  2989  03BC  1283               	bcf	3,5	;RP0=0, select bank0
  2990  03BD  1303               	bcf	3,6	;RP1=0, select bank0
  2991  03BE  00A3               	movwf	??_printf+1
  2992  03BF  0823               	movf	??_printf+1,w
  2993  03C0  00AB               	movwf	printf@c
  2994  03C1                     l1601:
  2995                           
  2996                           ;C:\Program Files\Microchip\xc8\v2.36\pic\sources\c90\common\doprnt.c: 1549:    };C:\Pro
      +                          gram Files\Microchip\xc8\v2.36\pic\sources\c90\common\doprnt.c: 1550:    (putch(c) );
  2997  03C1  082B               	movf	printf@c,w
  2998  03C2  120A  118A  2050  120A  118A  	fcall	_putch
  2999  03C7                     l1603:
  3000                           
  3001                           ;C:\Program Files\Microchip\xc8\v2.36\pic\sources\c90\common\doprnt.c: 1500:   while(pre
      +                          c--) {
  3002  03C7  30FF               	movlw	255
  3003  03C8  1283               	bcf	3,5	;RP0=0, select bank0
  3004  03C9  1303               	bcf	3,6	;RP1=0, select bank0
  3005  03CA  00A2               	movwf	??_printf
  3006  03CB  0822               	movf	??_printf,w
  3007  03CC  07A9               	addwf	printf@prec,f
  3008  03CD  0A29               	incf	printf@prec,w
  3009  03CE  1D03               	btfss	3,2
  3010  03CF  2BD1               	goto	u1261
  3011  03D0  2BD2               	goto	u1260
  3012  03D1                     u1261:
  3013  03D1  2B93               	goto	l1599
  3014  03D2                     u1260:
  3015  03D2                     l1605:
  3016                           
  3017                           ;C:\Program Files\Microchip\xc8\v2.36\pic\sources\c90\common\doprnt.c: 553:  while((c = 
      +                          *f++)) {
  3018  03D2  3001               	movlw	1
  3019  03D3  1283               	bcf	3,5	;RP0=0, select bank0
  3020  03D4  1303               	bcf	3,6	;RP1=0, select bank0
  3021  03D5  07AA               	addwf	printf@f,f
  3022  03D6  30FF               	movlw	-1
  3023  03D7  072A               	addwf	printf@f,w
  3024  03D8  0084               	movwf	4
  3025  03D9  120A  118A  2003  120A  118A  	fcall	stringdir
  3026  03DE  00A2               	movwf	??_printf
  3027  03DF  0822               	movf	??_printf,w
  3028  03E0  00AB               	movwf	printf@c
  3029  03E1  082B               	movf	printf@c,w
  3030  03E2  1D03               	btfss	3,2
  3031  03E3  2BE5               	goto	u1271
  3032  03E4  2BE6               	goto	u1270
  3033  03E5                     u1271:
  3034  03E5  2B2C               	goto	l1569
  3035  03E6                     u1270:
  3036  03E6                     l347:
  3037  03E6  0008               	return
  3038  03E7                     __end_of_printf:
  3039                           
  3040                           	psect	text9
  3041  0050                     __ptext9:	
  3042 ;; *************** function _putch *****************
  3043 ;; Defined at:
  3044 ;;		line 59 in file "Probador1.c"
  3045 ;; Parameters:    Size  Location     Type
  3046 ;;  data            1    wreg     unsigned char 
  3047 ;; Auto vars:     Size  Location     Type
  3048 ;;  data            1    1[COMMON] unsigned char 
  3049 ;; Return value:  Size  Location     Type
  3050 ;;                  1    wreg      void 
  3051 ;; Registers used:
  3052 ;;		wreg, status,2, status,0, pclath, cstack
  3053 ;; Tracked objects:
  3054 ;;		On entry : 0/0
  3055 ;;		On exit  : 0/0
  3056 ;;		Unchanged: 0/0
  3057 ;; Data sizes:     COMMON   BANK0   BANK1   BANK3   BANK2
  3058 ;;      Params:         0       0       0       0       0
  3059 ;;      Locals:         1       0       0       0       0
  3060 ;;      Temps:          0       0       0       0       0
  3061 ;;      Totals:         1       0       0       0       0
  3062 ;;Total ram usage:        1 bytes
  3063 ;; Hardware stack levels used: 1
  3064 ;; Hardware stack levels required when called: 1
  3065 ;; This function calls:
  3066 ;;		_UART_Write
  3067 ;; This function is called by:
  3068 ;;		_printf
  3069 ;; This function uses a non-reentrant model
  3070 ;;
  3071                           
  3072  0050                     _putch:	
  3073                           ;psect for function _putch
  3074                           
  3075                           
  3076                           ;incstack = 0
  3077                           ; Regs used in _putch: [wreg+status,2+status,0+pclath+cstack]
  3078                           ;putch@data stored from wreg
  3079  0050  00F1               	movwf	putch@data
  3080  0051                     l1495:
  3081                           
  3082                           ;Probador1.c: 60:     UART_Write(data);
  3083  0051  0871               	movf	putch@data,w
  3084  0052  120A  118A  2058  120A  118A  	fcall	_UART_Write
  3085  0057                     l88:
  3086  0057  0008               	return
  3087  0058                     __end_of_putch:
  3088                           
  3089                           	psect	text10
  3090  0058                     __ptext10:	
  3091 ;; *************** function _UART_Write *****************
  3092 ;; Defined at:
  3093 ;;		line 54 in file "Probador1.c"
  3094 ;; Parameters:    Size  Location     Type
  3095 ;;  data            1    wreg     unsigned char 
  3096 ;; Auto vars:     Size  Location     Type
  3097 ;;  data            1    0[COMMON] unsigned char 
  3098 ;; Return value:  Size  Location     Type
  3099 ;;                  1    wreg      void 
  3100 ;; Registers used:
  3101 ;;		wreg
  3102 ;; Tracked objects:
  3103 ;;		On entry : 0/0
  3104 ;;		On exit  : 0/0
  3105 ;;		Unchanged: 0/0
  3106 ;; Data sizes:     COMMON   BANK0   BANK1   BANK3   BANK2
  3107 ;;      Params:         0       0       0       0       0
  3108 ;;      Locals:         1       0       0       0       0
  3109 ;;      Temps:          0       0       0       0       0
  3110 ;;      Totals:         1       0       0       0       0
  3111 ;;Total ram usage:        1 bytes
  3112 ;; Hardware stack levels used: 1
  3113 ;; This function calls:
  3114 ;;		Nothing
  3115 ;; This function is called by:
  3116 ;;		_putch
  3117 ;; This function uses a non-reentrant model
  3118 ;;
  3119                           
  3120  0058                     _UART_Write:	
  3121                           ;psect for function _UART_Write
  3122                           
  3123                           
  3124                           ;incstack = 0
  3125                           ; Regs used in _UART_Write: [wreg]
  3126                           ;UART_Write@data stored from wreg
  3127  0058  00F0               	movwf	UART_Write@data
  3128  0059                     l1491:
  3129  0059                     l82:	
  3130                           ;Probador1.c: 55:     while (!TXSTAbits.TRMT);
  3131                           
  3132  0059  1683               	bsf	3,5	;RP0=1, select bank1
  3133  005A  1303               	bcf	3,6	;RP1=0, select bank1
  3134  005B  1C98               	btfss	24,1	;volatile
  3135  005C  285E               	goto	u1071
  3136  005D  285F               	goto	u1070
  3137  005E                     u1071:
  3138  005E  2859               	goto	l82
  3139  005F                     u1070:
  3140  005F                     l1493:
  3141                           
  3142                           ;Probador1.c: 56:     TXREG = data;
  3143  005F  0870               	movf	UART_Write@data,w
  3144  0060  1283               	bcf	3,5	;RP0=0, select bank0
  3145  0061  1303               	bcf	3,6	;RP1=0, select bank0
  3146  0062  0099               	movwf	25	;volatile
  3147  0063                     l85:
  3148  0063  0008               	return
  3149  0064                     __end_of_UART_Write:
  3150                           
  3151                           	psect	text11
  3152  00E2                     __ptext11:	
  3153 ;; *************** function ___lwmod *****************
  3154 ;; Defined at:
  3155 ;;		line 5 in file "C:\Program Files\Microchip\xc8\v2.36\pic\sources\c90\common\lwmod.c"
  3156 ;; Parameters:    Size  Location     Type
  3157 ;;  divisor         2    8[COMMON] unsigned int 
  3158 ;;  dividend        2   10[COMMON] unsigned int 
  3159 ;; Auto vars:     Size  Location     Type
  3160 ;;  counter         1   13[COMMON] unsigned char 
  3161 ;; Return value:  Size  Location     Type
  3162 ;;                  2    8[COMMON] unsigned int 
  3163 ;; Registers used:
  3164 ;;		wreg, status,2, status,0
  3165 ;; Tracked objects:
  3166 ;;		On entry : 0/0
  3167 ;;		On exit  : 0/0
  3168 ;;		Unchanged: 0/0
  3169 ;; Data sizes:     COMMON   BANK0   BANK1   BANK3   BANK2
  3170 ;;      Params:         4       0       0       0       0
  3171 ;;      Locals:         1       0       0       0       0
  3172 ;;      Temps:          1       0       0       0       0
  3173 ;;      Totals:         6       0       0       0       0
  3174 ;;Total ram usage:        6 bytes
  3175 ;; Hardware stack levels used: 1
  3176 ;; This function calls:
  3177 ;;		Nothing
  3178 ;; This function is called by:
  3179 ;;		_printf
  3180 ;; This function uses a non-reentrant model
  3181 ;;
  3182                           
  3183  00E2                     ___lwmod:	
  3184                           ;psect for function ___lwmod
  3185                           
  3186  00E2                     l1523:	
  3187                           ;incstack = 0
  3188                           ; Regs used in ___lwmod: [wreg+status,2+status,0]
  3189                           
  3190  00E2  0878               	movf	___lwmod@divisor,w
  3191  00E3  0479               	iorwf	___lwmod@divisor+1,w
  3192  00E4  1903               	btfsc	3,2
  3193  00E5  28E7               	goto	u1151
  3194  00E6  28E8               	goto	u1150
  3195  00E7                     u1151:
  3196  00E7  2917               	goto	l1541
  3197  00E8                     u1150:
  3198  00E8                     l1525:
  3199  00E8  01FD               	clrf	___lwmod@counter
  3200  00E9  0AFD               	incf	___lwmod@counter,f
  3201  00EA  28F6               	goto	l1531
  3202  00EB                     l1527:
  3203  00EB  3001               	movlw	1
  3204  00EC                     u1165:
  3205  00EC  1003               	clrc
  3206  00ED  0DF8               	rlf	___lwmod@divisor,f
  3207  00EE  0DF9               	rlf	___lwmod@divisor+1,f
  3208  00EF  3EFF               	addlw	-1
  3209  00F0  1D03               	skipz
  3210  00F1  28EC               	goto	u1165
  3211  00F2                     l1529:
  3212  00F2  3001               	movlw	1
  3213  00F3  00FC               	movwf	??___lwmod
  3214  00F4  087C               	movf	??___lwmod,w
  3215  00F5  07FD               	addwf	___lwmod@counter,f
  3216  00F6                     l1531:
  3217  00F6  1FF9               	btfss	___lwmod@divisor+1,7
  3218  00F7  28F9               	goto	u1171
  3219  00F8  28FA               	goto	u1170
  3220  00F9                     u1171:
  3221  00F9  28EB               	goto	l1527
  3222  00FA                     u1170:
  3223  00FA                     l1533:
  3224  00FA  0879               	movf	___lwmod@divisor+1,w
  3225  00FB  027B               	subwf	___lwmod@dividend+1,w
  3226  00FC  1D03               	skipz
  3227  00FD  2900               	goto	u1185
  3228  00FE  0878               	movf	___lwmod@divisor,w
  3229  00FF  027A               	subwf	___lwmod@dividend,w
  3230  0100                     u1185:
  3231  0100  1C03               	skipc
  3232  0101  2903               	goto	u1181
  3233  0102  2904               	goto	u1180
  3234  0103                     u1181:
  3235  0103  290A               	goto	l1537
  3236  0104                     u1180:
  3237  0104                     l1535:
  3238  0104  0878               	movf	___lwmod@divisor,w
  3239  0105  02FA               	subwf	___lwmod@dividend,f
  3240  0106  0879               	movf	___lwmod@divisor+1,w
  3241  0107  1C03               	skipc
  3242  0108  03FB               	decf	___lwmod@dividend+1,f
  3243  0109  02FB               	subwf	___lwmod@dividend+1,f
  3244  010A                     l1537:
  3245  010A  3001               	movlw	1
  3246  010B                     u1195:
  3247  010B  1003               	clrc
  3248  010C  0CF9               	rrf	___lwmod@divisor+1,f
  3249  010D  0CF8               	rrf	___lwmod@divisor,f
  3250  010E  3EFF               	addlw	-1
  3251  010F  1D03               	skipz
  3252  0110  290B               	goto	u1195
  3253  0111                     l1539:
  3254  0111  3001               	movlw	1
  3255  0112  02FD               	subwf	___lwmod@counter,f
  3256  0113  1D03               	btfss	3,2
  3257  0114  2916               	goto	u1201
  3258  0115  2917               	goto	u1200
  3259  0116                     u1201:
  3260  0116  28FA               	goto	l1533
  3261  0117                     u1200:
  3262  0117                     l1541:
  3263  0117  087B               	movf	___lwmod@dividend+1,w
  3264  0118  00F9               	movwf	?___lwmod+1
  3265  0119  087A               	movf	___lwmod@dividend,w
  3266  011A  00F8               	movwf	?___lwmod
  3267  011B                     l633:
  3268  011B  0008               	return
  3269  011C                     __end_of___lwmod:
  3270                           
  3271                           	psect	text12
  3272  011C                     __ptext12:	
  3273 ;; *************** function ___lwdiv *****************
  3274 ;; Defined at:
  3275 ;;		line 5 in file "C:\Program Files\Microchip\xc8\v2.36\pic\sources\c90\common\lwdiv.c"
  3276 ;; Parameters:    Size  Location     Type
  3277 ;;  divisor         2    0[COMMON] unsigned int 
  3278 ;;  dividend        2    2[COMMON] unsigned int 
  3279 ;; Auto vars:     Size  Location     Type
  3280 ;;  quotient        2    5[COMMON] unsigned int 
  3281 ;;  counter         1    7[COMMON] unsigned char 
  3282 ;; Return value:  Size  Location     Type
  3283 ;;                  2    0[COMMON] unsigned int 
  3284 ;; Registers used:
  3285 ;;		wreg, status,2, status,0
  3286 ;; Tracked objects:
  3287 ;;		On entry : 0/0
  3288 ;;		On exit  : 0/0
  3289 ;;		Unchanged: 0/0
  3290 ;; Data sizes:     COMMON   BANK0   BANK1   BANK3   BANK2
  3291 ;;      Params:         4       0       0       0       0
  3292 ;;      Locals:         3       0       0       0       0
  3293 ;;      Temps:          1       0       0       0       0
  3294 ;;      Totals:         8       0       0       0       0
  3295 ;;Total ram usage:        8 bytes
  3296 ;; Hardware stack levels used: 1
  3297 ;; This function calls:
  3298 ;;		Nothing
  3299 ;; This function is called by:
  3300 ;;		_printf
  3301 ;; This function uses a non-reentrant model
  3302 ;;
  3303                           
  3304  011C                     ___lwdiv:	
  3305                           ;psect for function ___lwdiv
  3306                           
  3307  011C                     l1497:	
  3308                           ;incstack = 0
  3309                           ; Regs used in ___lwdiv: [wreg+status,2+status,0]
  3310                           
  3311  011C  01F5               	clrf	___lwdiv@quotient
  3312  011D  01F6               	clrf	___lwdiv@quotient+1
  3313  011E                     l1499:
  3314  011E  0870               	movf	___lwdiv@divisor,w
  3315  011F  0471               	iorwf	___lwdiv@divisor+1,w
  3316  0120  1903               	btfsc	3,2
  3317  0121  2923               	goto	u1081
  3318  0122  2924               	goto	u1080
  3319  0123                     u1081:
  3320  0123  295B               	goto	l1519
  3321  0124                     u1080:
  3322  0124                     l1501:
  3323  0124  01F7               	clrf	___lwdiv@counter
  3324  0125  0AF7               	incf	___lwdiv@counter,f
  3325  0126  2932               	goto	l1507
  3326  0127                     l1503:
  3327  0127  3001               	movlw	1
  3328  0128                     u1095:
  3329  0128  1003               	clrc
  3330  0129  0DF0               	rlf	___lwdiv@divisor,f
  3331  012A  0DF1               	rlf	___lwdiv@divisor+1,f
  3332  012B  3EFF               	addlw	-1
  3333  012C  1D03               	skipz
  3334  012D  2928               	goto	u1095
  3335  012E                     l1505:
  3336  012E  3001               	movlw	1
  3337  012F  00F4               	movwf	??___lwdiv
  3338  0130  0874               	movf	??___lwdiv,w
  3339  0131  07F7               	addwf	___lwdiv@counter,f
  3340  0132                     l1507:
  3341  0132  1FF1               	btfss	___lwdiv@divisor+1,7
  3342  0133  2935               	goto	u1101
  3343  0134  2936               	goto	u1100
  3344  0135                     u1101:
  3345  0135  2927               	goto	l1503
  3346  0136                     u1100:
  3347  0136                     l1509:
  3348  0136  3001               	movlw	1
  3349  0137                     u1115:
  3350  0137  1003               	clrc
  3351  0138  0DF5               	rlf	___lwdiv@quotient,f
  3352  0139  0DF6               	rlf	___lwdiv@quotient+1,f
  3353  013A  3EFF               	addlw	-1
  3354  013B  1D03               	skipz
  3355  013C  2937               	goto	u1115
  3356  013D  0871               	movf	___lwdiv@divisor+1,w
  3357  013E  0273               	subwf	___lwdiv@dividend+1,w
  3358  013F  1D03               	skipz
  3359  0140  2943               	goto	u1125
  3360  0141  0870               	movf	___lwdiv@divisor,w
  3361  0142  0272               	subwf	___lwdiv@dividend,w
  3362  0143                     u1125:
  3363  0143  1C03               	skipc
  3364  0144  2946               	goto	u1121
  3365  0145  2947               	goto	u1120
  3366  0146                     u1121:
  3367  0146  294E               	goto	l1515
  3368  0147                     u1120:
  3369  0147                     l1511:
  3370  0147  0870               	movf	___lwdiv@divisor,w
  3371  0148  02F2               	subwf	___lwdiv@dividend,f
  3372  0149  0871               	movf	___lwdiv@divisor+1,w
  3373  014A  1C03               	skipc
  3374  014B  03F3               	decf	___lwdiv@dividend+1,f
  3375  014C  02F3               	subwf	___lwdiv@dividend+1,f
  3376  014D                     l1513:
  3377  014D  1475               	bsf	___lwdiv@quotient,0
  3378  014E                     l1515:
  3379  014E  3001               	movlw	1
  3380  014F                     u1135:
  3381  014F  1003               	clrc
  3382  0150  0CF1               	rrf	___lwdiv@divisor+1,f
  3383  0151  0CF0               	rrf	___lwdiv@divisor,f
  3384  0152  3EFF               	addlw	-1
  3385  0153  1D03               	skipz
  3386  0154  294F               	goto	u1135
  3387  0155                     l1517:
  3388  0155  3001               	movlw	1
  3389  0156  02F7               	subwf	___lwdiv@counter,f
  3390  0157  1D03               	btfss	3,2
  3391  0158  295A               	goto	u1141
  3392  0159  295B               	goto	u1140
  3393  015A                     u1141:
  3394  015A  2936               	goto	l1509
  3395  015B                     u1140:
  3396  015B                     l1519:
  3397  015B  0876               	movf	___lwdiv@quotient+1,w
  3398  015C  00F1               	movwf	?___lwdiv+1
  3399  015D  0875               	movf	___lwdiv@quotient,w
  3400  015E  00F0               	movwf	?___lwdiv
  3401  015F                     l623:
  3402  015F  0008               	return
  3403  0160                     __end_of___lwdiv:
  3404                           
  3405                           	psect	text13
  3406  026A                     __ptext13:	
  3407 ;; *************** function ___xxtofl *****************
  3408 ;; Defined at:
  3409 ;;		line 10 in file "C:\Program Files\Microchip\xc8\v2.36\pic\sources\c90\common\xxtofl.c"
  3410 ;; Parameters:    Size  Location     Type
  3411 ;;  sign            1    wreg     unsigned char 
  3412 ;;  val             4    0[COMMON] long 
  3413 ;; Auto vars:     Size  Location     Type
  3414 ;;  sign            1    8[COMMON] unsigned char 
  3415 ;;  arg             4   10[COMMON] unsigned long 
  3416 ;;  exp             1    9[COMMON] unsigned char 
  3417 ;; Return value:  Size  Location     Type
  3418 ;;                  4    0[COMMON] unsigned char 
  3419 ;; Registers used:
  3420 ;;		wreg, status,2, status,0
  3421 ;; Tracked objects:
  3422 ;;		On entry : 0/0
  3423 ;;		On exit  : 0/0
  3424 ;;		Unchanged: 0/0
  3425 ;; Data sizes:     COMMON   BANK0   BANK1   BANK3   BANK2
  3426 ;;      Params:         4       0       0       0       0
  3427 ;;      Locals:         6       0       0       0       0
  3428 ;;      Temps:          4       0       0       0       0
  3429 ;;      Totals:        14       0       0       0       0
  3430 ;;Total ram usage:       14 bytes
  3431 ;; Hardware stack levels used: 1
  3432 ;; This function calls:
  3433 ;;		Nothing
  3434 ;; This function is called by:
  3435 ;;		_ADC
  3436 ;; This function uses a non-reentrant model
  3437 ;;
  3438                           
  3439  026A                     ___xxtofl:	
  3440                           ;psect for function ___xxtofl
  3441                           
  3442                           
  3443                           ;incstack = 0
  3444                           ; Regs used in ___xxtofl: [wreg+status,2+status,0]
  3445                           ;___xxtofl@sign stored from wreg
  3446  026A  00F8               	movwf	___xxtofl@sign
  3447  026B                     l1661:
  3448  026B  0878               	movf	___xxtofl@sign,w
  3449  026C  1903               	btfsc	3,2
  3450  026D  2A6F               	goto	u1401
  3451  026E  2A70               	goto	u1400
  3452  026F                     u1401:
  3453  026F  2A84               	goto	l1667
  3454  0270                     u1400:
  3455  0270                     l1663:
  3456  0270  1FF3               	btfss	___xxtofl@val+3,7
  3457  0271  2A73               	goto	u1411
  3458  0272  2A74               	goto	u1410
  3459  0273                     u1411:
  3460  0273  2A84               	goto	l1667
  3461  0274                     u1410:
  3462  0274                     l1665:
  3463  0274  0970               	comf	___xxtofl@val,w
  3464  0275  00FA               	movwf	___xxtofl@arg
  3465  0276  0971               	comf	___xxtofl@val+1,w
  3466  0277  00FB               	movwf	___xxtofl@arg+1
  3467  0278  0972               	comf	___xxtofl@val+2,w
  3468  0279  00FC               	movwf	___xxtofl@arg+2
  3469  027A  0973               	comf	___xxtofl@val+3,w
  3470  027B  00FD               	movwf	___xxtofl@arg+3
  3471  027C  0AFA               	incf	___xxtofl@arg,f
  3472  027D  1903               	skipnz
  3473  027E  0AFB               	incf	___xxtofl@arg+1,f
  3474  027F  1903               	skipnz
  3475  0280  0AFC               	incf	___xxtofl@arg+2,f
  3476  0281  1903               	skipnz
  3477  0282  0AFD               	incf	___xxtofl@arg+3,f
  3478  0283  2A8C               	goto	l784
  3479  0284                     l1667:
  3480  0284  0873               	movf	___xxtofl@val+3,w
  3481  0285  00FD               	movwf	___xxtofl@arg+3
  3482  0286  0872               	movf	___xxtofl@val+2,w
  3483  0287  00FC               	movwf	___xxtofl@arg+2
  3484  0288  0871               	movf	___xxtofl@val+1,w
  3485  0289  00FB               	movwf	___xxtofl@arg+1
  3486  028A  0870               	movf	___xxtofl@val,w
  3487  028B  00FA               	movwf	___xxtofl@arg
  3488  028C                     l784:
  3489  028C  0873               	movf	___xxtofl@val+3,w
  3490  028D  0472               	iorwf	___xxtofl@val+2,w
  3491  028E  0471               	iorwf	___xxtofl@val+1,w
  3492  028F  0470               	iorwf	___xxtofl@val,w
  3493  0290  1D03               	skipz
  3494  0291  2A93               	goto	u1421
  3495  0292  2A94               	goto	u1420
  3496  0293                     u1421:
  3497  0293  2A9D               	goto	l1673
  3498  0294                     u1420:
  3499  0294                     l1669:
  3500  0294  3000               	movlw	0
  3501  0295  00F3               	movwf	?___xxtofl+3
  3502  0296  3000               	movlw	0
  3503  0297  00F2               	movwf	?___xxtofl+2
  3504  0298  3000               	movlw	0
  3505  0299  00F1               	movwf	?___xxtofl+1
  3506  029A  3000               	movlw	0
  3507  029B  00F0               	movwf	?___xxtofl
  3508  029C  2B23               	goto	l786
  3509  029D                     l1673:
  3510  029D  3096               	movlw	150
  3511  029E  00F4               	movwf	??___xxtofl
  3512  029F  0874               	movf	??___xxtofl,w
  3513  02A0  00F9               	movwf	___xxtofl@exp
  3514  02A1  2AAF               	goto	l1677
  3515  02A2                     l1675:
  3516  02A2  3001               	movlw	1
  3517  02A3  00F4               	movwf	??___xxtofl
  3518  02A4  0874               	movf	??___xxtofl,w
  3519  02A5  07F9               	addwf	___xxtofl@exp,f
  3520  02A6  3001               	movlw	1
  3521  02A7                     u1435:
  3522  02A7  1003               	clrc
  3523  02A8  0CFD               	rrf	___xxtofl@arg+3,f
  3524  02A9  0CFC               	rrf	___xxtofl@arg+2,f
  3525  02AA  0CFB               	rrf	___xxtofl@arg+1,f
  3526  02AB  0CFA               	rrf	___xxtofl@arg,f
  3527  02AC  3EFF               	addlw	-1
  3528  02AD  1D03               	skipz
  3529  02AE  2AA7               	goto	u1435
  3530  02AF                     l1677:
  3531  02AF  30FE               	movlw	254
  3532  02B0  057D               	andwf	___xxtofl@arg+3,w
  3533  02B1  1D03               	btfss	3,2
  3534  02B2  2AB4               	goto	u1441
  3535  02B3  2AB5               	goto	u1440
  3536  02B4                     u1441:
  3537  02B4  2AA2               	goto	l1675
  3538  02B5                     u1440:
  3539  02B5  2AD1               	goto	l790
  3540  02B6                     l1679:
  3541  02B6  3001               	movlw	1
  3542  02B7  00F4               	movwf	??___xxtofl
  3543  02B8  0874               	movf	??___xxtofl,w
  3544  02B9  07F9               	addwf	___xxtofl@exp,f
  3545  02BA                     l1681:
  3546  02BA  3001               	movlw	1
  3547  02BB  07FA               	addwf	___xxtofl@arg,f
  3548  02BC  3000               	movlw	0
  3549  02BD  1803               	skipnc
  3550  02BE  3001               	movlw	1
  3551  02BF  07FB               	addwf	___xxtofl@arg+1,f
  3552  02C0  3000               	movlw	0
  3553  02C1  1803               	skipnc
  3554  02C2  3001               	movlw	1
  3555  02C3  07FC               	addwf	___xxtofl@arg+2,f
  3556  02C4  3000               	movlw	0
  3557  02C5  1803               	skipnc
  3558  02C6  3001               	movlw	1
  3559  02C7  07FD               	addwf	___xxtofl@arg+3,f
  3560  02C8                     l1683:
  3561  02C8  3001               	movlw	1
  3562  02C9                     u1455:
  3563  02C9  1003               	clrc
  3564  02CA  0CFD               	rrf	___xxtofl@arg+3,f
  3565  02CB  0CFC               	rrf	___xxtofl@arg+2,f
  3566  02CC  0CFB               	rrf	___xxtofl@arg+1,f
  3567  02CD  0CFA               	rrf	___xxtofl@arg,f
  3568  02CE  3EFF               	addlw	-1
  3569  02CF  1D03               	skipz
  3570  02D0  2AC9               	goto	u1455
  3571  02D1                     l790:
  3572  02D1  30FF               	movlw	255
  3573  02D2  057D               	andwf	___xxtofl@arg+3,w
  3574  02D3  1D03               	btfss	3,2
  3575  02D4  2AD6               	goto	u1461
  3576  02D5  2AD7               	goto	u1460
  3577  02D6                     u1461:
  3578  02D6  2AB6               	goto	l1679
  3579  02D7                     u1460:
  3580  02D7  2AE3               	goto	l1687
  3581  02D8                     l1685:
  3582  02D8  3001               	movlw	1
  3583  02D9  02F9               	subwf	___xxtofl@exp,f
  3584  02DA  3001               	movlw	1
  3585  02DB  00F4               	movwf	??___xxtofl
  3586  02DC                     u1475:
  3587  02DC  1003               	clrc
  3588  02DD  0DFA               	rlf	___xxtofl@arg,f
  3589  02DE  0DFB               	rlf	___xxtofl@arg+1,f
  3590  02DF  0DFC               	rlf	___xxtofl@arg+2,f
  3591  02E0  0DFD               	rlf	___xxtofl@arg+3,f
  3592  02E1  0BF4               	decfsz	??___xxtofl,f
  3593  02E2  2ADC               	goto	u1475
  3594  02E3                     l1687:
  3595  02E3  1BFC               	btfsc	___xxtofl@arg+2,7
  3596  02E4  2AE6               	goto	u1481
  3597  02E5  2AE7               	goto	u1480
  3598  02E6                     u1481:
  3599  02E6  2AED               	goto	l797
  3600  02E7                     u1480:
  3601  02E7                     l1689:
  3602  02E7  3002               	movlw	2
  3603  02E8  0279               	subwf	___xxtofl@exp,w
  3604  02E9  1803               	skipnc
  3605  02EA  2AEC               	goto	u1491
  3606  02EB  2AED               	goto	u1490
  3607  02EC                     u1491:
  3608  02EC  2AD8               	goto	l1685
  3609  02ED                     u1490:
  3610  02ED                     l797:
  3611  02ED  1879               	btfsc	___xxtofl@exp,0
  3612  02EE  2AF0               	goto	u1501
  3613  02EF  2AF1               	goto	u1500
  3614  02F0                     u1501:
  3615  02F0  2AF9               	goto	l798
  3616  02F1                     u1500:
  3617  02F1                     l1691:
  3618  02F1  30FF               	movlw	255
  3619  02F2  05FA               	andwf	___xxtofl@arg,f
  3620  02F3  30FF               	movlw	255
  3621  02F4  05FB               	andwf	___xxtofl@arg+1,f
  3622  02F5  307F               	movlw	127
  3623  02F6  05FC               	andwf	___xxtofl@arg+2,f
  3624  02F7  30FF               	movlw	255
  3625  02F8  05FD               	andwf	___xxtofl@arg+3,f
  3626  02F9                     l798:
  3627  02F9  1003               	clrc
  3628  02FA  0CF9               	rrf	___xxtofl@exp,f
  3629  02FB                     l1693:
  3630  02FB  0879               	movf	___xxtofl@exp,w
  3631  02FC  00F4               	movwf	??___xxtofl
  3632  02FD  01F5               	clrf	??___xxtofl+1
  3633  02FE  01F6               	clrf	??___xxtofl+2
  3634  02FF  01F7               	clrf	??___xxtofl+3
  3635  0300  3018               	movlw	24
  3636  0301                     u1515:
  3637  0301  1003               	clrc
  3638  0302  0DF4               	rlf	??___xxtofl,f
  3639  0303  0DF5               	rlf	??___xxtofl+1,f
  3640  0304  0DF6               	rlf	??___xxtofl+2,f
  3641  0305  0DF7               	rlf	??___xxtofl+3,f
  3642  0306                     u1510:
  3643  0306  3EFF               	addlw	-1
  3644  0307  1D03               	skipz
  3645  0308  2B01               	goto	u1515
  3646  0309  0874               	movf	??___xxtofl,w
  3647  030A  04FA               	iorwf	___xxtofl@arg,f
  3648  030B  0875               	movf	??___xxtofl+1,w
  3649  030C  04FB               	iorwf	___xxtofl@arg+1,f
  3650  030D  0876               	movf	??___xxtofl+2,w
  3651  030E  04FC               	iorwf	___xxtofl@arg+2,f
  3652  030F  0877               	movf	??___xxtofl+3,w
  3653  0310  04FD               	iorwf	___xxtofl@arg+3,f
  3654  0311                     l1695:
  3655  0311  0878               	movf	___xxtofl@sign,w
  3656  0312  1903               	btfsc	3,2
  3657  0313  2B15               	goto	u1521
  3658  0314  2B16               	goto	u1520
  3659  0315                     u1521:
  3660  0315  2B1B               	goto	l1701
  3661  0316                     u1520:
  3662  0316                     l1697:
  3663  0316  1FF3               	btfss	___xxtofl@val+3,7
  3664  0317  2B19               	goto	u1531
  3665  0318  2B1A               	goto	u1530
  3666  0319                     u1531:
  3667  0319  2B1B               	goto	l1701
  3668  031A                     u1530:
  3669  031A                     l1699:
  3670  031A  17FD               	bsf	___xxtofl@arg+3,7
  3671  031B                     l1701:
  3672  031B  087D               	movf	___xxtofl@arg+3,w
  3673  031C  00F3               	movwf	?___xxtofl+3
  3674  031D  087C               	movf	___xxtofl@arg+2,w
  3675  031E  00F2               	movwf	?___xxtofl+2
  3676  031F  087B               	movf	___xxtofl@arg+1,w
  3677  0320  00F1               	movwf	?___xxtofl+1
  3678  0321  087A               	movf	___xxtofl@arg,w
  3679  0322  00F0               	movwf	?___xxtofl
  3680  0323                     l786:
  3681  0323  0008               	return
  3682  0324                     __end_of___xxtofl:
  3683                           
  3684                           	psect	text14
  3685  01C6                     __ptext14:	
  3686 ;; *************** function ___flge *****************
  3687 ;; Defined at:
  3688 ;;		line 4 in file "C:\Program Files\Microchip\xc8\v2.36\pic\sources\c90\common\flge.c"
  3689 ;; Parameters:    Size  Location     Type
  3690 ;;  ff1             4    0[BANK0 ] unsigned char 
  3691 ;;  ff2             4    4[BANK0 ] unsigned char 
  3692 ;; Auto vars:     Size  Location     Type
  3693 ;;		None
  3694 ;; Return value:  Size  Location     Type
  3695 ;;		None               void
  3696 ;; Registers used:
  3697 ;;		wreg, status,2, status,0
  3698 ;; Tracked objects:
  3699 ;;		On entry : 0/0
  3700 ;;		On exit  : 0/0
  3701 ;;		Unchanged: 0/0
  3702 ;; Data sizes:     COMMON   BANK0   BANK1   BANK3   BANK2
  3703 ;;      Params:         0       8       0       0       0
  3704 ;;      Locals:         0       0       0       0       0
  3705 ;;      Temps:          0       4       0       0       0
  3706 ;;      Totals:         0      12       0       0       0
  3707 ;;Total ram usage:       12 bytes
  3708 ;; Hardware stack levels used: 1
  3709 ;; This function calls:
  3710 ;;		Nothing
  3711 ;; This function is called by:
  3712 ;;		_ADC
  3713 ;; This function uses a non-reentrant model
  3714 ;;
  3715                           
  3716  01C6                     ___flge:	
  3717                           ;psect for function ___flge
  3718                           
  3719  01C6                     l1641:	
  3720                           ;incstack = 0
  3721                           ; Regs used in ___flge: [wreg+status,2+status,0]
  3722                           
  3723  01C6  3000               	movlw	0
  3724  01C7  1283               	bcf	3,5	;RP0=0, select bank0
  3725  01C8  1303               	bcf	3,6	;RP1=0, select bank0
  3726  01C9  0520               	andwf	___flge@ff1,w
  3727  01CA  00A8               	movwf	??___flge
  3728  01CB  3000               	movlw	0
  3729  01CC  0521               	andwf	___flge@ff1+1,w
  3730  01CD  00A9               	movwf	??___flge+1
  3731  01CE  3080               	movlw	128
  3732  01CF  0522               	andwf	___flge@ff1+2,w
  3733  01D0  00AA               	movwf	??___flge+2
  3734  01D1  307F               	movlw	127
  3735  01D2  0523               	andwf	___flge@ff1+3,w
  3736  01D3  00AB               	movwf	??___flge+3
  3737  01D4  082B               	movf	??___flge+3,w
  3738  01D5  042A               	iorwf	??___flge+2,w
  3739  01D6  0429               	iorwf	??___flge+1,w
  3740  01D7  0428               	iorwf	??___flge,w
  3741  01D8  1D03               	skipz
  3742  01D9  29DB               	goto	u1331
  3743  01DA  29DC               	goto	u1330
  3744  01DB                     u1331:
  3745  01DB  29E4               	goto	l525
  3746  01DC                     u1330:
  3747  01DC                     l1643:
  3748  01DC  3000               	movlw	0
  3749  01DD  00A3               	movwf	___flge@ff1+3
  3750  01DE  3000               	movlw	0
  3751  01DF  00A2               	movwf	___flge@ff1+2
  3752  01E0  3000               	movlw	0
  3753  01E1  00A1               	movwf	___flge@ff1+1
  3754  01E2  3000               	movlw	0
  3755  01E3  00A0               	movwf	___flge@ff1
  3756  01E4                     l525:
  3757  01E4  3000               	movlw	0
  3758  01E5  0524               	andwf	___flge@ff2,w
  3759  01E6  00A8               	movwf	??___flge
  3760  01E7  3000               	movlw	0
  3761  01E8  0525               	andwf	___flge@ff2+1,w
  3762  01E9  00A9               	movwf	??___flge+1
  3763  01EA  3080               	movlw	128
  3764  01EB  0526               	andwf	___flge@ff2+2,w
  3765  01EC  00AA               	movwf	??___flge+2
  3766  01ED  307F               	movlw	127
  3767  01EE  0527               	andwf	___flge@ff2+3,w
  3768  01EF  00AB               	movwf	??___flge+3
  3769  01F0  082B               	movf	??___flge+3,w
  3770  01F1  042A               	iorwf	??___flge+2,w
  3771  01F2  0429               	iorwf	??___flge+1,w
  3772  01F3  0428               	iorwf	??___flge,w
  3773  01F4  1D03               	skipz
  3774  01F5  29F7               	goto	u1341
  3775  01F6  29F8               	goto	u1340
  3776  01F7                     u1341:
  3777  01F7  2A00               	goto	l1647
  3778  01F8                     u1340:
  3779  01F8                     l1645:
  3780  01F8  3000               	movlw	0
  3781  01F9  00A7               	movwf	___flge@ff2+3
  3782  01FA  3000               	movlw	0
  3783  01FB  00A6               	movwf	___flge@ff2+2
  3784  01FC  3000               	movlw	0
  3785  01FD  00A5               	movwf	___flge@ff2+1
  3786  01FE  3000               	movlw	0
  3787  01FF  00A4               	movwf	___flge@ff2
  3788  0200                     l1647:
  3789  0200  1FA3               	btfss	___flge@ff1+3,7
  3790  0201  2A03               	goto	u1351
  3791  0202  2A04               	goto	u1350
  3792  0203                     u1351:
  3793  0203  2A28               	goto	l1651
  3794  0204                     u1350:
  3795  0204                     l1649:
  3796  0204  3000               	movlw	0
  3797  0205  00A8               	movwf	??___flge
  3798  0206  3000               	movlw	0
  3799  0207  00A9               	movwf	??___flge+1
  3800  0208  3000               	movlw	0
  3801  0209  00AA               	movwf	??___flge+2
  3802  020A  3080               	movlw	128
  3803  020B  00AB               	movwf	??___flge+3
  3804  020C  0820               	movf	___flge@ff1,w
  3805  020D  02A8               	subwf	??___flge,f
  3806  020E  0821               	movf	___flge@ff1+1,w
  3807  020F  1C03               	skipc
  3808  0210  0F21               	incfsz	___flge@ff1+1,w
  3809  0211  2A13               	goto	u1361
  3810  0212  2A14               	goto	u1362
  3811  0213                     u1361:
  3812  0213  02A9               	subwf	??___flge+1,f
  3813  0214                     u1362:
  3814  0214  0822               	movf	___flge@ff1+2,w
  3815  0215  1C03               	skipc
  3816  0216  0F22               	incfsz	___flge@ff1+2,w
  3817  0217  2A19               	goto	u1363
  3818  0218  2A1A               	goto	u1364
  3819  0219                     u1363:
  3820  0219  02AA               	subwf	??___flge+2,f
  3821  021A                     u1364:
  3822  021A  0823               	movf	___flge@ff1+3,w
  3823  021B  1C03               	skipc
  3824  021C  0F23               	incfsz	___flge@ff1+3,w
  3825  021D  2A1F               	goto	u1365
  3826  021E  2A20               	goto	u1366
  3827  021F                     u1365:
  3828  021F  02AB               	subwf	??___flge+3,f
  3829  0220                     u1366:
  3830  0220  082B               	movf	??___flge+3,w
  3831  0221  00A3               	movwf	___flge@ff1+3
  3832  0222  082A               	movf	??___flge+2,w
  3833  0223  00A2               	movwf	___flge@ff1+2
  3834  0224  0829               	movf	??___flge+1,w
  3835  0225  00A1               	movwf	___flge@ff1+1
  3836  0226  0828               	movf	??___flge,w
  3837  0227  00A0               	movwf	___flge@ff1
  3838  0228                     l1651:
  3839  0228  1FA7               	btfss	___flge@ff2+3,7
  3840  0229  2A2B               	goto	u1371
  3841  022A  2A2C               	goto	u1370
  3842  022B                     u1371:
  3843  022B  2A50               	goto	l528
  3844  022C                     u1370:
  3845  022C                     l1653:
  3846  022C  3000               	movlw	0
  3847  022D  00A8               	movwf	??___flge
  3848  022E  3000               	movlw	0
  3849  022F  00A9               	movwf	??___flge+1
  3850  0230  3000               	movlw	0
  3851  0231  00AA               	movwf	??___flge+2
  3852  0232  3080               	movlw	128
  3853  0233  00AB               	movwf	??___flge+3
  3854  0234  0824               	movf	___flge@ff2,w
  3855  0235  02A8               	subwf	??___flge,f
  3856  0236  0825               	movf	___flge@ff2+1,w
  3857  0237  1C03               	skipc
  3858  0238  0F25               	incfsz	___flge@ff2+1,w
  3859  0239  2A3B               	goto	u1381
  3860  023A  2A3C               	goto	u1382
  3861  023B                     u1381:
  3862  023B  02A9               	subwf	??___flge+1,f
  3863  023C                     u1382:
  3864  023C  0826               	movf	___flge@ff2+2,w
  3865  023D  1C03               	skipc
  3866  023E  0F26               	incfsz	___flge@ff2+2,w
  3867  023F  2A41               	goto	u1383
  3868  0240  2A42               	goto	u1384
  3869  0241                     u1383:
  3870  0241  02AA               	subwf	??___flge+2,f
  3871  0242                     u1384:
  3872  0242  0827               	movf	___flge@ff2+3,w
  3873  0243  1C03               	skipc
  3874  0244  0F27               	incfsz	___flge@ff2+3,w
  3875  0245  2A47               	goto	u1385
  3876  0246  2A48               	goto	u1386
  3877  0247                     u1385:
  3878  0247  02AB               	subwf	??___flge+3,f
  3879  0248                     u1386:
  3880  0248  082B               	movf	??___flge+3,w
  3881  0249  00A7               	movwf	___flge@ff2+3
  3882  024A  082A               	movf	??___flge+2,w
  3883  024B  00A6               	movwf	___flge@ff2+2
  3884  024C  0829               	movf	??___flge+1,w
  3885  024D  00A5               	movwf	___flge@ff2+1
  3886  024E  0828               	movf	??___flge,w
  3887  024F  00A4               	movwf	___flge@ff2
  3888  0250                     l528:
  3889  0250  3080               	movlw	128
  3890  0251  06A3               	xorwf	___flge@ff1+3,f
  3891  0252  3080               	movlw	128
  3892  0253  06A7               	xorwf	___flge@ff2+3,f
  3893  0254  0827               	movf	___flge@ff2+3,w
  3894  0255  0223               	subwf	___flge@ff1+3,w
  3895  0256  1D03               	skipz
  3896  0257  2A62               	goto	u1395
  3897  0258  0826               	movf	___flge@ff2+2,w
  3898  0259  0222               	subwf	___flge@ff1+2,w
  3899  025A  1D03               	skipz
  3900  025B  2A62               	goto	u1395
  3901  025C  0825               	movf	___flge@ff2+1,w
  3902  025D  0221               	subwf	___flge@ff1+1,w
  3903  025E  1D03               	skipz
  3904  025F  2A62               	goto	u1395
  3905  0260  0824               	movf	___flge@ff2,w
  3906  0261  0220               	subwf	___flge@ff1,w
  3907  0262                     u1395:
  3908  0262  1803               	skipnc
  3909  0263  2A65               	goto	u1391
  3910  0264  2A66               	goto	u1390
  3911  0265                     u1391:
  3912  0265  2A68               	goto	l1657
  3913  0266                     u1390:
  3914  0266                     l1655:
  3915  0266  1003               	clrc
  3916  0267  2A69               	goto	l529
  3917  0268                     l1657:
  3918  0268  1403               	setc
  3919  0269                     l529:
  3920  0269  0008               	return
  3921  026A                     __end_of___flge:
  3922                           
  3923                           	psect	text15
  3924  0072                     __ptext15:	
  3925 ;; *************** function _UART_Init *****************
  3926 ;; Defined at:
  3927 ;;		line 46 in file "Probador1.c"
  3928 ;; Parameters:    Size  Location     Type
  3929 ;;		None
  3930 ;; Auto vars:     Size  Location     Type
  3931 ;;		None
  3932 ;; Return value:  Size  Location     Type
  3933 ;;                  1    wreg      void 
  3934 ;; Registers used:
  3935 ;;		wreg
  3936 ;; Tracked objects:
  3937 ;;		On entry : 0/0
  3938 ;;		On exit  : 0/0
  3939 ;;		Unchanged: 0/0
  3940 ;; Data sizes:     COMMON   BANK0   BANK1   BANK3   BANK2
  3941 ;;      Params:         0       0       0       0       0
  3942 ;;      Locals:         0       0       0       0       0
  3943 ;;      Temps:          0       0       0       0       0
  3944 ;;      Totals:         0       0       0       0       0
  3945 ;;Total ram usage:        0 bytes
  3946 ;; Hardware stack levels used: 1
  3947 ;; This function calls:
  3948 ;;		Nothing
  3949 ;; This function is called by:
  3950 ;;		_ADC
  3951 ;; This function uses a non-reentrant model
  3952 ;;
  3953                           
  3954  0072                     _UART_Init:	
  3955                           ;psect for function _UART_Init
  3956                           
  3957  0072                     l1545:	
  3958                           ;incstack = 0
  3959                           ; Regs used in _UART_Init: [wreg]
  3960                           
  3961                           
  3962                           ;Probador1.c: 47:     TXSTAbits.BRGH = 1;
  3963  0072  1683               	bsf	3,5	;RP0=1, select bank1
  3964  0073  1303               	bcf	3,6	;RP1=0, select bank1
  3965  0074  1518               	bsf	24,2	;volatile
  3966  0075                     l1547:
  3967                           
  3968                           ;Probador1.c: 48:     SPBRG = 25;
  3969  0075  3019               	movlw	25
  3970  0076  0099               	movwf	25	;volatile
  3971  0077                     l1549:
  3972                           
  3973                           ;Probador1.c: 49:     RCSTAbits.SPEN = 1;
  3974  0077  1283               	bcf	3,5	;RP0=0, select bank0
  3975  0078  1303               	bcf	3,6	;RP1=0, select bank0
  3976  0079  1798               	bsf	24,7	;volatile
  3977  007A                     l1551:
  3978                           
  3979                           ;Probador1.c: 50:     TXSTAbits.TXEN = 1;
  3980  007A  1683               	bsf	3,5	;RP0=1, select bank1
  3981  007B  1303               	bcf	3,6	;RP1=0, select bank1
  3982  007C  1698               	bsf	24,5	;volatile
  3983  007D                     l1553:
  3984                           
  3985                           ;Probador1.c: 51:     RCSTAbits.CREN = 1;
  3986  007D  1283               	bcf	3,5	;RP0=0, select bank0
  3987  007E  1303               	bcf	3,6	;RP1=0, select bank0
  3988  007F  1618               	bsf	24,4	;volatile
  3989  0080                     l79:
  3990  0080  0008               	return
  3991  0081                     __end_of_UART_Init:
  3992                           
  3993                           	psect	text16
  3994  00B7                     __ptext16:	
  3995 ;; *************** function _ADC_Read *****************
  3996 ;; Defined at:
  3997 ;;		line 70 in file "Probador1.c"
  3998 ;; Parameters:    Size  Location     Type
  3999 ;;  channel         1    wreg     unsigned char 
  4000 ;; Auto vars:     Size  Location     Type
  4001 ;;  channel         1    4[COMMON] unsigned char 
  4002 ;; Return value:  Size  Location     Type
  4003 ;;                  2    0[COMMON] unsigned int 
  4004 ;; Registers used:
  4005 ;;		wreg, status,2, status,0
  4006 ;; Tracked objects:
  4007 ;;		On entry : 0/0
  4008 ;;		On exit  : 0/0
  4009 ;;		Unchanged: 0/0
  4010 ;; Data sizes:     COMMON   BANK0   BANK1   BANK3   BANK2
  4011 ;;      Params:         2       0       0       0       0
  4012 ;;      Locals:         1       0       0       0       0
  4013 ;;      Temps:          2       0       0       0       0
  4014 ;;      Totals:         5       0       0       0       0
  4015 ;;Total ram usage:        5 bytes
  4016 ;; Hardware stack levels used: 1
  4017 ;; This function calls:
  4018 ;;		Nothing
  4019 ;; This function is called by:
  4020 ;;		_ADC
  4021 ;; This function uses a non-reentrant model
  4022 ;;
  4023                           
  4024  00B7                     _ADC_Read:	
  4025                           ;psect for function _ADC_Read
  4026                           
  4027                           
  4028                           ;incstack = 0
  4029                           ; Regs used in _ADC_Read: [wreg+status,2+status,0]
  4030                           ;ADC_Read@channel stored from wreg
  4031  00B7  00F4               	movwf	ADC_Read@channel
  4032  00B8                     l1557:
  4033                           
  4034                           ;Probador1.c: 71:     ADCON0 &= 0x11000101;
  4035  00B8  3001               	movlw	1
  4036  00B9  00F2               	movwf	??_ADC_Read
  4037  00BA  0872               	movf	??_ADC_Read,w
  4038  00BB  1283               	bcf	3,5	;RP0=0, select bank0
  4039  00BC  1303               	bcf	3,6	;RP1=0, select bank0
  4040  00BD  059F               	andwf	31,f	;volatile
  4041                           
  4042                           ;Probador1.c: 72:     ADCON0 |= channel <<3;
  4043  00BE  0874               	movf	ADC_Read@channel,w	;volatile
  4044  00BF  00F2               	movwf	??_ADC_Read
  4045  00C0  3002               	movlw	2
  4046  00C1                     u1215:
  4047  00C1  1003               	clrc
  4048  00C2  0DF2               	rlf	??_ADC_Read,f
  4049  00C3  3EFF               	addlw	-1
  4050  00C4  1D03               	skipz
  4051  00C5  28C1               	goto	u1215
  4052  00C6  1003               	clrc
  4053  00C7  0D72               	rlf	??_ADC_Read,w
  4054  00C8  00F3               	movwf	??_ADC_Read+1
  4055  00C9  0873               	movf	??_ADC_Read+1,w
  4056  00CA  049F               	iorwf	31,f	;volatile
  4057  00CB                     l1559:
  4058                           
  4059                           ;Probador1.c: 73:     _delay((unsigned long)((2)*(8000000UL/4000.0)));
  4060  00CB  3006               	movlw	6
  4061  00CC  00F3               	movwf	??_ADC_Read+1
  4062  00CD  3030               	movlw	48
  4063  00CE  00F2               	movwf	??_ADC_Read
  4064  00CF                     u2277:
  4065  00CF  0BF2               	decfsz	??_ADC_Read,f
  4066  00D0  28CF               	goto	u2277
  4067  00D1  0BF3               	decfsz	??_ADC_Read+1,f
  4068  00D2  28CF               	goto	u2277
  4069  00D3  0000               	nop
  4070  00D4                     l1561:
  4071                           
  4072                           ;Probador1.c: 74:     GO_nDONE = 1;
  4073  00D4  1283               	bcf	3,5	;RP0=0, select bank0
  4074  00D5  1303               	bcf	3,6	;RP1=0, select bank0
  4075  00D6  151F               	bsf	31,2	;volatile
  4076  00D7                     l94:	
  4077                           ;Probador1.c: 75:     while(GO_nDONE);
  4078                           
  4079  00D7  191F               	btfsc	31,2	;volatile
  4080  00D8  28DA               	goto	u1221
  4081  00D9  28DB               	goto	u1220
  4082  00DA                     u1221:
  4083  00DA  28D7               	goto	l94
  4084  00DB                     u1220:
  4085  00DB                     l1563:
  4086                           
  4087                           ;Probador1.c: 76:     return ((ADRESH << 8) + ADRESL);
  4088  00DB  081E               	movf	30,w	;volatile
  4089  00DC  00F1               	movwf	?_ADC_Read+1
  4090  00DD  1683               	bsf	3,5	;RP0=1, select bank1
  4091  00DE  1303               	bcf	3,6	;RP1=0, select bank1
  4092  00DF  081E               	movf	30,w	;volatile
  4093  00E0  00F0               	movwf	?_ADC_Read
  4094  00E1                     l97:
  4095  00E1  0008               	return
  4096  00E2                     __end_of_ADC_Read:
  4097                           
  4098                           	psect	text17
  4099  0090                     __ptext17:	
  4100 ;; *************** function _ADC_Init *****************
  4101 ;; Defined at:
  4102 ;;		line 64 in file "Probador1.c"
  4103 ;; Parameters:    Size  Location     Type
  4104 ;;		None
  4105 ;; Auto vars:     Size  Location     Type
  4106 ;;		None
  4107 ;; Return value:  Size  Location     Type
  4108 ;;                  1    wreg      void 
  4109 ;; Registers used:
  4110 ;;		wreg
  4111 ;; Tracked objects:
  4112 ;;		On entry : 0/0
  4113 ;;		On exit  : 0/0
  4114 ;;		Unchanged: 0/0
  4115 ;; Data sizes:     COMMON   BANK0   BANK1   BANK3   BANK2
  4116 ;;      Params:         0       0       0       0       0
  4117 ;;      Locals:         0       0       0       0       0
  4118 ;;      Temps:          2       0       0       0       0
  4119 ;;      Totals:         2       0       0       0       0
  4120 ;;Total ram usage:        2 bytes
  4121 ;; Hardware stack levels used: 1
  4122 ;; This function calls:
  4123 ;;		Nothing
  4124 ;; This function is called by:
  4125 ;;		_ADC
  4126 ;; This function uses a non-reentrant model
  4127 ;;
  4128                           
  4129  0090                     _ADC_Init:	
  4130                           ;psect for function _ADC_Init
  4131                           
  4132  0090                     l1555:	
  4133                           ;incstack = 0
  4134                           ; Regs used in _ADC_Init: [wreg]
  4135                           
  4136                           
  4137                           ;Probador1.c: 65:     ADCON1 = 0b11000000;
  4138  0090  30C0               	movlw	192
  4139  0091  1683               	bsf	3,5	;RP0=1, select bank1
  4140  0092  1303               	bcf	3,6	;RP1=0, select bank1
  4141  0093  009F               	movwf	31	;volatile
  4142                           
  4143                           ;Probador1.c: 66:     ADCON0 = 0b00001001;
  4144  0094  3009               	movlw	9
  4145  0095  1283               	bcf	3,5	;RP0=0, select bank0
  4146  0096  1303               	bcf	3,6	;RP1=0, select bank0
  4147  0097  009F               	movwf	31	;volatile
  4148                           
  4149                           ;Probador1.c: 67:     _delay((unsigned long)((10)*(8000000UL/4000.0)));
  4150  0098  301A               	movlw	26
  4151  0099  00F1               	movwf	??_ADC_Init+1
  4152  009A  30F8               	movlw	248
  4153  009B  00F0               	movwf	??_ADC_Init
  4154  009C                     u2287:
  4155  009C  0BF0               	decfsz	??_ADC_Init,f
  4156  009D  289C               	goto	u2287
  4157  009E  0BF1               	decfsz	??_ADC_Init+1,f
  4158  009F  289C               	goto	u2287
  4159  00A0  0000               	nop
  4160  00A1                     l91:
  4161  00A1  0008               	return
  4162  00A2                     __end_of_ADC_Init:
  4163  007E                     btemp	set	126	;btemp
  4164  007E                     wtemp0	set	126
  4165                           
  4166                           	psect	idloc
  4167                           
  4168                           ;Config register IDLOC0 @ 0x2000
  4169                           ;	unspecified, using default values
  4170  2000                     	org	8192
  4171  2000  3FFF               	dw	16383
  4172                           
  4173                           ;Config register IDLOC1 @ 0x2001
  4174                           ;	unspecified, using default values
  4175  2001                     	org	8193
  4176  2001  3FFF               	dw	16383
  4177                           
  4178                           ;Config register IDLOC2 @ 0x2002
  4179                           ;	unspecified, using default values
  4180  2002                     	org	8194
  4181  2002  3FFF               	dw	16383
  4182                           
  4183                           ;Config register IDLOC3 @ 0x2003
  4184                           ;	unspecified, using default values
  4185  2003                     	org	8195
  4186  2003  3FFF               	dw	16383
  4187                           
  4188                           	psect	config
  4189                           
  4190                           ;Config register CONFIG @ 0x2007
  4191                           ;	Oscillator Selection bits
  4192                           ;	FOSC = HS, HS oscillator
  4193                           ;	Watchdog Timer Enable bit
  4194                           ;	WDTE = OFF, WDT disabled
  4195                           ;	Power-up Timer Enable bit
  4196                           ;	PWRTE = OFF, PWRT disabled
  4197                           ;	FLASH Program Memory Code Protection bits
  4198                           ;	CP = OFF, Code protection off
  4199                           ;	Brown-out Reset Enable bit
  4200                           ;	BOREN = ON, BOR enabled
  4201                           ;	Low Voltage In-Circuit Serial Programming Enable bit
  4202                           ;	LVP = OFF, RB3 is digital I/O, HV on MCLR must be used for programming
  4203                           ;	Data EE Memory Code Protection
  4204                           ;	CPD = OFF, Code Protection off
  4205                           ;	FLASH Program Memory Write Enable
  4206                           ;	WRT = OFF, Unprotected program memory may not be written to by EECON control
  4207                           ;	In-Circuit Debugger Mode bit
  4208                           ;	DEBUG = 0x1, unprogrammed default
  4209  2007                     	org	8199
  4210  2007  3D7A               	dw	15738

Data Sizes:
    Strings     18
    Constant    10
    Data        1
    BSS         7
    Persistent  1
    Stack       0

Auto Spaces:
    Space          Size  Autos    Used
    COMMON           14     14      14
    BANK0            80     27      36
    BANK1            80      0       0
    BANK3            96      0       0
    BANK2            96      0       0

Pointer List with Targets:

    printf@f	PTR const unsigned char  size(1) Largest target is 11
		 -> STR_2(CODE[11]), STR_1(CODE[7]), 

    printf@ap	PTR void [1] size(1) Largest target is 2
		 -> ?_printf(BANK0[2]), 


Critical Paths under _main in COMMON

    _Prueba_sal->_salidas
    _ADC->___xxtofl
    _printf->___lwmod
    _putch->_UART_Write
    ___lwmod->___lwdiv
    ___flge->___xxtofl

Critical Paths under _main in BANK0

    _main->_ADC
    _ADC->___flge
    _ADC->_printf

Critical Paths under _main in BANK1

    None.

Critical Paths under _main in BANK3

    None.

Critical Paths under _main in BANK2

    None.

Call Graph Tables:

 ---------------------------------------------------------------------------------
 (Depth) Function   	        Calls       Base Space   Used Autos Params    Refs
 ---------------------------------------------------------------------------------
 (0) _main                                                 9     9      0    2755
                                             19 BANK0      8     8      0
                                _ADC
                         _Prueba_sal
                       _port_conf_r1
                       _port_conf_r2
                          _porte_ent
                          _porte_sal
 ---------------------------------------------------------------------------------
 (1) _porte_sal                                            0     0      0       0
 ---------------------------------------------------------------------------------
 (1) _porte_ent                                            0     0      0       0
 ---------------------------------------------------------------------------------
 (1) _port_conf_r2                                         0     0      0       0
 ---------------------------------------------------------------------------------
 (1) _port_conf_r1                                         0     0      0       0
 ---------------------------------------------------------------------------------
 (1) _Prueba_sal                                           2     2      0     156
                                              4 COMMON     2     2      0
                            _salidas
 ---------------------------------------------------------------------------------
 (2) _salidas                                              4     4      0     110
                                              0 COMMON     4     4      0
 ---------------------------------------------------------------------------------
 (1) _ADC                                                  7     7      0    2434
                                             12 BANK0      7     7      0
                           _ADC_Init
                           _ADC_Read
                          _UART_Init
                             ___flge
                           ___xxtofl
                             _printf
 ---------------------------------------------------------------------------------
 (2) _printf                                              20    18      2    1054
                                              0 BANK0     12    10      2
                            ___lwdiv
                            ___lwmod
                              _putch
 ---------------------------------------------------------------------------------
 (3) _putch                                                1     1      0      44
                                              1 COMMON     1     1      0
                         _UART_Write
 ---------------------------------------------------------------------------------
 (4) _UART_Write                                           1     1      0      22
                                              0 COMMON     1     1      0
 ---------------------------------------------------------------------------------
 (3) ___lwmod                                              6     2      4     311
                                              8 COMMON     6     2      4
                            ___lwdiv (ARG)
 ---------------------------------------------------------------------------------
 (3) ___lwdiv                                              8     4      4     314
                                              0 COMMON     8     4      4
 ---------------------------------------------------------------------------------
 (2) ___xxtofl                                            14    10      4     474
                                              0 COMMON    14    10      4
 ---------------------------------------------------------------------------------
 (2) ___flge                                              12     4      8     486
                                              0 BANK0     12     4      8
                           ___xxtofl (ARG)
 ---------------------------------------------------------------------------------
 (2) _UART_Init                                            0     0      0       0
 ---------------------------------------------------------------------------------
 (2) _ADC_Read                                             5     3      2      22
                                              0 COMMON     5     3      2
 ---------------------------------------------------------------------------------
 (2) _ADC_Init                                             2     2      0       0
                                              0 COMMON     2     2      0
 ---------------------------------------------------------------------------------
 Estimated maximum stack depth 4
 ---------------------------------------------------------------------------------

 Call Graph Graphs:

 _main (ROOT)
   _ADC
     _ADC_Init
     _ADC_Read
     _UART_Init
     ___flge
       ___xxtofl (ARG)
     ___xxtofl
     _printf
       ___lwdiv
       ___lwmod
         ___lwdiv (ARG)
       _putch
         _UART_Write
   _Prueba_sal
     _salidas
   _port_conf_r1
   _port_conf_r2
   _porte_ent
   _porte_sal

 Address spaces:
Name               Size   Autos  Total    Cost      Usage
BANK3               60      0       0       9        0.0%
BITBANK3            60      0       0       8        0.0%
SFR3                 0      0       0       4        0.0%
BITSFR3              0      0       0       4        0.0%
BANK2               60      0       0      11        0.0%
BITBANK2            60      0       0      10        0.0%
SFR2                 0      0       0       5        0.0%
BITSFR2              0      0       0       5        0.0%
BANK1               50      0       0       7        0.0%
BITBANK1            50      0       0       6        0.0%
SFR1                 0      0       0       2        0.0%
BITSFR1              0      0       0       2        0.0%
BANK0               50     1B      24       5       45.0%
BITBANK0            50      0       0       4        0.0%
SFR0                 0      0       0       1        0.0%
BITSFR0              0      0       0       1        0.0%
COMMON               E      E       E       1      100.0%
BITCOMMON            E      0       0       0        0.0%
CODE                 0      0       0       0        0.0%
DATA                 0      0      32      12        0.0%
ABS                  0      0      32       3        0.0%
NULL                 0      0       0       0        0.0%
STACK                0      0       0       2        0.0%
EEDATA             100      0       0       0        0.0%


Microchip Technology PIC Macro Assembler V2.36 build 20220127204148 
Symbol Table                                                                                   Mon Jul 14 15:36:47 2025

                      pc 0002                       l82 0059                       l91 00A1  
                     l85 0063                       l94 00D7                       l79 0080  
                     l88 0057                       l97 00E1                       _xx 003D  
                     fsr 0004                      l102 0447                      l110 0511  
                    l103 045B                      l104 046F                      l105 0483  
                    l106 0497                      l130 05A2                      l107 04AB  
                    l211 0071                      l108 04BF                      l220 004A  
                    l124 054D                      l116 052A                      l109 04D3  
                    l141 05B9                      l214 008F                      l119 052E  
                    l217 004F                      l226 00B6                      l162 067D  
                    l146 060F                      l171 06A7                      l155 0630  
                    l139 05C2                      l236 01C5                      l173 0695  
                    l157 0627                      _ADC 03E7                      l194 0770  
                    l178 06F4                      l347 03E6                      l187 0721  
                    l525 01E4                      l189 0715                      l623 015F  
                    l528 0250                      l529 0269                      l633 011B  
                    l790 02D1                      l784 028C                      l786 0323  
                    l797 02ED                      l798 02F9                      _RE0 0048  
                    _RE1 0049                      _RE2 004A                      fsr0 0004  
                    indf 0000                     ADC@i 002F                     ?_ADC 0070  
                   l2001 07A9                     l2011 07CF                     l2003 07AE  
                   l2013 07DD                     l2015 07E3                     l2007 07BC  
                   l2009 07CC                     l2017 07E9                     l1501 0124  
                   l1511 0147                     l1503 0127                     l1513 014D  
                   l1505 012E                     l1601 03C1                     l1515 014E  
                   l1507 0132                     l1531 00F6                     l1523 00E2  
                   l1603 03C7                     l1611 0161                     l1701 031B  
                   l1517 0155                     l1509 0136                     l1533 00FA  
                   l1525 00E8                     l1541 0117                     l1605 03D2  
                   l1621 0186                     l1613 0162                     l2085 077F  
                   l1551 007A                     l1519 015B                     l1535 0104  
                   l1527 00EB                     l1711 03FA                     l2087 01B4  
                   l1615 016D                     l1561 00D4                     l1553 007D  
                   l1545 0072                     l1641 01C6                     l1537 010A  
                   l1529 00F2                     l2089 0352                     l1721 0445  
                   l1705 03E7                     l1625 0192                     l1617 017A  
                   l1801 0551                     l1555 0090                     l1563 00DB  
                   l1547 0075                     l1651 0228                     l1643 01DC  
                   l1539 0111                     l1491 0059                     l1571 0332  
                   l1731 0478                     l1723 0450                     l1715 0424  
                   l1707 03F1                     l1635 01AA                     l1811 0561  
                   l1803 0553                     l1557 00B8                     l1549 0077  
                   l1653 022C                     l1645 01F8                     l1661 026B  
                   l1493 005F                     l1581 035A                     l1573 0339  
                   l1741 04A9                     l1733 0481                     l1725 0459  
                   l1717 0430                     l1709 03F4                     l1629 019E  
                   l1901 0675                     l1821 0579                     l1813 0563  
                   l1559 00CB                     l1655 0266                     l1647 0200  
                   l1663 0270                     l1495 0051                     l1591 0368  
                   l1583 0362                     l1575 033B                     l1567 0327  
                   l1751 04EA                     l1743 04B4                     l1735 048C  
                   l1727 0464                     l1719 043A                     l1903 0679  
                   l1823 0586                     l1815 0564                     l1807 0558  
                   l1657 0268                     l1649 0204                     l1681 02BA  
                   l1673 029D                     l1665 0274                     l1497 011C  
                   l1585 0366                     l1569 032C                     l1745 04BD  
                   l1737 0495                     l1729 046D                     l1761 008D  
                   l1753 0081                     l1921 06AD                     l1913 0699  
                   l1905 0684                     l1841 05BD                     l1833 05A8  
                   l1825 0595                     l1817 056A                     l1809 055D  
                   l1691 02F1                     l1683 02C8                     l1675 02A2  
                   l1667 0284                     l1499 011E                     l1595 0384  
                   l1579 0340                     l1747 04C8                     l1739 04A0  
                   l1771 00AA                     l1763 008E                     l1755 0087  
                   l1931 06C6                     l1923 06AF                     l1915 06A1  
                   l1907 0689                     l1851 05CC                     l1835 05AD  
                   l1819 056B                     l1827 0599                     l1693 02FB  
                   l1685 02D8                     l1677 02AF                     l1669 0294  
                   l1597 038E                     l1749 04D1                     l1773 00AE  
                   l1757 0089                     l1765 004B                     l1941 06F0  
                   l1933 06D3                     l1925 06B1                     l1909 068E  
                   l1861 05FD                     l1853 05D2                     l1845 05C4  
                   l1837 05B2                     l1829 059F                     l1781 0512  
                   l1695 0311                     l1687 02E3                     l1679 02B6  
                   l1599 0393                     l1767 00A2                     l1759 008C  
                   l1775 0064                     l1951 0710                     l1943 06FB  
                   l1935 06E2                     l1927 06B7                     l1919 06A9  
                   l1871 061B                     l1855 05D3                     l1863 0601  
                   l1847 05C8                     l1791 0531                     l1783 051C  
                   l1697 0316                     l1689 02E7                     l1769 00A4  
                   l1777 006E                     l1945 0700                     l1929 06B8  
                   l1937 06E6                     l1881 0632                     l1873 0620  
                   l1865 0607                     l1857 05E1                     l1849 05CA  
                   l1793 0536                     l1785 0522                     l1699 031A  
                   l1779 0047                     l1971 0731                     l1963 0723  
                   l1955 0719                     l1947 0705                     l1939 06EC  
                   l1891 0641                     l1883 0636                     l1867 060B  
                   l1859 05EE                     l1795 0540                     l1787 0524  
                   l1973 0732                     l1981 0760                     l1965 0727  
                   l1957 071A                     l1949 070A                     l1893 064F  
                   l1885 0638                     l1877 062B                     l1869 0616  
                   l1797 0545                     l1983 0766                     l1975 0740  
                   l1967 0729                     l1959 071C                     l1895 065C  
                   l1887 063A                     l1799 054B                     l1991 0777  
                   l1985 0767                     l1977 074D                     l1969 072B  
                   l1897 066B                     l1889 0640                     l1993 0790  
                   l1995 0798                     l1987 076B                     l1979 075C  
                   l1899 066F                     l1997 079D                     l1999 07A3  
                   STR_1 001E                     STR_2 0013                     u1100 0136  
                   u1101 0135                     u1120 0147                     u1200 0117  
                   u2000 06EC                     u1121 0146                     u1201 0116  
                   u2001 06EB                     u2010 06FA                     u1115 0137  
                   u2011 06F9                     u1220 00DB                     u1140 015B  
                   u2100 07A9                     u2020 0700                     u1221 00DA  
                   u1141 015A                     u1125 0143                     u2101 07A8  
                   u2021 06FF                     u1150 00E8                     u1070 005F  
                   u1230 0332                     u2110 07BB                     u2030 0710  
                   u1215 00C1                     u1135 014F                     u1151 00E7  
                   u1071 005E                     u1231 0331                     u2111 07BA  
                   u2031 070F                     u1400 0270                     u1080 0124  
                   u1240 0383                     u1304 018C                     u2120 07E9  
                   u2040 0719                     u1401 026F                     u1081 0123  
                   u1241 0382                     u1305 018A                     u2121 07E8  
                   u2041 0718                     u1330 01DC                     u1410 0274  
                   u1170 00FA                     u1250 038E                     u1314 0198  
                   u2050 0731                     u1331 01DB                     u1411 0273  
                   u1171 00F9                     u1251 038D                     u1315 0196  
                   u2051 0730                     u1340 01F8                     u1500 02F1  
                   u1420 0294                     u1180 0104                     u1260 03D2  
                   u1324 01A4                     u1341 01F7                     u1501 02F0  
                   u1421 0293                     u1181 0103                     u1165 00EC  
                   u1261 03D1                     u1245 037F                     u1325 01A2  
                   u1350 0204                     u1510 0306                     u1270 03E6  
                   u2070 0766                     u1351 0203                     u1095 0128  
                   u1271 03E5                     u2071 0765                     u2207 06CF  
                   u1520 0316                     u1440 02B5                     u1600 0478  
                   u2080 0776                     u2064 0755                     u1361 0213  
                   u1521 0315                     u1441 02B4                     u1185 0100  
                   u1601 0477                     u2081 0775                     u2065 0753  
                   u2217 073A                     u2137 0573                     u1370 022C  
                   u1362 0214                     u1530 031A                     u1610 0481  
                   u2090 0798                     u1371 022B                     u1363 0219  
                   u1531 0319                     u1515 0301                     u1435 02A7  
                   u1195 010B                     u1611 0480                     u2091 0797  
                   u2227 0749                     u2147 0582                     u1364 021A  
                   u1460 02D7                     u1700 0511                     u1620 048C  
                   u1540 0423                     u1284 0168                     u1381 023B  
                   u1365 021F                     u1461 02D6                     u1701 0510  
                   u1621 048B                     u1541 0422                     u1285 0166  
                   u2237 07C6                     u2157 05DB                     u1390 0266  
                   u1382 023C                     u1366 0220                     u1630 0495  
                   u1550 0445                     u1294 0180                     u1710 00B6  
                   u1391 0265                     u1383 0241                     u1455 02C9  
                   u1631 0494                     u1551 0444                     u1295 017E  
                   u1711 00B5                     u2247 07D7                     u2167 05EA  
                   u1384 0242                     u1480 02E7                     u1640 04A0  
                   u1560 0450                     u1800 05A7                     u1720 0529  
                   u1385 0247                     u1481 02E6                     u1641 049F  
                   u1561 044F                     u2257 0173                     u2177 0649  
                   u1801 05A6                     u1721 0528                     u1386 0248  
                   u1490 02ED                     u1650 04A9                     u1570 0459  
                   u1810 05AD                     u1730 052E                     u1395 0262  
                   u1491 02EC                     u1475 02DC                     u2267 04DB  
                   u1651 04A8                     u1571 0458                     u2187 0658  
                   u1811 05AC                     u1731 052D                     u1660 04B4  
                   u1580 0464                     u1900 062B                     u1820 05B8  
                   u1740 0536                     u2277 00CF                     u1661 04B3  
                   u1581 0463                     u2197 06C0                     u1901 062A  
                   u1821 05B7                     u1741 0535                     u1670 04BD  
                   u1590 046D                     u1910 0640                     u1830 05BD  
                   u1750 054B                     u2287 009C                     u1671 04BC  
                   u1591 046C                     u1911 063F                     u1831 05BC  
                   u1751 054A                     u1680 04C8                     u1840 05D2  
                   u1760 0551                     u1681 04C7                     u1841 05D1  
                   u1761 0550                     u1690 04D1                     u1930 0675  
                   u1770 056A                     u1691 04D0                     u1931 0674  
                   u1771 0569                     u1940 0683                     u1924 0664  
                   u1860 0607                     u1941 0682                     u1925 0662  
                   u1861 0606                     u1950 0689                     u1870 0615  
                   u1854 05F6                     u1790 059F                     u1951 0688  
                   u1871 0614                     u1855 05F4                     u1791 059E  
                   u1960 0694                     u1880 061B                     u1784 058E  
                   u1961 0693                     u1881 061A                     u1785 058C  
                   u1970 0699                     u1890 0626                     u1971 0698  
                   u1891 0625                     u1980 06B7                     u1981 06B6  
                   u1994 06DB                     u1995 06D9                     _caso 003C  
                   _main 0512                     _mask 003F                     btemp 007E  
       __end_of_ADC_Init 00A2         __end_of_ADC_Read 00E2                     start 0000  
                  ??_ADC 002C                    ?_main 0070          __end_of___lwdiv 0160  
        __end_of___lwmod 011C                    _SPBRG 0099                    _PORTA 0005  
                  _PORTB 0006                    _PORTC 0007                    _PORTD 0008  
                  _PORTE 0009                    _TRISA 0085                    _TRISB 0086  
                  _TRISC 0087                    _TRISD 0088                    _TRISE 0089  
                  _TXREG 0019              ?_UART_Write 0070                    _carro 003B  
        __end_of_dpowers 0013                    _putch 0050          __end_of_salidas 01C6  
                  pclath 000A                    status 0003                    wtemp0 007E  
        __initialization 07EF             __end_of_main 07EF                   ??_main 0033  
                 _ADCON0 001F                   _ADCON1 009F                   _ADRESH 001E  
                 _ADRESL 009E                   ?_putch 0070         __end_of___xxtofl 0324  
      __end_of_UART_Init 0081                   ___flge 01C6                ??___lwdiv 0074  
              ??___lwmod 007C          ADC_Read@channel 0074                   _printf 0324  
                 _prueba 003E                   _puerto 0040               _Prueba_sal 00A2  
              ?_ADC_Init 0070                ?_ADC_Read 0070                ??_salidas 0070  
             ___flge@ff1 0020               ___flge@ff2 0024             ___xxtofl@arg 007A  
           ___xxtofl@exp 0079             ___xxtofl@val 0070  __end_of__initialization 07FC  
         __pcstackCOMMON 0070             __pidataBANK0 0046            __end_of_putch 0058  
             ??_ADC_Init 0070               ??_ADC_Read 0072                  ??_putch 0071  
             __pbssBANK0 003B               __pmaintext 0512                  ?___flge 0020  
                ?_printf 0020              ?_Prueba_sal 0070                ?___xxtofl 0070  
           ??_UART_Write 0070               __stringtab 0003               _incremento 0041  
     __end_of_UART_Write 0064                  ___lwdiv 011C                  ___lwmod 00E2  
                __ptext1 0047                  __ptext2 004B                  __ptext3 0064  
                __ptext4 0081                  __ptext5 00A2                  __ptext6 0160  
                __ptext7 03E7                  __ptext8 0324                  __ptext9 0050  
                _dpowers 0009               ??___xxtofl 0074                  _salidas 0160  
                _nro_pin 0043     end_of_initialization 07FC        __end_of_porte_ent 0050  
      __end_of_porte_sal 004B                _RCSTAbits 0018                  printf@c 002B  
                printf@f 002A              Prueba_sal@i 0075                _UART_Init 0072  
         UART_Write@data 0070            ___xxtofl@sign 0078            ?_port_conf_r1 0070  
          ?_port_conf_r2 0070                _TXSTAbits 0098           __end_of___flge 026A  
             ?_UART_Init 0070           __end_of_printf 03E7      start_initialization 07EF  
            __end_of_ADC 0512           ??_port_conf_r1 0070           ??_port_conf_r2 0070  
               ADC@valor 0031                 ??___flge 0028              __pdataBANK0 0043  
               ??_printf 0022             ??_Prueba_sal 0074                ___latbits 0002  
          __pcstackBANK0 0020                __pnvBANK0 0042         ___lwdiv@dividend 0072  
     __end_of_Prueba_sal 00B7                 ?___lwdiv 0070                 ?___lwmod 0078  
            ??_UART_Init 0070                __pstrings 0003                 _ADC_Init 0090  
               _ADC_Read 00B7                 ?_salidas 0070         ___lwdiv@quotient 0075  
               _GO_nDONE 00FA     __end_of_port_conf_r1 0090     __end_of_port_conf_r2 0072  
              _porte_ent 004B                _porte_sal 0047              __stringbase 0008  
              main@i_211 003A                main@i_206 0036                main@i_207 0037  
              main@i_208 0038                main@i_209 0039               printf@flag 0025  
             printf@prec 0029               ?_porte_ent 0070               ?_porte_sal 0070  
     __end_of__stringtab 0009                 ___xxtofl 026A          ___lwdiv@divisor 0070  
        ___lwdiv@counter 0077                 __ptext10 0058                 __ptext11 00E2  
               __ptext12 011C                 __ptext13 026A                 __ptext14 01C6  
               __ptext15 0072                 __ptext16 00B7                 __ptext17 0090  
               _port_act 0042                printf@val 0027                putch@data 0071  
               salidas@i 0073         ___lwmod@dividend 007A                stringcode 0003  
               printf@ap 0026              ??_porte_ent 0070              ??_porte_sal 0070  
        ___lwmod@divisor 0078          ___lwmod@counter 007D                 stringdir 0003  
               stringtab 0003               _UART_Write 0058             _port_conf_r1 0081  
           _port_conf_r2 0064  
